-- phpMyAdmin SQL Dump
-- version 4.9.4
-- https://www.phpmyadmin.net/
--
-- Host: localhost:3306
-- Waktu pembuatan: 20 Mar 2020 pada 10.36
-- Versi server: 10.2.31-MariaDB-cll-lve
-- Versi PHP: 7.3.6

SET SQL_MODE = "NO_AUTO_VALUE_ON_ZERO";
SET AUTOCOMMIT = 0;
START TRANSACTION;
SET time_zone = "+00:00";


/*!40101 SET @OLD_CHARACTER_SET_CLIENT=@@CHARACTER_SET_CLIENT */;
/*!40101 SET @OLD_CHARACTER_SET_RESULTS=@@CHARACTER_SET_RESULTS */;
/*!40101 SET @OLD_COLLATION_CONNECTION=@@COLLATION_CONNECTION */;
/*!40101 SET NAMES utf8mb4 */;

--
-- Database: `bigstars_tab_absen`
--

-- --------------------------------------------------------

--
-- Struktur dari tabel `admin`
--

CREATE TABLE `admin` (
  `id_admin` char(4) NOT NULL,
  `nama` varchar(50) NOT NULL,
  `username` varchar(50) NOT NULL,
  `password` char(60) NOT NULL,
  `foto` char(6) NOT NULL
) ENGINE=InnoDB DEFAULT CHARSET=latin1;

--
-- Dumping data untuk tabel `admin`
--

INSERT INTO `admin` (`id_admin`, `nama`, `username`, `password`, `foto`) VALUES
('AD01', 'Admin Bigstars', 'bb110', '$2y$10$G.eqSW3QemJ15mXpIF/U3uezqDJHQPlPlvJUKY6TQZW2ugTwVGoYK', 'FAD01'),
('AD02', 'rizkika', 'kaka', '$2y$10$uNGzA6kD9BDaSRCirVujVOAY57Z4DsTpS3hVQQfpfwvWWHmk/JdcS', 'FAD02');

-- --------------------------------------------------------

--
-- Struktur dari tabel `bayar_spp`
--

CREATE TABLE `bayar_spp` (
  `id_bayar_spp` char(13) NOT NULL,
  `id_wali_murid` char(5) NOT NULL,
  `id_admin` char(4) NOT NULL,
  `waktu` datetime NOT NULL,
  `total_pertemuan` int(2) NOT NULL,
  `total_spp` int(10) NOT NULL
) ENGINE=InnoDB DEFAULT CHARSET=latin1;

--
-- Dumping data untuk tabel `bayar_spp`
--

INSERT INTO `bayar_spp` (`id_bayar_spp`, `id_wali_murid`, `id_admin`, `waktu`, `total_pertemuan`, `total_spp`) VALUES
('BS200202-0001', 'WM032', 'AD01', '2020-02-02 08:34:47', 3, 120000),
('BS200202-0002', 'WM011', 'AD01', '2020-02-02 13:23:34', 2, 63000),
('BS200202-0003', 'WM001', 'AD01', '2020-02-02 16:00:51', 5, 250000),
('BS200202-0004', 'WM001', 'AD01', '2020-02-02 16:00:54', 5, 250000),
('BS200202-0005', 'WM002', 'AD01', '2020-02-02 16:01:31', 16, 704000),
('BS200202-0006', 'WM004', 'AD01', '2020-02-02 16:01:59', 19, 855000),
('BS200202-0007', 'WM005', 'AD01', '2020-02-02 16:02:29', 3, 120000),
('BS200202-0008', 'WM006', 'AD01', '2020-02-02 16:02:42', 16, 620000),
('BS200202-0009', 'WM006', 'AD01', '2020-02-02 16:03:23', 5, 195000),
('BS200202-0010', 'WM006', 'AD01', '2020-02-02 16:03:40', 2, 80000),
('BS200202-0011', 'WM004', 'AD01', '2020-02-02 16:04:00', 4, 180000),
('BS200202-0012', 'WM002', 'AD01', '2020-02-02 16:04:17', 3, 131000),
('BS200202-0013', 'WM002', 'AD01', '2020-02-02 16:04:34', 1, 45000),
('BS200202-0014', 'WM008', 'AD01', '2020-02-02 16:05:07', 1, 50000),
('BS200202-0015', 'WM010', 'AD01', '2020-02-02 16:05:26', 15, 645000),
('BS200202-0016', 'WM010', 'AD01', '2020-02-02 16:05:52', 4, 172000),
('BS200202-0017', 'WM013', 'AD01', '2020-02-02 16:06:30', 2, 80000),
('BS200202-0018', 'WM015', 'AD01', '2020-02-02 16:07:00', 2, 80000),
('BS200202-0019', 'WM016', 'AD01', '2020-02-02 16:07:18', 14, 490000),
('BS200202-0020', 'WM016', 'AD01', '2020-02-02 16:08:15', 2, 70000),
('BS200202-0021', 'WM017', 'AD01', '2020-02-02 16:08:33', 7, 245000),
('BS200202-0022', 'WM019', 'AD01', '2020-02-02 16:09:26', 9, 405000),
('BS200202-0023', 'WM020', 'AD01', '2020-02-02 16:10:19', 7, 310000),
('BS200202-0024', 'WM021', 'AD01', '2020-02-02 16:11:04', 10, 610000),
('BS200202-0025', 'WM022', 'AD01', '2020-02-02 16:11:52', 1, 50000),
('BS200202-0026', 'WM024', 'AD01', '2020-02-02 16:12:35', 11, 585000),
('BS200202-0027', 'WM025', 'AD01', '2020-02-02 16:13:46', 11, 440000),
('BS200202-0028', 'WM026', 'AD01', '2020-02-02 16:14:17', 2, 90000),
('BS200202-0029', 'WM025', 'AD01', '2020-02-02 16:14:36', 1, 40000),
('BS200202-0030', 'WM027', 'AD01', '2020-02-02 16:14:58', 9, 315000),
('BS200202-0031', 'WM030', 'AD01', '2020-02-02 16:16:14', 12, 665000),
('BS200202-0032', 'WM030', 'AD01', '2020-02-02 16:16:35', 2, 110000),
('BS200202-0033', 'WM031', 'AD01', '2020-02-02 16:17:19', 7, 399000),
('BS200202-0034', 'WM033', 'AD01', '2020-02-02 16:18:33', 1, 0),
('BS200202-0035', 'WM035', 'AD01', '2020-02-02 16:18:51', 5, 175000),
('BS200202-0036', 'WM036', 'AD01', '2020-02-02 16:19:12', 3, 135000),
('BS200202-0037', 'WM037', 'AD01', '2020-02-02 16:19:31', 3, 135000),
('BS200202-0038', 'WM037', 'AD01', '2020-02-02 16:19:53', 1, 45000),
('BS200301-0001', 'WM001', 'AD01', '2020-03-01 11:20:24', 9, 450000),
('BS200301-0002', 'WM002', 'AD01', '2020-03-01 11:21:10', 29, 1275000),
('BS200301-0003', 'WM002', 'AD01', '2020-03-01 11:21:33', 9, 397000),
('BS200301-0004', 'WM004', 'AD01', '2020-03-01 11:21:56', 20, 900000),
('BS200301-0005', 'WM005', 'AD01', '2020-03-01 11:22:17', 8, 320000),
('BS200301-0006', 'WM006', 'AD01', '2020-03-01 11:22:49', 42, 1800000),
('BS200301-0007', 'WM008', 'AD01', '2020-03-01 11:23:13', 15, 885000),
('BS200301-0008', 'WM010', 'AD01', '2020-03-01 11:23:37', 11, 473000),
('BS200301-0009', 'WM011', 'AD01', '2020-03-01 11:24:10', 11, 415000),
('BS200301-0010', 'WM013', 'AD01', '2020-03-01 11:24:34', 18, 670000),
('BS200301-0011', 'WM006', 'AD01', '2020-03-01 11:25:05', 22, 950000),
('BS200301-0012', 'WM014', 'AD01', '2020-03-01 11:25:48', 1, 40000),
('BS200301-0013', 'WM015', 'AD01', '2020-03-01 11:25:58', 4, 160000),
('BS200301-0014', 'WM016', 'AD01', '2020-03-01 11:26:13', 15, 525000),
('BS200301-0015', 'WM017', 'AD01', '2020-03-01 11:27:04', 5, 175000),
('BS200301-0016', 'WM019', 'AD01', '2020-03-01 11:27:51', 1, 45000),
('BS200301-0017', 'WM020', 'AD01', '2020-03-01 11:28:01', 4, 170000),
('BS200301-0018', 'WM021', 'AD01', '2020-03-01 11:28:14', 13, 765000),
('BS200301-0019', 'WM022', 'AD01', '2020-03-01 11:29:14', 5, 250000),
('BS200301-0020', 'WM024', 'AD01', '2020-03-01 11:29:39', 21, 1092000),
('BS200301-0021', 'WM025', 'AD01', '2020-03-01 11:30:17', 9, 360000),
('BS200301-0022', 'WM026', 'AD01', '2020-03-01 11:30:38', 7, 315000),
('BS200301-0023', 'WM027', 'AD01', '2020-03-01 11:30:54', 12, 420000),
('BS200301-0024', 'WM029', 'AD01', '2020-03-01 11:31:40', 3, 165000),
('BS200301-0025', 'WM030', 'AD01', '2020-03-01 11:31:52', 14, 770000),
('BS200301-0026', 'WM031', 'AD01', '2020-03-01 11:32:21', 7, 399000),
('BS200301-0027', 'WM032', 'AD01', '2020-03-01 11:33:12', 10, 400000),
('BS200301-0028', 'WM033', 'AD01', '2020-03-01 11:33:34', 3, 0),
('BS200301-0029', 'WM034', 'AD01', '2020-03-01 11:33:44', 6, 0),
('BS200301-0030', 'WM035', 'AD01', '2020-03-01 11:34:01', 4, 140000),
('BS200301-0031', 'WM036', 'AD01', '2020-03-01 11:34:14', 4, 180000),
('BS200301-0032', 'WM037', 'AD01', '2020-03-01 11:34:28', 8, 360000),
('BS200301-0033', 'WM038', 'AD01', '2020-03-01 12:26:48', 11, 495000);

-- --------------------------------------------------------

--
-- Struktur dari tabel `detail_bayar_spp`
--

CREATE TABLE `detail_bayar_spp` (
  `id_detail_bayar_spp` int(11) NOT NULL,
  `id_bayar_spp` char(13) NOT NULL,
  `id_pertemuan` char(13) NOT NULL
) ENGINE=InnoDB DEFAULT CHARSET=latin1;

--
-- Dumping data untuk tabel `detail_bayar_spp`
--

INSERT INTO `detail_bayar_spp` (`id_detail_bayar_spp`, `id_bayar_spp`, `id_pertemuan`) VALUES
(9, 'BS200202-0001', 'PT200129-0002'),
(10, 'BS200202-0001', 'PT200118-0001'),
(11, 'BS200202-0001', 'PT200122-0002'),
(12, 'BS200202-0001', 'PT200118-0001'),
(13, 'BS200202-0001', 'PT200129-0002'),
(14, 'BS200202-0001', 'PT200122-0002'),
(15, 'BS200202-0002', 'PT200115-0004'),
(16, 'BS200202-0002', 'PT200115-0006'),
(17, 'BS200202-0004', 'PT200114-0009'),
(18, 'BS200202-0004', 'PT200121-0008'),
(19, 'BS200202-0004', 'PT200126-0002'),
(20, 'BS200202-0004', 'PT200130-0009'),
(21, 'BS200202-0004', 'PT200116-0006'),
(22, 'BS200202-0005', 'PT200121-0011'),
(23, 'BS200202-0005', 'PT200115-0013'),
(24, 'BS200202-0005', 'PT200121-0009'),
(25, 'BS200202-0005', 'PT200122-0010'),
(26, 'BS200202-0005', 'PT200120-0010'),
(27, 'BS200202-0005', 'PT200120-0001'),
(28, 'BS200202-0005', 'PT200119-0001'),
(29, 'BS200202-0005', 'PT200115-0016'),
(30, 'BS200202-0005', 'PT200115-0016'),
(31, 'BS200202-0005', 'PT200122-0011'),
(32, 'BS200202-0005', 'PT200123-0004'),
(33, 'BS200202-0005', 'PT200127-0008'),
(34, 'BS200202-0005', 'PT200121-0009'),
(35, 'BS200202-0005', 'PT200128-0007'),
(36, 'BS200202-0005', 'PT200122-0010'),
(37, 'BS200202-0005', 'PT200128-0008'),
(38, 'BS200202-0006', 'PT200113-0007'),
(39, 'BS200202-0006', 'PT200128-0006'),
(40, 'BS200202-0006', 'PT200125-0001'),
(41, 'BS200202-0006', 'PT200125-0003'),
(42, 'BS200202-0006', 'PT200114-0007'),
(43, 'BS200202-0006', 'PT200129-0006'),
(44, 'BS200202-0006', 'PT200126-0011'),
(45, 'BS200202-0006', 'PT200127-0006'),
(46, 'BS200202-0006', 'PT200125-0004'),
(47, 'BS200202-0006', 'PT200130-0006'),
(48, 'BS200202-0006', 'PT200123-0008'),
(49, 'BS200202-0006', 'PT200130-0006'),
(50, 'BS200202-0006', 'PT200125-0004'),
(51, 'BS200202-0006', 'PT200125-0002'),
(52, 'BS200202-0006', 'PT200122-0007'),
(53, 'BS200202-0006', 'PT200126-0011'),
(54, 'BS200202-0006', 'PT200131-0008'),
(55, 'BS200202-0006', 'PT200124-0005'),
(56, 'BS200202-0006', 'PT200129-0006'),
(57, 'BS200202-0006', 'PT200125-0003'),
(58, 'BS200202-0007', 'PT200114-0011'),
(59, 'BS200202-0007', 'PT200131-0011'),
(60, 'BS200202-0007', 'PT200117-0006'),
(61, 'BS200202-0007', 'PT200131-0011'),
(62, 'BS200202-0007', 'PT200117-0006'),
(63, 'BS200202-0008', 'PT200113-0004'),
(64, 'BS200202-0008', 'PT200124-0006'),
(65, 'BS200202-0008', 'PT200130-0008'),
(66, 'BS200202-0008', 'PT200123-0001'),
(67, 'BS200202-0008', 'PT200128-0005'),
(68, 'BS200202-0008', 'PT200124-0006'),
(69, 'BS200202-0008', 'PT200131-0010'),
(70, 'BS200202-0008', 'PT200129-0009'),
(71, 'BS200202-0008', 'PT200128-0005'),
(72, 'BS200202-0008', 'PT200202-0001'),
(73, 'BS200202-0008', 'PT200129-0009'),
(74, 'BS200202-0008', 'PT200124-0003'),
(75, 'BS200202-0008', 'PT200131-0010'),
(76, 'BS200202-0008', 'PT200130-0008'),
(77, 'BS200202-0008', 'PT200130-0003'),
(78, 'BS200202-0008', 'PT200130-0003'),
(79, 'BS200202-0008', 'PT200202-0002'),
(80, 'BS200202-0008', 'PT200124-0003'),
(81, 'BS200202-0008', 'PT200202-0001'),
(82, 'BS200202-0009', 'PT200114-0008'),
(83, 'BS200202-0009', 'PT200120-0002'),
(84, 'BS200202-0009', 'PT200122-0009'),
(85, 'BS200202-0010', 'PT200120-0011'),
(86, 'BS200202-0010', 'PT200121-0006'),
(87, 'BS200202-0011', 'PT200115-0009'),
(88, 'BS200202-0011', 'PT200116-0004'),
(89, 'BS200202-0011', 'PT200117-0004'),
(90, 'BS200202-0011', 'PT200120-0009'),
(91, 'BS200202-0012', 'PT200130-0007'),
(92, 'BS200202-0012', 'PT200131-0014'),
(93, 'BS200202-0013', 'PT200131-0015'),
(94, 'BS200202-0014', 'PT200120-0012'),
(95, 'BS200202-0015', 'PT200115-0012'),
(96, 'BS200202-0015', 'PT200124-0004'),
(97, 'BS200202-0015', 'PT200126-0003'),
(98, 'BS200202-0015', 'PT200126-0005'),
(99, 'BS200202-0015', 'PT200126-0003'),
(100, 'BS200202-0015', 'PT200126-0010'),
(101, 'BS200202-0015', 'PT200123-0003'),
(102, 'BS200202-0015', 'PT200126-0004'),
(103, 'BS200202-0015', 'PT200126-0006'),
(104, 'BS200202-0015', 'PT200123-0003'),
(105, 'BS200202-0015', 'PT200126-0004'),
(106, 'BS200202-0015', 'PT200126-0010'),
(107, 'BS200202-0015', 'PT200129-0003'),
(108, 'BS200202-0015', 'PT200131-0009'),
(109, 'BS200202-0015', 'PT200126-0006'),
(110, 'BS200202-0015', 'PT200124-0004'),
(111, 'BS200202-0015', 'PT200126-0005'),
(112, 'BS200202-0015', 'PT200128-0001'),
(113, 'BS200202-0016', 'PT200122-0004'),
(114, 'BS200202-0016', 'PT200120-0005'),
(115, 'BS200202-0016', 'PT200117-0002'),
(116, 'BS200202-0016', 'PT200121-0005'),
(117, 'BS200202-0016', 'PT200120-0005'),
(118, 'BS200202-0016', 'PT200117-0002'),
(119, 'BS200202-0016', 'PT200122-0004'),
(120, 'BS200202-0017', 'PT200117-0005'),
(121, 'BS200202-0017', 'PT200131-0005'),
(122, 'BS200202-0018', 'PT200114-0006'),
(123, 'BS200202-0018', 'PT200129-0008'),
(124, 'BS200202-0019', 'PT200125-0008'),
(125, 'BS200202-0019', 'PT200125-0012'),
(126, 'BS200202-0019', 'PT200125-0009'),
(127, 'BS200202-0019', 'PT200125-0010'),
(128, 'BS200202-0019', 'PT200125-0013'),
(129, 'BS200202-0019', 'PT200125-0011'),
(130, 'BS200202-0019', 'PT200125-0008'),
(131, 'BS200202-0019', 'PT200125-0011'),
(132, 'BS200202-0019', 'PT200128-0002'),
(133, 'BS200202-0019', 'PT200125-0010'),
(134, 'BS200202-0019', 'PT200131-0006'),
(135, 'BS200202-0019', 'PT200125-0012'),
(136, 'BS200202-0019', 'PT200129-0005'),
(137, 'BS200202-0019', 'PT200125-0014'),
(138, 'BS200202-0019', 'PT200125-0009'),
(139, 'BS200202-0019', 'PT200125-0019'),
(140, 'BS200202-0019', 'PT200125-0013'),
(141, 'BS200202-0019', 'PT200125-0018'),
(142, 'BS200202-0020', 'PT200125-0015'),
(143, 'BS200202-0020', 'PT200125-0016'),
(144, 'BS200202-0021', 'PT200131-0026'),
(145, 'BS200202-0021', 'PT200131-0032'),
(146, 'BS200202-0021', 'PT200131-0030'),
(147, 'BS200202-0021', 'PT200131-0027'),
(148, 'BS200202-0021', 'PT200131-0029'),
(149, 'BS200202-0021', 'PT200131-0028'),
(150, 'BS200202-0021', 'PT200131-0031'),
(151, 'BS200202-0021', 'PT200131-0027'),
(152, 'BS200202-0021', 'PT200131-0030'),
(153, 'BS200202-0021', 'PT200131-0028'),
(154, 'BS200202-0021', 'PT200131-0029'),
(155, 'BS200202-0021', 'PT200131-0026'),
(156, 'BS200202-0022', 'PT200113-0006'),
(157, 'BS200202-0022', 'PT200120-0004'),
(158, 'BS200202-0022', 'PT200113-0005'),
(159, 'BS200202-0022', 'PT200120-0006'),
(160, 'BS200202-0022', 'PT200127-0002'),
(161, 'BS200202-0022', 'PT200121-0001'),
(162, 'BS200202-0022', 'PT200114-0001'),
(163, 'BS200202-0022', 'PT200127-0004'),
(164, 'BS200202-0022', 'PT200121-0001'),
(165, 'BS200202-0022', 'PT200128-0004'),
(166, 'BS200202-0022', 'PT200127-0002'),
(167, 'BS200202-0023', 'PT200115-0001'),
(168, 'BS200202-0023', 'PT200130-0011'),
(169, 'BS200202-0023', 'PT200116-0007'),
(170, 'BS200202-0023', 'PT200115-0015'),
(171, 'BS200202-0023', 'PT200121-0007'),
(172, 'BS200202-0023', 'PT200130-0010'),
(173, 'BS200202-0023', 'PT200116-0007'),
(174, 'BS200202-0023', 'PT200123-0010'),
(175, 'BS200202-0023', 'PT200123-0010'),
(176, 'BS200202-0023', 'PT200121-0007'),
(177, 'BS200202-0023', 'PT200115-0001'),
(178, 'BS200202-0023', 'PT200115-0015'),
(179, 'BS200202-0024', 'PT200116-0001'),
(180, 'BS200202-0024', 'PT200113-0003'),
(181, 'BS200202-0024', 'PT200114-0002'),
(182, 'BS200202-0024', 'PT200121-0002'),
(183, 'BS200202-0024', 'PT200120-0003'),
(184, 'BS200202-0024', 'PT200127-0001'),
(185, 'BS200202-0024', 'PT200125-0006'),
(186, 'BS200202-0024', 'PT200130-0002'),
(187, 'BS200202-0024', 'PT200116-0001'),
(188, 'BS200202-0024', 'PT200121-0002'),
(189, 'BS200202-0024', 'PT200122-0003'),
(190, 'BS200202-0024', 'PT200125-0005'),
(191, 'BS200202-0025', 'PT200131-0013'),
(192, 'BS200202-0026', 'PT200114-0005'),
(193, 'BS200202-0026', 'PT200115-0003'),
(194, 'BS200202-0026', 'PT200123-0009'),
(195, 'BS200202-0026', 'PT200122-0005'),
(196, 'BS200202-0026', 'PT200114-0010'),
(197, 'BS200202-0026', 'PT200122-0008'),
(198, 'BS200202-0026', 'PT200128-0009'),
(199, 'BS200202-0026', 'PT200115-0005'),
(200, 'BS200202-0026', 'PT200122-0008'),
(201, 'BS200202-0026', 'PT200123-0009'),
(202, 'BS200202-0026', 'PT200115-0005'),
(203, 'BS200202-0026', 'PT200114-0010'),
(204, 'BS200202-0026', 'PT200131-0007'),
(205, 'BS200202-0026', 'PT200128-0003'),
(206, 'BS200202-0026', 'PT200131-0018'),
(207, 'BS200202-0027', 'PT200115-0007'),
(208, 'BS200202-0027', 'PT200116-0005'),
(209, 'BS200202-0027', 'PT200122-0006'),
(210, 'BS200202-0027', 'PT200120-0008'),
(211, 'BS200202-0027', 'PT200126-0007'),
(212, 'BS200202-0027', 'PT200122-0006'),
(213, 'BS200202-0027', 'PT200126-0008'),
(214, 'BS200202-0027', 'PT200129-0004'),
(215, 'BS200202-0027', 'PT200127-0005'),
(216, 'BS200202-0027', 'PT200130-0005'),
(217, 'BS200202-0027', 'PT200116-0005'),
(218, 'BS200202-0027', 'PT200126-0009'),
(219, 'BS200202-0028', 'PT200121-0003'),
(220, 'BS200202-0028', 'PT200131-0003'),
(221, 'BS200202-0029', 'PT200123-0005'),
(222, 'BS200202-0030', 'PT200131-0016'),
(223, 'BS200202-0030', 'PT200131-0017'),
(224, 'BS200202-0030', 'PT200131-0022'),
(225, 'BS200202-0030', 'PT200131-0020'),
(226, 'BS200202-0030', 'PT200131-0019'),
(227, 'BS200202-0030', 'PT200131-0021'),
(228, 'BS200202-0030', 'PT200131-0025'),
(229, 'BS200202-0030', 'PT200131-0023'),
(230, 'BS200202-0030', 'PT200131-0024'),
(231, 'BS200202-0031', 'PT200114-0003'),
(232, 'BS200202-0031', 'PT200131-0001'),
(233, 'BS200202-0031', 'PT200124-0001'),
(234, 'BS200202-0031', 'PT200115-0008'),
(235, 'BS200202-0031', 'PT200131-0001'),
(236, 'BS200202-0031', 'PT200114-0003'),
(237, 'BS200202-0031', 'PT200124-0007'),
(238, 'BS200202-0031', 'PT200127-0003'),
(239, 'BS200202-0031', 'PT200114-0004'),
(240, 'BS200202-0031', 'PT200123-0002'),
(241, 'BS200202-0031', 'PT200124-0007'),
(242, 'BS200202-0031', 'PT200116-0002'),
(243, 'BS200202-0031', 'PT200121-0004'),
(244, 'BS200202-0031', 'PT200127-0003'),
(245, 'BS200202-0032', 'PT200117-0003'),
(246, 'BS200202-0032', 'PT200120-0007'),
(247, 'BS200202-0033', 'PT200115-0014'),
(248, 'BS200202-0033', 'PT200117-0007'),
(249, 'BS200202-0033', 'PT200121-0010'),
(250, 'BS200202-0033', 'PT200129-0007'),
(251, 'BS200202-0033', 'PT200122-0012'),
(252, 'BS200202-0033', 'PT200131-0012'),
(253, 'BS200202-0033', 'PT200125-0007'),
(254, 'BS200202-0034', 'PT200126-0001'),
(255, 'BS200202-0035', 'PT200115-0002'),
(256, 'BS200202-0035', 'PT200117-0001'),
(257, 'BS200202-0035', 'PT200122-0001'),
(258, 'BS200202-0035', 'PT200129-0001'),
(259, 'BS200202-0035', 'PT200131-0002'),
(260, 'BS200202-0036', 'PT200116-0003'),
(261, 'BS200202-0036', 'PT200123-0006'),
(262, 'BS200202-0036', 'PT200130-0001'),
(263, 'BS200202-0036', 'PT200130-0001'),
(264, 'BS200202-0036', 'PT200123-0006'),
(265, 'BS200202-0037', 'PT200120-0013'),
(266, 'BS200202-0037', 'PT200127-0007'),
(267, 'BS200202-0038', 'PT200129-0010'),
(268, 'BS200301-0001', 'PT200204-0016'),
(269, 'BS200301-0001', 'PT200211-0014'),
(270, 'BS200301-0001', 'PT200223-0001'),
(271, 'BS200301-0001', 'PT200220-0008'),
(272, 'BS200301-0001', 'PT200209-0003'),
(273, 'BS200301-0001', 'PT200218-0009'),
(274, 'BS200301-0001', 'PT200213-0011'),
(275, 'BS200301-0001', 'PT200227-0009'),
(276, 'BS200301-0001', 'PT200225-0006'),
(277, 'BS200301-0002', 'PT200224-0004'),
(278, 'BS200301-0002', 'PT200212-0016'),
(279, 'BS200301-0002', 'PT200217-0013'),
(280, 'BS200301-0002', 'PT200205-0019'),
(281, 'BS200301-0002', 'PT200204-0023'),
(282, 'BS200301-0002', 'PT200211-0016'),
(283, 'BS200301-0002', 'PT200212-0020'),
(284, 'BS200301-0002', 'PT200218-0008'),
(285, 'BS200301-0002', 'PT200210-0010'),
(286, 'BS200301-0002', 'PT200213-0007'),
(287, 'BS200301-0002', 'PT200206-0014'),
(288, 'BS200301-0002', 'PT200204-0019'),
(289, 'BS200301-0002', 'PT200217-0010'),
(290, 'BS200301-0002', 'PT200219-0011'),
(291, 'BS200301-0002', 'PT200210-0012'),
(292, 'BS200301-0002', 'PT200205-0014'),
(293, 'BS200301-0002', 'PT200220-0003'),
(294, 'BS200301-0002', 'PT200211-0013'),
(295, 'BS200301-0002', 'PT200206-0008'),
(296, 'BS200301-0002', 'PT200220-0007'),
(297, 'BS200301-0003', 'PT200224-0007'),
(298, 'BS200301-0003', 'PT200229-0019'),
(299, 'BS200301-0003', 'PT200218-0014'),
(300, 'BS200301-0003', 'PT200229-0020'),
(301, 'BS200301-0003', 'PT200226-0008'),
(302, 'BS200301-0003', 'PT200227-0003'),
(303, 'BS200301-0003', 'PT200218-0014'),
(304, 'BS200301-0003', 'PT200223-0005'),
(305, 'BS200301-0003', 'PT200229-0020'),
(306, 'BS200301-0003', 'PT200219-0009'),
(307, 'BS200301-0003', 'PT200219-0009'),
(308, 'BS200301-0003', 'PT200224-0007'),
(309, 'BS200301-0003', 'PT200226-0008'),
(310, 'BS200301-0003', 'PT200226-0011'),
(311, 'BS200301-0003', 'PT200223-0005'),
(312, 'BS200301-0003', 'PT200227-0003'),
(313, 'BS200301-0003', 'PT200229-0019'),
(314, 'BS200301-0003', 'PT200226-0011'),
(315, 'BS200301-0004', 'PT200211-0008'),
(316, 'BS200301-0004', 'PT200203-0011'),
(317, 'BS200301-0004', 'PT200210-0008'),
(318, 'BS200301-0004', 'PT200214-0004'),
(319, 'BS200301-0004', 'PT200216-0004'),
(320, 'BS200301-0004', 'PT200205-0008'),
(321, 'BS200301-0004', 'PT200206-0009'),
(322, 'BS200301-0004', 'PT200213-0009'),
(323, 'BS200301-0004', 'PT200217-0007'),
(324, 'BS200301-0004', 'PT200219-0006'),
(325, 'BS200301-0004', 'PT200212-0011'),
(326, 'BS200301-0004', 'PT200225-0008'),
(327, 'BS200301-0004', 'PT200221-0002'),
(328, 'BS200301-0004', 'PT200227-0008'),
(329, 'BS200301-0004', 'PT200228-0006'),
(330, 'BS200301-0004', 'PT200223-0004'),
(331, 'BS200301-0004', 'PT200204-0013'),
(332, 'BS200301-0004', 'PT200224-0008'),
(333, 'BS200301-0004', 'PT200218-0006'),
(334, 'BS200301-0005', 'PT200218-0012'),
(335, 'BS200301-0005', 'PT200204-0021'),
(336, 'BS200301-0005', 'PT200205-0018'),
(337, 'BS200301-0005', 'PT200211-0015'),
(338, 'BS200301-0005', 'PT200214-0008'),
(339, 'BS200301-0005', 'PT200221-0007'),
(340, 'BS200301-0005', 'PT200214-0008'),
(341, 'BS200301-0005', 'PT200228-0012'),
(342, 'BS200301-0005', 'PT200228-0012'),
(343, 'BS200301-0005', 'PT200225-0010'),
(344, 'BS200301-0005', 'PT200218-0012'),
(345, 'BS200301-0005', 'PT200211-0015'),
(346, 'BS200301-0005', 'PT200205-0018'),
(347, 'BS200301-0005', 'PT200221-0007'),
(348, 'BS200301-0005', 'PT200204-0021'),
(349, 'BS200301-0005', 'PT200225-0010'),
(350, 'BS200301-0006', 'PT200204-0017'),
(351, 'BS200301-0006', 'PT200218-0004'),
(352, 'BS200301-0006', 'PT200210-0007'),
(353, 'BS200301-0006', 'PT200208-0006'),
(354, 'BS200301-0006', 'PT200203-0004'),
(355, 'BS200301-0006', 'PT200204-0014'),
(356, 'BS200301-0006', 'PT200206-0011'),
(357, 'BS200301-0006', 'PT200206-0003'),
(358, 'BS200301-0006', 'PT200212-0007'),
(359, 'BS200301-0006', 'PT200212-0008'),
(360, 'BS200301-0006', 'PT200211-0012'),
(361, 'BS200301-0006', 'PT200208-0005'),
(362, 'BS200301-0006', 'PT200203-0012'),
(363, 'BS200301-0006', 'PT200204-0015'),
(364, 'BS200301-0006', 'PT200205-0010'),
(365, 'BS200301-0006', 'PT200210-0002'),
(366, 'BS200301-0006', 'PT200207-0006'),
(367, 'BS200301-0006', 'PT200211-0005'),
(368, 'BS200301-0006', 'PT200212-0006'),
(369, 'BS200301-0006', 'PT200206-0007'),
(370, 'BS200301-0007', 'PT200204-0026'),
(371, 'BS200301-0007', 'PT200219-0014'),
(372, 'BS200301-0007', 'PT200203-0009'),
(373, 'BS200301-0007', 'PT200212-0015'),
(374, 'BS200301-0007', 'PT200227-0012'),
(375, 'BS200301-0007', 'PT200217-0006'),
(376, 'BS200301-0007', 'PT200224-0006'),
(377, 'BS200301-0007', 'PT200221-0006'),
(378, 'BS200301-0007', 'PT200214-0005'),
(379, 'BS200301-0007', 'PT200212-0015'),
(380, 'BS200301-0007', 'PT200210-0005'),
(381, 'BS200301-0007', 'PT200228-0007'),
(382, 'BS200301-0007', 'PT200218-0011'),
(383, 'BS200301-0007', 'PT200225-0007'),
(384, 'BS200301-0007', 'PT200227-0005'),
(385, 'BS200301-0007', 'PT200218-0011'),
(386, 'BS200301-0007', 'PT200220-0002'),
(387, 'BS200301-0007', 'PT200203-0009'),
(388, 'BS200301-0007', 'PT200217-0006'),
(389, 'BS200301-0008', 'PT200211-0006'),
(390, 'BS200301-0008', 'PT200203-0006'),
(391, 'BS200301-0008', 'PT200207-0004'),
(392, 'BS200301-0008', 'PT200204-0009'),
(393, 'BS200301-0008', 'PT200210-0003'),
(394, 'BS200301-0008', 'PT200229-0015'),
(395, 'BS200301-0008', 'PT200206-0013'),
(396, 'BS200301-0008', 'PT200207-0004'),
(397, 'BS200301-0008', 'PT200211-0006'),
(398, 'BS200301-0008', 'PT200229-0016'),
(399, 'BS200301-0008', 'PT200212-0003'),
(400, 'BS200301-0008', 'PT200206-0013'),
(401, 'BS200301-0008', 'PT200203-0006'),
(402, 'BS200301-0008', 'PT200210-0003'),
(403, 'BS200301-0008', 'PT200214-0002'),
(404, 'BS200301-0008', 'PT200212-0003'),
(405, 'BS200301-0008', 'PT200204-0009'),
(406, 'BS200301-0008', 'PT200214-0002'),
(407, 'BS200301-0008', 'PT200229-0014'),
(408, 'BS200301-0009', 'PT200206-0005'),
(409, 'BS200301-0009', 'PT200203-0002'),
(410, 'BS200301-0009', 'PT200204-0001'),
(411, 'BS200301-0009', 'PT200203-0001'),
(412, 'BS200301-0009', 'PT200208-0001'),
(413, 'BS200301-0009', 'PT200204-0001'),
(414, 'BS200301-0009', 'PT200204-0002'),
(415, 'BS200301-0009', 'PT200206-0004'),
(416, 'BS200301-0009', 'PT200206-0005'),
(417, 'BS200301-0009', 'PT200229-0026'),
(418, 'BS200301-0009', 'PT200208-0002'),
(419, 'BS200301-0009', 'PT200208-0004'),
(420, 'BS200301-0009', 'PT200204-0002'),
(421, 'BS200301-0009', 'PT200203-0002'),
(422, 'BS200301-0009', 'PT200229-0025'),
(423, 'BS200301-0009', 'PT200208-0004'),
(424, 'BS200301-0009', 'PT200206-0004'),
(425, 'BS200301-0009', 'PT200208-0002'),
(426, 'BS200301-0009', 'PT200229-0025'),
(427, 'BS200301-0010', 'PT200204-0003'),
(428, 'BS200301-0010', 'PT200206-0006'),
(429, 'BS200301-0010', 'PT200219-0012'),
(430, 'BS200301-0010', 'PT200208-0003'),
(431, 'BS200301-0010', 'PT200228-0005'),
(432, 'BS200301-0010', 'PT200229-0031'),
(433, 'BS200301-0010', 'PT200211-0002'),
(434, 'BS200301-0010', 'PT200229-0021'),
(435, 'BS200301-0010', 'PT200205-0004'),
(436, 'BS200301-0010', 'PT200229-0034'),
(437, 'BS200301-0010', 'PT200212-0019'),
(438, 'BS200301-0010', 'PT200207-0003'),
(439, 'BS200301-0010', 'PT200214-0001'),
(440, 'BS200301-0010', 'PT200229-0031'),
(441, 'BS200301-0010', 'PT200229-0035'),
(442, 'BS200301-0010', 'PT200229-0021'),
(443, 'BS200301-0010', 'PT200229-0033'),
(444, 'BS200301-0010', 'PT200222-0001'),
(445, 'BS200301-0010', 'PT200229-0032'),
(446, 'BS200301-0010', 'PT200226-0009'),
(447, 'BS200301-0011', 'PT200229-0013'),
(448, 'BS200301-0011', 'PT200226-0006'),
(449, 'BS200301-0011', 'PT200229-0012'),
(450, 'BS200301-0011', 'PT200224-0009'),
(451, 'BS200301-0011', 'PT200217-0008'),
(452, 'BS200301-0011', 'PT200229-0005'),
(453, 'BS200301-0011', 'PT200225-0003'),
(454, 'BS200301-0011', 'PT200229-0009'),
(455, 'BS200301-0011', 'PT200213-0002'),
(456, 'BS200301-0011', 'PT200220-0005'),
(457, 'BS200301-0011', 'PT200228-0004'),
(458, 'BS200301-0011', 'PT200221-0001'),
(459, 'BS200301-0011', 'PT200219-0002'),
(460, 'BS200301-0011', 'PT200224-0001'),
(461, 'BS200301-0011', 'PT200227-0002'),
(462, 'BS200301-0011', 'PT200217-0003'),
(463, 'BS200301-0011', 'PT200229-0008'),
(464, 'BS200301-0011', 'PT200229-0007'),
(465, 'BS200301-0011', 'PT200229-0006'),
(466, 'BS200301-0011', 'PT200225-0005'),
(467, 'BS200301-0012', 'PT200204-0012'),
(468, 'BS200301-0013', 'PT200212-0009'),
(469, 'BS200301-0013', 'PT200205-0006'),
(470, 'BS200301-0013', 'PT200219-0008'),
(471, 'BS200301-0013', 'PT200228-0008'),
(472, 'BS200301-0013', 'PT200212-0009'),
(473, 'BS200301-0013', 'PT200219-0008'),
(474, 'BS200301-0013', 'PT200228-0008'),
(475, 'BS200301-0013', 'PT200205-0006'),
(476, 'BS200301-0014', 'PT200207-0005'),
(477, 'BS200301-0014', 'PT200219-0004'),
(478, 'BS200301-0014', 'PT200205-0005'),
(479, 'BS200301-0014', 'PT200204-0010'),
(480, 'BS200301-0014', 'PT200203-0007'),
(481, 'BS200301-0014', 'PT200224-0005'),
(482, 'BS200301-0014', 'PT200221-0003'),
(483, 'BS200301-0014', 'PT200214-0003'),
(484, 'BS200301-0014', 'PT200211-0004'),
(485, 'BS200301-0014', 'PT200213-0006'),
(486, 'BS200301-0014', 'PT200218-0005'),
(487, 'BS200301-0014', 'PT200228-0003'),
(488, 'BS200301-0014', 'PT200210-0006'),
(489, 'BS200301-0014', 'PT200212-0004'),
(490, 'BS200301-0014', 'PT200207-0005'),
(491, 'BS200301-0014', 'PT200213-0006'),
(492, 'BS200301-0014', 'PT200217-0004'),
(493, 'BS200301-0014', 'PT200205-0005'),
(494, 'BS200301-0014', 'PT200203-0007'),
(495, 'BS200301-0015', 'PT200226-0004'),
(496, 'BS200301-0015', 'PT200205-0002'),
(497, 'BS200301-0015', 'PT200219-0003'),
(498, 'BS200301-0015', 'PT200220-0001'),
(499, 'BS200301-0015', 'PT200213-0003'),
(500, 'BS200301-0015', 'PT200220-0001'),
(501, 'BS200301-0015', 'PT200213-0003'),
(502, 'BS200301-0015', 'PT200226-0004'),
(503, 'BS200301-0015', 'PT200205-0002'),
(504, 'BS200301-0015', 'PT200219-0003'),
(505, 'BS200301-0016', 'PT200213-0010'),
(506, 'BS200301-0017', 'PT200204-0022'),
(507, 'BS200301-0017', 'PT200204-0025'),
(508, 'BS200301-0017', 'PT200206-0002'),
(509, 'BS200301-0017', 'PT200205-0015'),
(510, 'BS200301-0017', 'PT200204-0025'),
(511, 'BS200301-0017', 'PT200206-0002'),
(512, 'BS200301-0017', 'PT200204-0022'),
(513, 'BS200301-0017', 'PT200205-0015'),
(514, 'BS200301-0018', 'PT200202-0003'),
(515, 'BS200301-0018', 'PT200218-0002'),
(516, 'BS200301-0018', 'PT200225-0002'),
(517, 'BS200301-0018', 'PT200224-0002'),
(518, 'BS200301-0018', 'PT200217-0001'),
(519, 'BS200301-0018', 'PT200204-0007'),
(520, 'BS200301-0018', 'PT200227-0001'),
(521, 'BS200301-0018', 'PT200203-0003'),
(522, 'BS200301-0018', 'PT200211-0003'),
(523, 'BS200301-0018', 'PT200210-0001'),
(524, 'BS200301-0018', 'PT200216-0003'),
(525, 'BS200301-0018', 'PT200204-0007'),
(526, 'BS200301-0018', 'PT200209-0004'),
(527, 'BS200301-0018', 'PT200213-0001'),
(528, 'BS200301-0018', 'PT200203-0003'),
(529, 'BS200301-0018', 'PT200202-0003'),
(530, 'BS200301-0018', 'PT200210-0001'),
(531, 'BS200301-0018', 'PT200216-0003'),
(532, 'BS200301-0018', 'PT200211-0003'),
(533, 'BS200301-0019', 'PT200218-0007'),
(534, 'BS200301-0019', 'PT200204-0004'),
(535, 'BS200301-0019', 'PT200204-0018'),
(536, 'BS200301-0019', 'PT200220-0010'),
(537, 'BS200301-0019', 'PT200219-0013'),
(538, 'BS200301-0019', 'PT200219-0013'),
(539, 'BS200301-0019', 'PT200204-0004'),
(540, 'BS200301-0019', 'PT200220-0010'),
(541, 'BS200301-0019', 'PT200218-0007'),
(542, 'BS200301-0019', 'PT200204-0018'),
(543, 'BS200301-0020', 'PT200209-0002'),
(544, 'BS200301-0020', 'PT200201-0003'),
(545, 'BS200301-0020', 'PT200206-0015'),
(546, 'BS200301-0020', 'PT200223-0002'),
(547, 'BS200301-0020', 'PT200221-0008'),
(548, 'BS200301-0020', 'PT200216-0001'),
(549, 'BS200301-0020', 'PT200226-0003'),
(550, 'BS200301-0020', 'PT200211-0010'),
(551, 'BS200301-0020', 'PT200204-0011'),
(552, 'BS200301-0020', 'PT200218-0013'),
(553, 'BS200301-0020', 'PT200211-0011'),
(554, 'BS200301-0020', 'PT200203-0010'),
(555, 'BS200301-0020', 'PT200212-0012'),
(556, 'BS200301-0020', 'PT200227-0006'),
(557, 'BS200301-0020', 'PT200206-0017'),
(558, 'BS200301-0020', 'PT200217-0005'),
(559, 'BS200301-0020', 'PT200221-0009'),
(560, 'BS200301-0020', 'PT200227-0011'),
(561, 'BS200301-0020', 'PT200222-0004'),
(562, 'BS200301-0021', 'PT200206-0016'),
(563, 'BS200301-0021', 'PT200203-0008'),
(564, 'BS200301-0021', 'PT200223-0003'),
(565, 'BS200301-0021', 'PT200212-0005'),
(566, 'BS200301-0021', 'PT200213-0008'),
(567, 'BS200301-0021', 'PT200229-0018'),
(568, 'BS200301-0021', 'PT200229-0017'),
(569, 'BS200301-0021', 'PT200217-0009'),
(570, 'BS200301-0021', 'PT200220-0009'),
(571, 'BS200301-0021', 'PT200212-0005'),
(572, 'BS200301-0021', 'PT200217-0009'),
(573, 'BS200301-0021', 'PT200213-0008'),
(574, 'BS200301-0021', 'PT200206-0016'),
(575, 'BS200301-0021', 'PT200220-0009'),
(576, 'BS200301-0021', 'PT200223-0003'),
(577, 'BS200301-0021', 'PT200229-0017'),
(578, 'BS200301-0021', 'PT200203-0008'),
(579, 'BS200301-0021', 'PT200229-0018'),
(580, 'BS200301-0022', 'PT200229-0028'),
(581, 'BS200301-0022', 'PT200204-0024'),
(582, 'BS200301-0022', 'PT200203-0005'),
(583, 'BS200301-0022', 'PT200229-0027'),
(584, 'BS200301-0022', 'PT200221-0004'),
(585, 'BS200301-0022', 'PT200206-0012'),
(586, 'BS200301-0022', 'PT200229-0029'),
(587, 'BS200301-0022', 'PT200229-0027'),
(588, 'BS200301-0022', 'PT200221-0004'),
(589, 'BS200301-0022', 'PT200203-0005'),
(590, 'BS200301-0022', 'PT200204-0024'),
(591, 'BS200301-0022', 'PT200229-0028'),
(592, 'BS200301-0022', 'PT200206-0012'),
(593, 'BS200301-0022', 'PT200229-0029'),
(594, 'BS200301-0023', 'PT200222-0002'),
(595, 'BS200301-0023', 'PT200203-0014'),
(596, 'BS200301-0023', 'PT200220-0011'),
(597, 'BS200301-0023', 'PT200211-0001'),
(598, 'BS200301-0023', 'PT200205-0011'),
(599, 'BS200301-0023', 'PT200214-0006'),
(600, 'BS200301-0023', 'PT200228-0013'),
(601, 'BS200301-0023', 'PT200209-0001'),
(602, 'BS200301-0023', 'PT200217-0011'),
(603, 'BS200301-0023', 'PT200217-0011'),
(604, 'BS200301-0023', 'PT200219-0015'),
(605, 'BS200301-0023', 'PT200226-0001'),
(606, 'BS200301-0023', 'PT200225-0001'),
(607, 'BS200301-0023', 'PT200220-0011'),
(608, 'BS200301-0023', 'PT200211-0001'),
(609, 'BS200301-0023', 'PT200203-0014'),
(610, 'BS200301-0023', 'PT200205-0011'),
(611, 'BS200301-0023', 'PT200214-0006'),
(612, 'BS200301-0023', 'PT200219-0015'),
(613, 'BS200301-0024', 'PT200208-0009'),
(614, 'BS200301-0024', 'PT200208-0008'),
(615, 'BS200301-0024', 'PT200212-0010'),
(616, 'BS200301-0024', 'PT200208-0008'),
(617, 'BS200301-0024', 'PT200208-0009'),
(618, 'BS200301-0024', 'PT200212-0010'),
(619, 'BS200301-0025', 'PT200204-0005'),
(620, 'BS200301-0025', 'PT200201-0001'),
(621, 'BS200301-0025', 'PT200212-0001'),
(622, 'BS200301-0025', 'PT200218-0001'),
(623, 'BS200301-0025', 'PT200210-0004'),
(624, 'BS200301-0025', 'PT200225-0004'),
(625, 'BS200301-0025', 'PT200213-0005'),
(626, 'BS200301-0025', 'PT200201-0001'),
(627, 'BS200301-0025', 'PT200216-0002'),
(628, 'BS200301-0025', 'PT200221-0011'),
(629, 'BS200301-0025', 'PT200213-0004'),
(630, 'BS200301-0025', 'PT200213-0005'),
(631, 'BS200301-0025', 'PT200218-0003'),
(632, 'BS200301-0025', 'PT200228-0010'),
(633, 'BS200301-0025', 'PT200210-0004'),
(634, 'BS200301-0025', 'PT200221-0012'),
(635, 'BS200301-0025', 'PT200213-0004'),
(636, 'BS200301-0025', 'PT200212-0001'),
(637, 'BS200301-0025', 'PT200215-0001'),
(638, 'BS200301-0026', 'PT200207-0008'),
(639, 'BS200301-0026', 'PT200219-0007'),
(640, 'BS200301-0026', 'PT200212-0013'),
(641, 'BS200301-0026', 'PT200205-0009'),
(642, 'BS200301-0026', 'PT200221-0010'),
(643, 'BS200301-0026', 'PT200214-0009'),
(644, 'BS200301-0026', 'PT200212-0013'),
(645, 'BS200301-0026', 'PT200219-0007'),
(646, 'BS200301-0026', 'PT200205-0009'),
(647, 'BS200301-0026', 'PT200226-0007'),
(648, 'BS200301-0026', 'PT200226-0007'),
(649, 'BS200301-0026', 'PT200207-0008'),
(650, 'BS200301-0026', 'PT200221-0010'),
(651, 'BS200301-0026', 'PT200214-0009'),
(652, 'BS200301-0027', 'PT200215-0002'),
(653, 'BS200301-0027', 'PT200201-0002'),
(654, 'BS200301-0027', 'PT200212-0002'),
(655, 'BS200301-0027', 'PT200207-0001'),
(656, 'BS200301-0027', 'PT200228-0001'),
(657, 'BS200301-0027', 'PT200208-0010'),
(658, 'BS200301-0027', 'PT200229-0030'),
(659, 'BS200301-0027', 'PT200212-0002'),
(660, 'BS200301-0027', 'PT200229-0030'),
(661, 'BS200301-0027', 'PT200219-0001'),
(662, 'BS200301-0027', 'PT200222-0003'),
(663, 'BS200301-0027', 'PT200208-0010'),
(664, 'BS200301-0027', 'PT200219-0001'),
(665, 'BS200301-0027', 'PT200211-0009'),
(666, 'BS200301-0027', 'PT200207-0001'),
(667, 'BS200301-0027', 'PT200222-0003'),
(668, 'BS200301-0027', 'PT200211-0009'),
(669, 'BS200301-0027', 'PT200215-0002'),
(670, 'BS200301-0027', 'PT200201-0002'),
(671, 'BS200301-0028', 'PT200223-0006'),
(672, 'BS200301-0028', 'PT200209-0005'),
(673, 'BS200301-0028', 'PT200216-0005'),
(674, 'BS200301-0028', 'PT200209-0005'),
(675, 'BS200301-0028', 'PT200216-0005'),
(676, 'BS200301-0029', 'PT200118-0002'),
(677, 'BS200301-0029', 'PT200125-0021'),
(678, 'BS200301-0029', 'PT200208-0012'),
(679, 'BS200301-0029', 'PT200201-0004'),
(680, 'BS200301-0029', 'PT200118-0003'),
(681, 'BS200301-0029', 'PT200222-0005'),
(682, 'BS200301-0029', 'PT200201-0004'),
(683, 'BS200301-0029', 'PT200118-0003'),
(684, 'BS200301-0029', 'PT200125-0021'),
(685, 'BS200301-0029', 'PT200222-0005'),
(686, 'BS200301-0029', 'PT200208-0012'),
(687, 'BS200301-0029', 'PT200118-0002'),
(688, 'BS200301-0030', 'PT200228-0002'),
(689, 'BS200301-0030', 'PT200205-0001'),
(690, 'BS200301-0030', 'PT200207-0002'),
(691, 'BS200301-0030', 'PT200226-0002'),
(692, 'BS200301-0030', 'PT200226-0002'),
(693, 'BS200301-0030', 'PT200205-0001'),
(694, 'BS200301-0030', 'PT200207-0002'),
(695, 'BS200301-0030', 'PT200228-0002'),
(696, 'BS200301-0031', 'PT200206-0010'),
(697, 'BS200301-0031', 'PT200210-0011'),
(698, 'BS200301-0031', 'PT200227-0004'),
(699, 'BS200301-0031', 'PT200220-0004'),
(700, 'BS200301-0031', 'PT200210-0011'),
(701, 'BS200301-0031', 'PT200206-0010'),
(702, 'BS200301-0031', 'PT200227-0004'),
(703, 'BS200301-0031', 'PT200220-0004'),
(704, 'BS200301-0032', 'PT200217-0014'),
(705, 'BS200301-0032', 'PT200219-0010'),
(706, 'BS200301-0032', 'PT200203-0016'),
(707, 'BS200301-0032', 'PT200205-0017'),
(708, 'BS200301-0032', 'PT200228-0009'),
(709, 'BS200301-0032', 'PT200212-0018'),
(710, 'BS200301-0032', 'PT200224-0012'),
(711, 'BS200301-0032', 'PT200226-0010'),
(712, 'BS200301-0032', 'PT200217-0014'),
(713, 'BS200301-0032', 'PT200226-0010'),
(714, 'BS200301-0032', 'PT200228-0009'),
(715, 'BS200301-0032', 'PT200205-0017'),
(716, 'BS200301-0032', 'PT200212-0018'),
(717, 'BS200301-0032', 'PT200203-0016'),
(718, 'BS200301-0032', 'PT200219-0010'),
(719, 'BS200301-0032', 'PT200224-0012'),
(720, 'BS200301-0033', 'PT200204-0006'),
(721, 'BS200301-0033', 'PT200207-0007'),
(722, 'BS200301-0033', 'PT200214-0007'),
(723, 'BS200301-0033', 'PT200205-0013'),
(724, 'BS200301-0033', 'PT200224-0011'),
(725, 'BS200301-0033', 'PT200213-0012'),
(726, 'BS200301-0033', 'PT200218-0010'),
(727, 'BS200301-0033', 'PT200212-0017'),
(728, 'BS200301-0033', 'PT200228-0011'),
(729, 'BS200301-0033', 'PT200221-0005'),
(730, 'BS200301-0033', 'PT200204-0006'),
(731, 'BS200301-0033', 'PT200213-0012'),
(732, 'BS200301-0033', 'PT200221-0005'),
(733, 'BS200301-0033', 'PT200214-0007'),
(734, 'BS200301-0033', 'PT200207-0007'),
(735, 'BS200301-0033', 'PT200224-0011'),
(736, 'BS200301-0033', 'PT200227-0010'),
(737, 'BS200301-0033', 'PT200227-0010');

-- --------------------------------------------------------

--
-- Struktur dari tabel `detail_kelas_pertemuan`
--

CREATE TABLE `detail_kelas_pertemuan` (
  `id_detail_kelas_p` int(11) NOT NULL,
  `id_kelas_p` char(5) NOT NULL,
  `id_murid` char(5) NOT NULL
) ENGINE=InnoDB DEFAULT CHARSET=latin1;

--
-- Dumping data untuk tabel `detail_kelas_pertemuan`
--

INSERT INTO `detail_kelas_pertemuan` (`id_detail_kelas_p`, `id_kelas_p`, `id_murid`) VALUES
(52, 'KL001', 'MR002'),
(53, 'KL002', 'MR003'),
(55, 'KL004', 'MR024'),
(56, 'KL004', 'MR025'),
(57, 'KL005', 'MR026'),
(58, 'KL006', 'MR008'),
(60, 'KL007', 'MR032'),
(61, 'KL008', 'MR033'),
(62, 'KL009', 'MR033'),
(63, 'KL010', 'MR017'),
(64, 'KL011', 'MR005'),
(65, 'KL012', 'MR005'),
(66, 'KL013', 'MR005'),
(67, 'KL014', 'MR006'),
(68, 'KL015', 'MR006'),
(69, 'KL016', 'MR006'),
(70, 'KL017', 'MR029'),
(71, 'KL018', 'MR022'),
(72, 'KL019', 'MR039'),
(73, 'KL020', 'MR040'),
(74, 'KL021', 'MR039'),
(75, 'KL022', 'MR040'),
(79, 'KL025', 'MR020'),
(80, 'KL026', 'MR015'),
(81, 'KL027', 'MR035'),
(82, 'KL028', 'MR014'),
(84, 'KL029', 'MR004'),
(85, 'KL030', 'MR009'),
(86, 'KL031', 'MR031'),
(87, 'KL032', 'MR027'),
(88, 'KL033', 'MR028'),
(89, 'KL034', 'MR018'),
(90, 'KL035', 'MR007'),
(91, 'KL036', 'MR013'),
(92, 'KL037', 'MR014'),
(93, 'KL038', 'MR037'),
(94, 'KL039', 'MR004'),
(95, 'KL040', 'MR001'),
(96, 'KL041', 'MR038'),
(100, 'KL042', 'MR042'),
(97, 'KL043', 'MR041'),
(98, 'KL044', 'MR036'),
(99, 'KL045', 'MR030'),
(101, 'KL046', 'MR042'),
(102, 'KL047', 'MR016'),
(103, 'KL048', 'MR023'),
(104, 'KL049', 'MR011'),
(105, 'KL050', 'MR010'),
(106, 'KL051', 'MR043'),
(107, 'KL052', 'MR044'),
(112, 'KL053', 'MR045'),
(108, 'KL054', 'MR045'),
(110, 'KL055', 'MR046'),
(111, 'KL056', 'MR012'),
(113, 'KL058', 'MR034'),
(114, 'KL059', 'MR028'),
(115, 'KL060', 'MR047'),
(116, 'KL061', 'MR050');

-- --------------------------------------------------------

--
-- Struktur dari tabel `detail_penggajian`
--

CREATE TABLE `detail_penggajian` (
  `id_detail_penggajian` int(11) NOT NULL,
  `id_penggajian` char(13) NOT NULL,
  `id_pertemuan` char(13) NOT NULL
) ENGINE=InnoDB DEFAULT CHARSET=latin1;

--
-- Dumping data untuk tabel `detail_penggajian`
--

INSERT INTO `detail_penggajian` (`id_detail_penggajian`, `id_penggajian`, `id_pertemuan`) VALUES
(10, 'PG200202-0001', 'PT200125-0004'),
(11, 'PG200202-0001', 'PT200127-0006'),
(12, 'PG200202-0001', 'PT200131-0011'),
(13, 'PG200202-0001', 'PT200122-0003'),
(14, 'PG200202-0001', 'PT200120-0009'),
(15, 'PG200202-0001', 'PT200125-0003'),
(16, 'PG200202-0001', 'PT200130-0006'),
(17, 'PG200202-0001', 'PT200123-0008'),
(18, 'PG200202-0001', 'PT200125-0001'),
(19, 'PG200202-0001', 'PT200131-0008'),
(20, 'PG200202-0001', 'PT200125-0005'),
(21, 'PG200202-0001', 'PT200125-0006'),
(22, 'PG200202-0001', 'PT200128-0006'),
(23, 'PG200202-0001', 'PT200130-0002'),
(24, 'PG200202-0001', 'PT200127-0001'),
(25, 'PG200202-0001', 'PT200126-0011'),
(26, 'PG200202-0001', 'PT200125-0002'),
(27, 'PG200202-0001', 'PT200122-0007'),
(28, 'PG200202-0001', 'PT200129-0006'),
(29, 'PG200202-0001', 'PT200124-0005'),
(30, 'PG200202-0002', 'PT200131-0006'),
(31, 'PG200202-0002', 'PT200128-0002'),
(32, 'PG200202-0002', 'PT200120-0008'),
(33, 'PG200202-0002', 'PT200129-0005'),
(34, 'PG200202-0002', 'PT200130-0001'),
(35, 'PG200202-0002', 'PT200123-0006'),
(36, 'PG200202-0002', 'PT200116-0003'),
(37, 'PG200202-0002', 'PT200123-0006'),
(38, 'PG200202-0002', 'PT200130-0001'),
(39, 'PG200202-0002', 'PT200118-0001'),
(40, 'PG200202-0002', 'PT200120-0005'),
(41, 'PG200202-0002', 'PT200118-0001'),
(42, 'PG200202-0002', 'PT200131-0006'),
(43, 'PG200202-0002', 'PT200129-0005'),
(44, 'PG200202-0002', 'PT200116-0003'),
(45, 'PG200202-0002', 'PT200128-0002'),
(46, 'PG200202-0002', 'PT200120-0008'),
(47, 'PG200202-0002', 'PT200120-0005'),
(48, 'PG200202-0003', 'PT200121-0002'),
(49, 'PG200202-0003', 'PT200115-0009'),
(50, 'PG200202-0003', 'PT200116-0001'),
(51, 'PG200202-0003', 'PT200117-0004'),
(52, 'PG200202-0003', 'PT200114-0007'),
(53, 'PG200202-0003', 'PT200117-0006'),
(54, 'PG200202-0003', 'PT200116-0004'),
(55, 'PG200202-0003', 'PT200120-0003'),
(56, 'PG200202-0003', 'PT200114-0002'),
(57, 'PG200202-0003', 'PT200113-0003'),
(58, 'PG200202-0003', 'PT200114-0007'),
(59, 'PG200202-0003', 'PT200117-0006'),
(60, 'PG200202-0003', 'PT200116-0001'),
(61, 'PG200202-0003', 'PT200113-0007'),
(62, 'PG200202-0004', 'PT200114-0011'),
(63, 'PG200202-0005', 'PT200131-0026'),
(64, 'PG200202-0005', 'PT200131-0016'),
(65, 'PG200202-0005', 'PT200131-0027'),
(66, 'PG200202-0005', 'PT200131-0029'),
(67, 'PG200202-0005', 'PT200131-0021'),
(68, 'PG200202-0005', 'PT200131-0032'),
(69, 'PG200202-0005', 'PT200131-0028'),
(70, 'PG200202-0005', 'PT200131-0031'),
(71, 'PG200202-0005', 'PT200131-0017'),
(72, 'PG200202-0005', 'PT200131-0030'),
(73, 'PG200202-0005', 'PT200131-0031'),
(74, 'PG200202-0005', 'PT200131-0027'),
(75, 'PG200202-0005', 'PT200131-0023'),
(76, 'PG200202-0005', 'PT200131-0029'),
(77, 'PG200202-0005', 'PT200131-0022'),
(78, 'PG200202-0005', 'PT200131-0024'),
(79, 'PG200202-0005', 'PT200131-0028'),
(80, 'PG200202-0005', 'PT200131-0020'),
(81, 'PG200202-0005', 'PT200131-0030'),
(82, 'PG200202-0006', 'PT200131-0025'),
(83, 'PG200202-0006', 'PT200131-0019'),
(84, 'PG200202-0007', 'PT200131-0015'),
(85, 'PG200202-0007', 'PT200115-0016'),
(86, 'PG200202-0007', 'PT200131-0014'),
(87, 'PG200202-0007', 'PT200120-0001'),
(88, 'PG200202-0007', 'PT200115-0013'),
(89, 'PG200202-0007', 'PT200115-0016'),
(90, 'PG200202-0007', 'PT200115-0013'),
(91, 'PG200202-0007', 'PT200131-0015'),
(92, 'PG200202-0007', 'PT200119-0001'),
(93, 'PG200202-0007', 'PT200121-0011'),
(94, 'PG200202-0007', 'PT200120-0010'),
(95, 'PG200202-0007', 'PT200130-0007'),
(96, 'PG200202-0007', 'PT200121-0009'),
(97, 'PG200202-0007', 'PT200119-0001'),
(98, 'PG200202-0007', 'PT200121-0011'),
(99, 'PG200202-0007', 'PT200120-0001'),
(100, 'PG200202-0008', 'PT200130-0011'),
(101, 'PG200202-0008', 'PT200131-0018'),
(102, 'PG200202-0008', 'PT200131-0007'),
(103, 'PG200202-0008', 'PT200130-0010'),
(104, 'PG200202-0008', 'PT200131-0003'),
(105, 'PG200202-0008', 'PT200122-0005'),
(106, 'PG200202-0008', 'PT200123-0010'),
(107, 'PG200202-0008', 'PT200121-0007'),
(108, 'PG200202-0008', 'PT200121-0003'),
(109, 'PG200202-0008', 'PT200116-0007'),
(110, 'PG200202-0008', 'PT200115-0001'),
(111, 'PG200202-0008', 'PT200131-0018'),
(112, 'PG200202-0009', 'PT200115-0015'),
(113, 'PG200202-0009', 'PT200114-0005'),
(114, 'PG200202-0009', 'PT200115-0005'),
(115, 'PG200202-0009', 'PT200115-0005'),
(116, 'PG200202-0010', 'PT200126-0001'),
(117, 'PG200202-0010', 'PT200118-0003'),
(118, 'PG200202-0011', 'PT200129-0008'),
(119, 'PG200202-0011', 'PT200128-0004'),
(120, 'PG200202-0011', 'PT200114-0001'),
(121, 'PG200202-0011', 'PT200120-0006'),
(122, 'PG200202-0011', 'PT200118-0002'),
(123, 'PG200202-0011', 'PT200113-0005'),
(124, 'PG200202-0011', 'PT200121-0001'),
(125, 'PG200202-0011', 'PT200120-0004'),
(126, 'PG200202-0011', 'PT200120-0004'),
(127, 'PG200202-0011', 'PT200114-0006'),
(128, 'PG200202-0011', 'PT200113-0006'),
(129, 'PG200202-0011', 'PT200129-0008'),
(130, 'PG200202-0011', 'PT200120-0006'),
(131, 'PG200202-0011', 'PT200128-0004'),
(132, 'PG200202-0012', 'PT200125-0021'),
(133, 'PG200202-0013', 'PT200202-0002'),
(134, 'PG200202-0013', 'PT200130-0008'),
(135, 'PG200202-0013', 'PT200114-0008'),
(136, 'PG200202-0013', 'PT200202-0001'),
(137, 'PG200202-0013', 'PT200131-0010'),
(138, 'PG200202-0013', 'PT200202-0002'),
(139, 'PG200202-0013', 'PT200128-0005'),
(140, 'PG200202-0013', 'PT200124-0006'),
(141, 'PG200202-0013', 'PT200202-0001'),
(142, 'PG200202-0013', 'PT200129-0009'),
(143, 'PG200202-0013', 'PT200130-0008'),
(144, 'PG200202-0014', 'PT200120-0011'),
(145, 'PG200202-0014', 'PT200124-0003'),
(146, 'PG200202-0014', 'PT200122-0009'),
(147, 'PG200202-0014', 'PT200121-0006'),
(148, 'PG200202-0014', 'PT200124-0003'),
(149, 'PG200202-0015', 'PT200115-0007'),
(150, 'PG200202-0015', 'PT200131-0013'),
(151, 'PG200202-0015', 'PT200126-0006'),
(152, 'PG200202-0015', 'PT200126-0009'),
(153, 'PG200202-0015', 'PT200126-0010'),
(154, 'PG200202-0015', 'PT200126-0007'),
(155, 'PG200202-0015', 'PT200131-0013'),
(156, 'PG200202-0015', 'PT200126-0004'),
(157, 'PG200202-0015', 'PT200128-0001'),
(158, 'PG200202-0015', 'PT200126-0004'),
(159, 'PG200202-0015', 'PT200123-0003'),
(160, 'PG200202-0015', 'PT200126-0005'),
(161, 'PG200202-0015', 'PT200131-0009'),
(162, 'PG200202-0015', 'PT200127-0005'),
(163, 'PG200202-0015', 'PT200126-0003'),
(164, 'PG200202-0015', 'PT200129-0003'),
(165, 'PG200202-0015', 'PT200126-0008'),
(166, 'PG200202-0015', 'PT200129-0004'),
(167, 'PG200202-0015', 'PT200115-0012'),
(168, 'PG200202-0016', 'PT200130-0005'),
(169, 'PG200202-0016', 'PT200123-0005'),
(170, 'PG200202-0016', 'PT200124-0004'),
(171, 'PG200202-0016', 'PT200116-0005'),
(172, 'PG200202-0016', 'PT200122-0006'),
(173, 'PG200202-0016', 'PT200121-0005'),
(174, 'PG200202-0016', 'PT200122-0004'),
(175, 'PG200202-0016', 'PT200130-0005'),
(176, 'PG200202-0017', 'PT200117-0002'),
(177, 'PG200202-0018', 'PT200125-0019'),
(178, 'PG200202-0018', 'PT200125-0018'),
(179, 'PG200202-0018', 'PT200125-0015'),
(180, 'PG200202-0018', 'PT200125-0016'),
(181, 'PG200202-0018', 'PT200125-0014'),
(182, 'PG200202-0018', 'PT200125-0013'),
(183, 'PG200202-0018', 'PT200125-0015'),
(184, 'PG200202-0018', 'PT200125-0016'),
(185, 'PG200202-0018', 'PT200125-0012'),
(186, 'PG200202-0018', 'PT200125-0011'),
(187, 'PG200202-0018', 'PT200125-0010'),
(188, 'PG200202-0018', 'PT200125-0009'),
(189, 'PG200202-0018', 'PT200125-0008'),
(190, 'PG200202-0019', 'PT200131-0002'),
(191, 'PG200202-0019', 'PT200129-0001'),
(192, 'PG200202-0019', 'PT200117-0001'),
(193, 'PG200202-0019', 'PT200122-0001'),
(194, 'PG200202-0019', 'PT200115-0002'),
(195, 'PG200202-0020', 'PT200117-0005'),
(196, 'PG200202-0021', 'PT200114-0003'),
(197, 'PG200202-0022', 'PT200129-0002'),
(198, 'PG200202-0022', 'PT200115-0008'),
(199, 'PG200202-0022', 'PT200131-0001'),
(200, 'PG200202-0022', 'PT200116-0002'),
(201, 'PG200202-0022', 'PT200114-0004'),
(202, 'PG200202-0022', 'PT200131-0001'),
(203, 'PG200202-0022', 'PT200124-0001'),
(204, 'PG200202-0022', 'PT200127-0003'),
(205, 'PG200202-0022', 'PT200124-0007'),
(206, 'PG200202-0023', 'PT200123-0002'),
(207, 'PG200202-0023', 'PT200122-0002'),
(208, 'PG200202-0023', 'PT200117-0003'),
(209, 'PG200202-0023', 'PT200120-0007'),
(210, 'PG200202-0023', 'PT200121-0004'),
(211, 'PG200202-0023', 'PT200122-0002'),
(212, 'PG200202-0025', 'PT200130-0009'),
(213, 'PG200202-0025', 'PT200127-0002'),
(214, 'PG200202-0025', 'PT200130-0003'),
(215, 'PG200202-0025', 'PT200127-0004'),
(216, 'PG200202-0025', 'PT200127-0004'),
(217, 'PG200202-0025', 'PT200113-0004'),
(218, 'PG200202-0025', 'PT200115-0004'),
(219, 'PG200202-0025', 'PT200126-0002'),
(220, 'PG200202-0025', 'PT200127-0002'),
(221, 'PG200202-0025', 'PT200130-0003'),
(222, 'PG200202-0025', 'PT200121-0008'),
(223, 'PG200202-0026', 'PT200123-0001'),
(224, 'PG200202-0026', 'PT200115-0006'),
(225, 'PG200202-0026', 'PT200120-0012'),
(226, 'PG200202-0026', 'PT200120-0002'),
(227, 'PG200202-0026', 'PT200116-0006'),
(228, 'PG200202-0026', 'PT200114-0009'),
(229, 'PG200202-0027', 'PT200131-0012'),
(230, 'PG200202-0027', 'PT200122-0012'),
(231, 'PG200202-0027', 'PT200123-0009'),
(232, 'PG200202-0027', 'PT200117-0007'),
(233, 'PG200202-0027', 'PT200125-0007'),
(234, 'PG200202-0027', 'PT200123-0009'),
(235, 'PG200202-0027', 'PT200121-0010'),
(236, 'PG200202-0027', 'PT200122-0008'),
(237, 'PG200202-0027', 'PT200127-0007'),
(238, 'PG200202-0027', 'PT200120-0013'),
(239, 'PG200202-0027', 'PT200131-0005'),
(240, 'PG200202-0027', 'PT200120-0013'),
(241, 'PG200202-0027', 'PT200122-0008'),
(242, 'PG200202-0027', 'PT200127-0007'),
(243, 'PG200202-0027', 'PT200115-0003'),
(244, 'PG200202-0027', 'PT200121-0010'),
(245, 'PG200202-0027', 'PT200128-0003'),
(246, 'PG200202-0027', 'PT200122-0012'),
(247, 'PG200202-0027', 'PT200125-0007'),
(248, 'PG200202-0027', 'PT200115-0014'),
(249, 'PG200202-0028', 'PT200129-0010'),
(250, 'PG200202-0028', 'PT200129-0007'),
(251, 'PG200202-0028', 'PT200128-0009'),
(252, 'PG200202-0028', 'PT200114-0010'),
(253, 'PG200301-0001', 'PT200227-0001'),
(254, 'PG200301-0001', 'PT200227-0008'),
(255, 'PG200301-0001', 'PT200223-0004'),
(256, 'PG200301-0001', 'PT200225-0002'),
(257, 'PG200301-0001', 'PT200224-0008'),
(258, 'PG200301-0001', 'PT200228-0006'),
(259, 'PG200301-0001', 'PT200225-0010'),
(260, 'PG200301-0001', 'PT200219-0006'),
(261, 'PG200301-0001', 'PT200226-0005'),
(262, 'PG200301-0001', 'PT200221-0002'),
(263, 'PG200301-0001', 'PT200221-0007'),
(264, 'PG200301-0001', 'PT200228-0012'),
(265, 'PG200301-0001', 'PT200225-0008'),
(266, 'PG200301-0001', 'PT200214-0008'),
(267, 'PG200301-0001', 'PT200214-0004'),
(268, 'PG200301-0001', 'PT200224-0002'),
(269, 'PG200301-0001', 'PT200218-0002'),
(270, 'PG200301-0001', 'PT200218-0012'),
(271, 'PG200301-0001', 'PT200217-0007'),
(272, 'PG200301-0001', 'PT200218-0006'),
(273, 'PG200301-0002', 'PT200228-0007'),
(274, 'PG200301-0002', 'PT200214-0005'),
(275, 'PG200301-0002', 'PT200218-0011'),
(276, 'PG200301-0002', 'PT200219-0014'),
(277, 'PG200301-0002', 'PT200221-0006'),
(278, 'PG200301-0002', 'PT200227-0012'),
(279, 'PG200301-0002', 'PT200212-0015'),
(280, 'PG200301-0002', 'PT200214-0005'),
(281, 'PG200301-0002', 'PT200225-0007'),
(282, 'PG200301-0002', 'PT200218-0011'),
(283, 'PG200301-0002', 'PT200225-0007'),
(284, 'PG200301-0002', 'PT200228-0007'),
(285, 'PG200301-0002', 'PT200221-0006'),
(286, 'PG200301-0002', 'PT200212-0015'),
(287, 'PG200301-0002', 'PT200227-0012'),
(288, 'PG200301-0002', 'PT200219-0014'),
(289, 'PG200301-0003', 'PT200211-0008'),
(290, 'PG200301-0003', 'PT200216-0004'),
(291, 'PG200301-0003', 'PT200205-0018'),
(292, 'PG200301-0003', 'PT200203-0011'),
(293, 'PG200301-0003', 'PT200217-0001'),
(294, 'PG200301-0003', 'PT200212-0011'),
(295, 'PG200301-0003', 'PT200210-0001'),
(296, 'PG200301-0003', 'PT200205-0008'),
(297, 'PG200301-0003', 'PT200213-0001'),
(298, 'PG200301-0003', 'PT200211-0003'),
(299, 'PG200301-0003', 'PT200211-0015'),
(300, 'PG200301-0003', 'PT200203-0003'),
(301, 'PG200301-0003', 'PT200206-0009'),
(302, 'PG200301-0003', 'PT200204-0021'),
(303, 'PG200301-0003', 'PT200204-0007'),
(304, 'PG200301-0003', 'PT200210-0008'),
(305, 'PG200301-0003', 'PT200213-0009'),
(306, 'PG200301-0003', 'PT200204-0013'),
(307, 'PG200301-0003', 'PT200213-0009'),
(308, 'PG200301-0004', 'PT200211-0002'),
(309, 'PG200301-0004', 'PT200229-0035'),
(310, 'PG200301-0004', 'PT200229-0034'),
(311, 'PG200301-0004', 'PT200203-0002'),
(312, 'PG200301-0004', 'PT200208-0003'),
(313, 'PG200301-0004', 'PT200208-0004'),
(314, 'PG200301-0004', 'PT200229-0032'),
(315, 'PG200301-0004', 'PT200229-0031'),
(316, 'PG200301-0004', 'PT200206-0004'),
(317, 'PG200301-0004', 'PT200208-0001'),
(318, 'PG200301-0004', 'PT200203-0001'),
(319, 'PG200301-0004', 'PT200204-0001'),
(320, 'PG200301-0004', 'PT200206-0005'),
(321, 'PG200301-0004', 'PT200204-0003'),
(322, 'PG200301-0004', 'PT200229-0033'),
(323, 'PG200301-0004', 'PT200206-0006'),
(324, 'PG200301-0004', 'PT200208-0002'),
(325, 'PG200301-0004', 'PT200211-0002'),
(326, 'PG200301-0004', 'PT200204-0002'),
(327, 'PG200301-0005', 'PT200226-0001'),
(328, 'PG200301-0005', 'PT200220-0011'),
(329, 'PG200301-0005', 'PT200211-0001'),
(330, 'PG200301-0005', 'PT200226-0004'),
(331, 'PG200301-0005', 'PT200222-0002'),
(332, 'PG200301-0005', 'PT200205-0011'),
(333, 'PG200301-0005', 'PT200209-0001'),
(334, 'PG200301-0005', 'PT200228-0013'),
(335, 'PG200301-0005', 'PT200219-0015'),
(336, 'PG200301-0005', 'PT200217-0011'),
(337, 'PG200301-0005', 'PT200203-0014'),
(338, 'PG200301-0005', 'PT200226-0004'),
(339, 'PG200301-0005', 'PT200219-0003'),
(340, 'PG200301-0005', 'PT200205-0002'),
(341, 'PG200301-0005', 'PT200220-0001'),
(342, 'PG200301-0005', 'PT200214-0006'),
(343, 'PG200301-0005', 'PT200213-0003'),
(344, 'PG200301-0005', 'PT200225-0001'),
(345, 'PG200301-0005', 'PT200213-0003'),
(346, 'PG200301-0006', 'PT200211-0013'),
(347, 'PG200301-0006', 'PT200227-0003'),
(348, 'PG200301-0006', 'PT200226-0011'),
(349, 'PG200301-0006', 'PT200226-0008'),
(350, 'PG200301-0006', 'PT200217-0013'),
(351, 'PG200301-0006', 'PT200211-0016'),
(352, 'PG200301-0006', 'PT200218-0008'),
(353, 'PG200301-0006', 'PT200219-0011'),
(354, 'PG200301-0006', 'PT200220-0007'),
(355, 'PG200301-0006', 'PT200220-0003'),
(356, 'PG200301-0006', 'PT200224-0004'),
(357, 'PG200301-0006', 'PT200223-0005'),
(358, 'PG200301-0006', 'PT200219-0009'),
(359, 'PG200301-0006', 'PT200210-0012'),
(360, 'PG200301-0006', 'PT200212-0016'),
(361, 'PG200301-0006', 'PT200217-0010'),
(362, 'PG200301-0006', 'PT200224-0007'),
(363, 'PG200301-0006', 'PT200213-0007'),
(364, 'PG200301-0006', 'PT200206-0008'),
(365, 'PG200301-0007', 'PT200209-0002'),
(366, 'PG200301-0007', 'PT200206-0015'),
(367, 'PG200301-0007', 'PT200204-0022'),
(368, 'PG200301-0007', 'PT200205-0015'),
(369, 'PG200301-0007', 'PT200203-0010'),
(370, 'PG200301-0007', 'PT200204-0011'),
(371, 'PG200301-0007', 'PT200201-0003'),
(372, 'PG200301-0007', 'PT200209-0002'),
(373, 'PG200301-0007', 'PT200205-0015'),
(374, 'PG200301-0007', 'PT200201-0003'),
(375, 'PG200301-0007', 'PT200203-0010'),
(376, 'PG200301-0007', 'PT200206-0015'),
(377, 'PG200301-0007', 'PT200204-0022'),
(378, 'PG200301-0007', 'PT200204-0011'),
(379, 'PG200301-0008', 'PT200218-0014'),
(380, 'PG200301-0008', 'PT200205-0014'),
(381, 'PG200301-0008', 'PT200206-0014'),
(382, 'PG200301-0008', 'PT200204-0019'),
(383, 'PG200301-0008', 'PT200212-0020'),
(384, 'PG200301-0008', 'PT200204-0023'),
(385, 'PG200301-0008', 'PT200212-0020'),
(386, 'PG200301-0008', 'PT200205-0019'),
(387, 'PG200301-0008', 'PT200205-0014'),
(388, 'PG200301-0008', 'PT200210-0010'),
(389, 'PG200301-0008', 'PT200206-0014'),
(390, 'PG200301-0008', 'PT200204-0023'),
(391, 'PG200301-0008', 'PT200210-0010'),
(392, 'PG200301-0008', 'PT200204-0019'),
(393, 'PG200301-0008', 'PT200205-0019'),
(394, 'PG200301-0008', 'PT200218-0014'),
(395, 'PG200301-0009', 'PT200228-0008'),
(396, 'PG200301-0009', 'PT200217-0012'),
(397, 'PG200301-0009', 'PT200219-0008'),
(398, 'PG200301-0009', 'PT200222-0005'),
(399, 'PG200301-0009', 'PT200224-0010'),
(400, 'PG200301-0009', 'PT200221-0004'),
(401, 'PG200301-0009', 'PT200210-0009'),
(402, 'PG200301-0009', 'PT200208-0012'),
(403, 'PG200301-0009', 'PT200205-0006'),
(404, 'PG200301-0009', 'PT200201-0004'),
(405, 'PG200301-0009', 'PT200206-0012'),
(406, 'PG200301-0009', 'PT200213-0010'),
(407, 'PG200301-0009', 'PT200205-0016'),
(408, 'PG200301-0009', 'PT200223-0006'),
(409, 'PG200301-0009', 'PT200216-0005'),
(410, 'PG200301-0009', 'PT200212-0009'),
(411, 'PG200301-0009', 'PT200209-0005'),
(412, 'PG200301-0009', 'PT200222-0005'),
(413, 'PG200301-0009', 'PT200203-0005'),
(414, 'PG200301-0010', 'PT200212-0010'),
(415, 'PG200301-0010', 'PT200208-0009'),
(416, 'PG200301-0010', 'PT200208-0008'),
(417, 'PG200301-0010', 'PT200208-0009'),
(418, 'PG200301-0010', 'PT200208-0008'),
(419, 'PG200301-0010', 'PT200212-0010'),
(420, 'PG200301-0011', 'PT200228-0004'),
(421, 'PG200301-0011', 'PT200226-0006'),
(422, 'PG200301-0011', 'PT200210-0007'),
(423, 'PG200301-0011', 'PT200227-0002'),
(424, 'PG200301-0011', 'PT200212-0006'),
(425, 'PG200301-0011', 'PT200218-0004'),
(426, 'PG200301-0011', 'PT200225-0005'),
(427, 'PG200301-0011', 'PT200220-0005'),
(428, 'PG200301-0011', 'PT200204-0014'),
(429, 'PG200301-0011', 'PT200224-0009'),
(430, 'PG200301-0011', 'PT200211-0012'),
(431, 'PG200301-0011', 'PT200207-0006'),
(432, 'PG200301-0011', 'PT200219-0002'),
(433, 'PG200301-0011', 'PT200206-0011'),
(434, 'PG200301-0011', 'PT200210-0007'),
(435, 'PG200301-0011', 'PT200227-0002'),
(436, 'PG200301-0011', 'PT200217-0008'),
(437, 'PG200301-0011', 'PT200213-0002'),
(438, 'PG200301-0011', 'PT200203-0012'),
(439, 'PG200301-0011', 'PT200205-0010'),
(440, 'PG200301-0012', 'PT200213-0008'),
(441, 'PG200301-0012', 'PT200220-0010'),
(442, 'PG200301-0012', 'PT200220-0009'),
(443, 'PG200301-0012', 'PT200219-0013'),
(444, 'PG200301-0012', 'PT200203-0008'),
(445, 'PG200301-0012', 'PT200206-0013'),
(446, 'PG200301-0012', 'PT200214-0002'),
(447, 'PG200301-0012', 'PT200207-0004'),
(448, 'PG200301-0012', 'PT200204-0009'),
(449, 'PG200301-0012', 'PT200204-0018'),
(450, 'PG200301-0012', 'PT200206-0016'),
(451, 'PG200301-0012', 'PT200203-0006'),
(452, 'PG200301-0012', 'PT200204-0004'),
(453, 'PG200301-0012', 'PT200217-0009'),
(454, 'PG200301-0012', 'PT200211-0006'),
(455, 'PG200301-0012', 'PT200220-0010'),
(456, 'PG200301-0012', 'PT200212-0005'),
(457, 'PG200301-0012', 'PT200210-0003'),
(458, 'PG200301-0012', 'PT200212-0003'),
(459, 'PG200301-0013', 'PT200208-0007'),
(460, 'PG200301-0013', 'PT200204-0025'),
(461, 'PG200301-0013', 'PT200206-0002'),
(462, 'PG200301-0013', 'PT200208-0007'),
(463, 'PG200301-0013', 'PT200206-0002'),
(464, 'PG200301-0013', 'PT200204-0025'),
(465, 'PG200301-0014', 'PT200226-0002'),
(466, 'PG200301-0014', 'PT200228-0002'),
(467, 'PG200301-0014', 'PT200205-0001'),
(468, 'PG200301-0014', 'PT200207-0002'),
(469, 'PG200301-0014', 'PT200205-0001'),
(470, 'PG200301-0014', 'PT200228-0002'),
(471, 'PG200301-0014', 'PT200207-0002'),
(472, 'PG200301-0014', 'PT200226-0002'),
(473, 'PG200301-0015', 'PT200215-0001'),
(474, 'PG200301-0015', 'PT200221-0012'),
(475, 'PG200301-0015', 'PT200229-0030'),
(476, 'PG200301-0015', 'PT200218-0003'),
(477, 'PG200301-0015', 'PT200216-0002'),
(478, 'PG200301-0015', 'PT200201-0001'),
(479, 'PG200301-0015', 'PT200212-0002'),
(480, 'PG200301-0015', 'PT200218-0001'),
(481, 'PG200301-0015', 'PT200225-0004'),
(482, 'PG200301-0015', 'PT200210-0004'),
(483, 'PG200301-0015', 'PT200228-0010'),
(484, 'PG200301-0015', 'PT200221-0011'),
(485, 'PG200301-0015', 'PT200219-0001'),
(486, 'PG200301-0015', 'PT200204-0005'),
(487, 'PG200301-0015', 'PT200213-0005'),
(488, 'PG200301-0015', 'PT200213-0004'),
(489, 'PG200301-0015', 'PT200228-0010'),
(490, 'PG200301-0015', 'PT200212-0001'),
(491, 'PG200301-0015', 'PT200207-0001'),
(492, 'PG200301-0016', 'PT200228-0011'),
(493, 'PG200301-0016', 'PT200224-0011'),
(494, 'PG200301-0016', 'PT200218-0005'),
(495, 'PG200301-0016', 'PT200222-0003'),
(496, 'PG200301-0016', 'PT200220-0004'),
(497, 'PG200301-0016', 'PT200227-0004'),
(498, 'PG200301-0016', 'PT200215-0002'),
(499, 'PG200301-0016', 'PT200214-0007'),
(500, 'PG200301-0016', 'PT200224-0005'),
(501, 'PG200301-0016', 'PT200227-0010'),
(502, 'PG200301-0016', 'PT200228-0003'),
(503, 'PG200301-0016', 'PT200228-0001'),
(504, 'PG200301-0016', 'PT200223-0003'),
(505, 'PG200301-0016', 'PT200218-0010'),
(506, 'PG200301-0016', 'PT200223-0003'),
(507, 'PG200301-0016', 'PT200213-0006'),
(508, 'PG200301-0016', 'PT200219-0004'),
(509, 'PG200301-0016', 'PT200221-0003'),
(510, 'PG200301-0016', 'PT200214-0003'),
(511, 'PG200301-0016', 'PT200221-0005'),
(512, 'PG200301-0016', 'PT200212-0017'),
(513, 'PG200301-0017', 'PT200217-0004'),
(514, 'PG200301-0017', 'PT200213-0012'),
(515, 'PG200301-0017', 'PT200203-0007'),
(516, 'PG200301-0017', 'PT200210-0011'),
(517, 'PG200301-0017', 'PT200206-0010'),
(518, 'PG200301-0017', 'PT200217-0004'),
(519, 'PG200301-0017', 'PT200211-0009'),
(520, 'PG200301-0017', 'PT200205-0013'),
(521, 'PG200301-0017', 'PT200210-0006'),
(522, 'PG200301-0017', 'PT200207-0005'),
(523, 'PG200301-0017', 'PT200205-0005'),
(524, 'PG200301-0017', 'PT200204-0006'),
(525, 'PG200301-0017', 'PT200204-0010'),
(526, 'PG200301-0017', 'PT200211-0004'),
(527, 'PG200301-0017', 'PT200208-0010'),
(528, 'PG200301-0017', 'PT200212-0004'),
(529, 'PG200301-0017', 'PT200210-0006'),
(530, 'PG200301-0017', 'PT200207-0007'),
(531, 'PG200301-0017', 'PT200201-0002'),
(532, 'PG200301-0018', 'PT200227-0009'),
(533, 'PG200301-0018', 'PT200204-0016'),
(534, 'PG200301-0018', 'PT200210-0002'),
(535, 'PG200301-0018', 'PT200224-0001'),
(536, 'PG200301-0018', 'PT200217-0006'),
(537, 'PG200301-0018', 'PT200218-0009'),
(538, 'PG200301-0018', 'PT200227-0005'),
(539, 'PG200301-0018', 'PT200220-0002'),
(540, 'PG200301-0018', 'PT200203-0009'),
(541, 'PG200301-0018', 'PT200211-0014'),
(542, 'PG200301-0018', 'PT200221-0001'),
(543, 'PG200301-0018', 'PT200225-0006'),
(544, 'PG200301-0018', 'PT200224-0006'),
(545, 'PG200301-0018', 'PT200211-0005'),
(546, 'PG200301-0018', 'PT200218-0007'),
(547, 'PG200301-0018', 'PT200213-0011'),
(548, 'PG200301-0018', 'PT200220-0008'),
(549, 'PG200301-0018', 'PT200225-0003'),
(550, 'PG200301-0018', 'PT200206-0007'),
(551, 'PG200301-0018', 'PT200210-0005'),
(552, 'PG200301-0019', 'PT200223-0001'),
(553, 'PG200301-0019', 'PT200209-0003'),
(554, 'PG200301-0019', 'PT200217-0003'),
(555, 'PG200301-0019', 'PT200203-0004'),
(556, 'PG200301-0019', 'PT200217-0003'),
(557, 'PG200301-0019', 'PT200209-0003'),
(558, 'PG200301-0019', 'PT200203-0004'),
(559, 'PG200301-0020', 'PT200227-0006'),
(560, 'PG200301-0020', 'PT200226-0007'),
(561, 'PG200301-0020', 'PT200228-0009'),
(562, 'PG200301-0020', 'PT200227-0011'),
(563, 'PG200301-0020', 'PT200226-0003'),
(564, 'PG200301-0020', 'PT200221-0008'),
(565, 'PG200301-0020', 'PT200225-0009'),
(566, 'PG200301-0020', 'PT200219-0007'),
(567, 'PG200301-0020', 'PT200224-0012'),
(568, 'PG200301-0020', 'PT200223-0002'),
(569, 'PG200301-0020', 'PT200216-0001'),
(570, 'PG200301-0020', 'PT200222-0004'),
(571, 'PG200301-0020', 'PT200221-0010'),
(572, 'PG200301-0020', 'PT200224-0003'),
(573, 'PG200301-0020', 'PT200217-0005'),
(574, 'PG200301-0020', 'PT200221-0009'),
(575, 'PG200301-0020', 'PT200217-0014'),
(576, 'PG200301-0020', 'PT200218-0013'),
(577, 'PG200301-0020', 'PT200226-0010'),
(578, 'PG200301-0020', 'PT200219-0010'),
(579, 'PG200301-0021', 'PT200214-0009'),
(580, 'PG200301-0021', 'PT200212-0018'),
(581, 'PG200301-0021', 'PT200212-0013'),
(582, 'PG200301-0021', 'PT200205-0017'),
(583, 'PG200301-0021', 'PT200205-0009'),
(584, 'PG200301-0021', 'PT200212-0012'),
(585, 'PG200301-0021', 'PT200203-0016'),
(586, 'PG200301-0021', 'PT200211-0011'),
(587, 'PG200301-0021', 'PT200206-0017'),
(588, 'PG200301-0021', 'PT200207-0008'),
(589, 'PG200301-0021', 'PT200214-0009'),
(590, 'PG200301-0021', 'PT200205-0017'),
(591, 'PG200301-0021', 'PT200212-0018'),
(592, 'PG200301-0021', 'PT200207-0008'),
(593, 'PG200301-0021', 'PT200206-0017'),
(594, 'PG200301-0021', 'PT200211-0010'),
(595, 'PG200301-0021', 'PT200212-0013'),
(596, 'PG200301-0021', 'PT200211-0011'),
(597, 'PG200301-0022', 'PT200229-0029'),
(598, 'PG200301-0022', 'PT200229-0027'),
(599, 'PG200301-0022', 'PT200204-0024'),
(600, 'PG200301-0022', 'PT200229-0026'),
(601, 'PG200301-0022', 'PT200229-0028'),
(602, 'PG200301-0022', 'PT200229-0027'),
(603, 'PG200301-0022', 'PT200229-0025'),
(604, 'PG200301-0022', 'PT200229-0028'),
(605, 'PG200301-0022', 'PT200229-0025'),
(606, 'PG200301-0022', 'PT200229-0026'),
(607, 'PG200301-0022', 'PT200204-0024'),
(608, 'PG200301-0023', 'PT200229-0012'),
(609, 'PG200301-0023', 'PT200212-0008'),
(610, 'PG200301-0023', 'PT200229-0011'),
(611, 'PG200301-0023', 'PT200229-0007'),
(612, 'PG200301-0023', 'PT200208-0005'),
(613, 'PG200301-0023', 'PT200204-0017'),
(614, 'PG200301-0023', 'PT200229-0009'),
(615, 'PG200301-0023', 'PT200206-0003'),
(616, 'PG200301-0023', 'PT200229-0006'),
(617, 'PG200301-0023', 'PT200204-0015'),
(618, 'PG200301-0023', 'PT200229-0010'),
(619, 'PG200301-0023', 'PT200229-0008'),
(620, 'PG200301-0023', 'PT200229-0005'),
(621, 'PG200301-0023', 'PT200229-0012'),
(622, 'PG200301-0023', 'PT200229-0013'),
(623, 'PG200301-0023', 'PT200212-0007'),
(624, 'PG200301-0023', 'PT200229-0013'),
(625, 'PG200301-0023', 'PT200229-0010'),
(626, 'PG200301-0023', 'PT200208-0006'),
(627, 'PG200301-0024', 'PT200204-0026'),
(628, 'PG200301-0025', 'PT200229-0020'),
(629, 'PG200301-0025', 'PT200229-0018'),
(630, 'PG200301-0025', 'PT200229-0019'),
(631, 'PG200301-0025', 'PT200229-0002'),
(632, 'PG200301-0025', 'PT200229-0017'),
(633, 'PG200301-0025', 'PT200229-0014'),
(634, 'PG200301-0025', 'PT200229-0015'),
(635, 'PG200301-0025', 'PT200229-0001'),
(636, 'PG200301-0025', 'PT200229-0019'),
(637, 'PG200301-0025', 'PT200229-0016'),
(638, 'PG200301-0025', 'PT200229-0004'),
(639, 'PG200301-0025', 'PT200229-0017'),
(640, 'PG200301-0025', 'PT200229-0014'),
(641, 'PG200301-0025', 'PT200229-0015'),
(642, 'PG200301-0025', 'PT200229-0003'),
(643, 'PG200301-0025', 'PT200229-0018'),
(644, 'PG200301-0025', 'PT200229-0004'),
(645, 'PG200301-0025', 'PT200229-0003'),
(646, 'PG200301-0025', 'PT200229-0020');

-- --------------------------------------------------------

--
-- Struktur dari tabel `detail_pertemuan`
--

CREATE TABLE `detail_pertemuan` (
  `id_detail_pertemuan` int(11) NOT NULL,
  `id_pertemuan` char(13) NOT NULL,
  `id_murid` char(5) NOT NULL
) ENGINE=InnoDB DEFAULT CHARSET=latin1;

--
-- Dumping data untuk tabel `detail_pertemuan`
--

INSERT INTO `detail_pertemuan` (`id_detail_pertemuan`, `id_pertemuan`, `id_murid`) VALUES
(57, 'PT200113-0003', 'MR026'),
(58, 'PT200113-0004', 'MR004'),
(59, 'PT200113-0005', 'MR020'),
(60, 'PT200113-0006', 'MR019'),
(61, 'PT200113-0007', 'MR002'),
(66, 'PT200114-0001', 'MR020'),
(67, 'PT200114-0002', 'MR026'),
(68, 'PT200114-0003', 'MR037'),
(69, 'PT200114-0004', 'MR038'),
(70, 'PT200114-0005', 'MR029'),
(71, 'PT200114-0006', 'MR015'),
(72, 'PT200114-0007', 'MR002'),
(75, 'PT200114-0008', 'MR004'),
(76, 'PT200114-0009', 'MR001'),
(77, 'PT200114-0010', 'MR030'),
(78, 'PT200114-0011', 'MR003'),
(80, 'PT200115-0001', 'MR022'),
(81, 'PT200115-0002', 'MR041'),
(82, 'PT200115-0003', 'MR030'),
(83, 'PT200115-0004', 'MR011'),
(84, 'PT200115-0005', 'MR029'),
(85, 'PT200115-0006', 'MR010'),
(86, 'PT200115-0007', 'MR031'),
(87, 'PT200115-0008', 'MR038'),
(88, 'PT200115-0009', 'MR002'),
(91, 'PT200115-0012', 'MR009'),
(92, 'PT200115-0013', 'MR006'),
(93, 'PT200115-0014', 'MR036'),
(94, 'PT200115-0015', 'MR022'),
(95, 'PT200115-0016', 'MR005'),
(96, 'PT200116-0001', 'MR026'),
(97, 'PT200116-0002', 'MR038'),
(98, 'PT200116-0003', 'MR043'),
(99, 'PT200116-0004', 'MR002'),
(100, 'PT200116-0005', 'MR031'),
(101, 'PT200116-0006', 'MR001'),
(102, 'PT200116-0007', 'MR022'),
(103, 'PT200117-0001', 'MR041'),
(104, 'PT200117-0002', 'MR009'),
(105, 'PT200117-0003', 'MR038'),
(106, 'PT200117-0004', 'MR002'),
(107, 'PT200117-0005', 'MR013'),
(108, 'PT200117-0006', 'MR003'),
(109, 'PT200117-0007', 'MR036'),
(110, 'PT200118-0001', 'MR042'),
(111, 'PT200118-0002', 'MR040'),
(112, 'PT200118-0003', 'MR040'),
(113, 'PT200119-0001', 'MR005'),
(114, 'PT200120-0001', 'MR006'),
(115, 'PT200120-0002', 'MR004'),
(116, 'PT200120-0003', 'MR026'),
(117, 'PT200120-0004', 'MR020'),
(118, 'PT200120-0005', 'MR009'),
(119, 'PT200120-0006', 'MR019'),
(120, 'PT200120-0007', 'MR038'),
(121, 'PT200120-0008', 'MR031'),
(122, 'PT200120-0009', 'MR002'),
(123, 'PT200120-0010', 'MR006'),
(124, 'PT200120-0011', 'MR004'),
(125, 'PT200120-0012', 'MR007'),
(126, 'PT200120-0013', 'MR044'),
(127, 'PT200121-0001', 'MR020'),
(128, 'PT200121-0002', 'MR026'),
(129, 'PT200121-0003', 'MR032'),
(130, 'PT200121-0004', 'MR038'),
(131, 'PT200121-0005', 'MR009'),
(132, 'PT200121-0006', 'MR004'),
(133, 'PT200121-0007', 'MR022'),
(134, 'PT200121-0008', 'MR001'),
(135, 'PT200121-0009', 'MR006'),
(136, 'PT200121-0010', 'MR036'),
(137, 'PT200121-0011', 'MR005'),
(138, 'PT200122-0001', 'MR041'),
(139, 'PT200122-0002', 'MR042'),
(140, 'PT200122-0003', 'MR026'),
(141, 'PT200122-0004', 'MR009'),
(142, 'PT200122-0005', 'MR029'),
(143, 'PT200122-0006', 'MR031'),
(144, 'PT200122-0007', 'MR002'),
(145, 'PT200122-0008', 'MR030'),
(146, 'PT200122-0009', 'MR004'),
(149, 'PT200122-0012', 'MR036'),
(150, 'PT200123-0001', 'MR004'),
(151, 'PT200123-0002', 'MR038'),
(152, 'PT200123-0003', 'MR009'),
(154, 'PT200123-0005', 'MR031'),
(155, 'PT200123-0006', 'MR043'),
(157, 'PT200123-0008', 'MR002'),
(158, 'PT200123-0009', 'MR030'),
(159, 'PT200123-0010', 'MR022'),
(160, 'PT200124-0001', 'MR038'),
(162, 'PT200124-0003', 'MR004'),
(163, 'PT200124-0004', 'MR009'),
(164, 'PT200124-0005', 'MR002'),
(165, 'PT200124-0006', 'MR004'),
(166, 'PT200124-0007', 'MR038'),
(167, 'PT200125-0001', 'MR002'),
(168, 'PT200125-0002', 'MR002'),
(169, 'PT200125-0003', 'MR002'),
(170, 'PT200125-0004', 'MR002'),
(171, 'PT200125-0005', 'MR026'),
(174, 'PT200125-0006', 'MR026'),
(175, 'PT200125-0007', 'MR036'),
(176, 'PT200125-0008', 'MR016'),
(177, 'PT200125-0009', 'MR016'),
(178, 'PT200125-0010', 'MR016'),
(179, 'PT200125-0011', 'MR016'),
(180, 'PT200125-0012', 'MR016'),
(181, 'PT200125-0013', 'MR016'),
(182, 'PT200125-0014', 'MR016'),
(183, 'PT200125-0015', 'MR016'),
(184, 'PT200125-0016', 'MR016'),
(186, 'PT200125-0018', 'MR016'),
(187, 'PT200125-0019', 'MR016'),
(189, 'PT200125-0021', 'MR040'),
(190, 'PT200126-0001', 'MR039'),
(191, 'PT200126-0002', 'MR001'),
(192, 'PT200126-0003', 'MR009'),
(193, 'PT200126-0004', 'MR009'),
(194, 'PT200126-0005', 'MR009'),
(195, 'PT200126-0006', 'MR009'),
(196, 'PT200126-0007', 'MR031'),
(197, 'PT200126-0008', 'MR031'),
(198, 'PT200126-0009', 'MR031'),
(199, 'PT200126-0010', 'MR009'),
(200, 'PT200126-0011', 'MR002'),
(201, 'PT200127-0001', 'MR024'),
(202, 'PT200127-0001', 'MR025'),
(203, 'PT200127-0002', 'MR020'),
(204, 'PT200127-0003', 'MR038'),
(205, 'PT200127-0004', 'MR019'),
(206, 'PT200127-0005', 'MR031'),
(207, 'PT200127-0006', 'MR002'),
(208, 'PT200127-0007', 'MR044'),
(211, 'PT200128-0001', 'MR009'),
(212, 'PT200128-0002', 'MR016'),
(213, 'PT200128-0003', 'MR029'),
(214, 'PT200128-0004', 'MR020'),
(215, 'PT200128-0005', 'MR004'),
(216, 'PT200128-0006', 'MR002'),
(219, 'PT200128-0009', 'MR030'),
(221, 'PT200129-0001', 'MR041'),
(222, 'PT200129-0002', 'MR042'),
(223, 'PT200129-0003', 'MR009'),
(224, 'PT200129-0004', 'MR031'),
(225, 'PT200129-0005', 'MR016'),
(226, 'PT200129-0006', 'MR002'),
(227, 'PT200129-0007', 'MR036'),
(228, 'PT200129-0008', 'MR015'),
(229, 'PT200129-0009', 'MR004'),
(230, 'PT200129-0010', 'MR044'),
(231, 'PT200130-0001', 'MR043'),
(232, 'PT200130-0002', 'MR024'),
(233, 'PT200130-0002', 'MR025'),
(234, 'PT200130-0003', 'MR004'),
(236, 'PT200130-0005', 'MR031'),
(237, 'PT200130-0006', 'MR002'),
(238, 'PT200130-0007', 'MR005'),
(239, 'PT200130-0008', 'MR004'),
(240, 'PT200130-0009', 'MR001'),
(241, 'PT200130-0010', 'MR022'),
(242, 'PT200130-0011', 'MR023'),
(243, 'PT200131-0001', 'MR038'),
(246, 'PT200131-0002', 'MR041'),
(247, 'PT200131-0003', 'MR032'),
(249, 'PT200131-0005', 'MR013'),
(250, 'PT200131-0006', 'MR016'),
(251, 'PT200131-0007', 'MR029'),
(252, 'PT200131-0008', 'MR002'),
(253, 'PT200131-0009', 'MR009'),
(254, 'PT200131-0010', 'MR004'),
(255, 'PT200131-0011', 'MR003'),
(256, 'PT200131-0012', 'MR036'),
(257, 'PT200131-0013', 'MR027'),
(258, 'PT200131-0014', 'MR005'),
(259, 'PT200131-0015', 'MR006'),
(261, 'PT200131-0016', 'MR033'),
(262, 'PT200131-0017', 'MR033'),
(263, 'PT200131-0018', 'MR029'),
(264, 'PT200131-0019', 'MR033'),
(265, 'PT200131-0020', 'MR033'),
(266, 'PT200131-0021', 'MR033'),
(267, 'PT200131-0022', 'MR033'),
(268, 'PT200131-0023', 'MR033'),
(269, 'PT200131-0024', 'MR033'),
(270, 'PT200131-0025', 'MR033'),
(271, 'PT200131-0026', 'MR017'),
(272, 'PT200131-0027', 'MR017'),
(273, 'PT200131-0028', 'MR017'),
(274, 'PT200131-0029', 'MR017'),
(275, 'PT200131-0030', 'MR017'),
(276, 'PT200131-0031', 'MR017'),
(277, 'PT200131-0032', 'MR017'),
(278, 'PT200201-0001', 'MR038'),
(279, 'PT200201-0002', 'MR042'),
(280, 'PT200201-0003', 'MR029'),
(281, 'PT200201-0004', 'MR040'),
(282, 'PT200202-0001', 'MR004'),
(283, 'PT200202-0002', 'MR004'),
(285, 'PT200202-0003', 'MR024'),
(286, 'PT200202-0003', 'MR025'),
(287, 'PT200203-0001', 'MR011'),
(288, 'PT200203-0002', 'MR010'),
(289, 'PT200203-0003', 'MR026'),
(290, 'PT200203-0004', 'MR004'),
(291, 'PT200203-0005', 'MR032'),
(292, 'PT200203-0006', 'MR009'),
(293, 'PT200203-0007', 'MR016'),
(294, 'PT200203-0008', 'MR031'),
(295, 'PT200203-0009', 'MR007'),
(296, 'PT200203-0010', 'MR029'),
(297, 'PT200203-0011', 'MR002'),
(298, 'PT200203-0012', 'MR004'),
(299, 'PT200203-0013', 'MR020'),
(300, 'PT200203-0014', 'MR033'),
(302, 'PT200203-0016', 'MR044'),
(303, 'PT200204-0001', 'MR011'),
(304, 'PT200204-0002', 'MR010'),
(305, 'PT200204-0003', 'MR012'),
(306, 'PT200204-0004', 'MR027'),
(307, 'PT200204-0005', 'MR038'),
(308, 'PT200204-0006', 'MR046'),
(309, 'PT200204-0007', 'MR026'),
(310, 'PT200204-0008', 'MR045'),
(311, 'PT200204-0009', 'MR009'),
(312, 'PT200204-0010', 'MR016'),
(313, 'PT200204-0011', 'MR029'),
(314, 'PT200204-0012', 'MR014'),
(315, 'PT200204-0013', 'MR002'),
(316, 'PT200204-0014', 'MR004'),
(317, 'PT200204-0015', 'MR045'),
(318, 'PT200204-0016', 'MR001'),
(319, 'PT200204-0017', 'MR045'),
(320, 'PT200204-0018', 'MR027'),
(321, 'PT200204-0019', 'MR006'),
(323, 'PT200204-0021', 'MR003'),
(324, 'PT200204-0022', 'MR022'),
(325, 'PT200204-0023', 'MR005'),
(326, 'PT200204-0024', 'MR032'),
(327, 'PT200204-0025', 'MR023'),
(328, 'PT200204-0026', 'MR008'),
(329, 'PT200205-0001', 'MR041'),
(330, 'PT200205-0002', 'MR017'),
(332, 'PT200205-0004', 'MR013'),
(333, 'PT200205-0005', 'MR016'),
(334, 'PT200205-0006', 'MR015'),
(336, 'PT200205-0008', 'MR002'),
(337, 'PT200205-0009', 'MR036'),
(338, 'PT200205-0010', 'MR004'),
(339, 'PT200205-0011', 'MR033'),
(341, 'PT200205-0013', 'MR046'),
(342, 'PT200205-0014', 'MR005'),
(343, 'PT200205-0015', 'MR022'),
(344, 'PT200205-0017', 'MR044'),
(345, 'PT200205-0018', 'MR003'),
(346, 'PT200205-0019', 'MR006'),
(348, 'PT200206-0002', 'MR023'),
(349, 'PT200206-0003', 'MR045'),
(350, 'PT200206-0004', 'MR011'),
(351, 'PT200206-0005', 'MR010'),
(352, 'PT200206-0006', 'MR012'),
(353, 'PT200206-0007', 'MR004'),
(354, 'PT200206-0008', 'MR005'),
(355, 'PT200206-0009', 'MR002'),
(356, 'PT200206-0010', 'MR043'),
(357, 'PT200206-0011', 'MR004'),
(358, 'PT200206-0012', 'MR032'),
(359, 'PT200206-0013', 'MR009'),
(360, 'PT200206-0014', 'MR006'),
(361, 'PT200206-0015', 'MR029'),
(362, 'PT200206-0016', 'MR031'),
(363, 'PT200206-0017', 'MR030'),
(364, 'PT200207-0001', 'MR042'),
(365, 'PT200207-0002', 'MR041'),
(366, 'PT200207-0003', 'MR013'),
(367, 'PT200207-0004', 'MR009'),
(368, 'PT200207-0005', 'MR016'),
(369, 'PT200207-0006', 'MR004'),
(370, 'PT200207-0007', 'MR046'),
(371, 'PT200207-0008', 'MR036'),
(372, 'PT200208-0001', 'MR011'),
(373, 'PT200208-0002', 'MR010'),
(374, 'PT200208-0003', 'MR012'),
(375, 'PT200208-0004', 'MR011'),
(376, 'PT200208-0005', 'MR045'),
(377, 'PT200208-0006', 'MR045'),
(378, 'PT200208-0007', 'MR034'),
(379, 'PT200208-0008', 'MR035'),
(380, 'PT200208-0009', 'MR035'),
(381, 'PT200208-0010', 'MR042'),
(383, 'PT200208-0012', 'MR040'),
(384, 'PT200209-0001', 'MR033'),
(385, 'PT200209-0002', 'MR029'),
(386, 'PT200209-0003', 'MR001'),
(387, 'PT200209-0004', 'MR026'),
(388, 'PT200209-0005', 'MR039'),
(389, 'PT200210-0001', 'MR026'),
(390, 'PT200210-0002', 'MR004'),
(391, 'PT200210-0003', 'MR009'),
(392, 'PT200210-0004', 'MR038'),
(393, 'PT200210-0005', 'MR007'),
(394, 'PT200210-0006', 'MR016'),
(395, 'PT200210-0007', 'MR004'),
(396, 'PT200210-0008', 'MR002'),
(397, 'PT200210-0010', 'MR005'),
(398, 'PT200210-0011', 'MR043'),
(399, 'PT200210-0012', 'MR006'),
(400, 'PT200211-0001', 'MR033'),
(401, 'PT200211-0002', 'MR012'),
(402, 'PT200211-0003', 'MR026'),
(403, 'PT200211-0004', 'MR016'),
(404, 'PT200211-0005', 'MR004'),
(405, 'PT200211-0006', 'MR009'),
(407, 'PT200211-0008', 'MR002'),
(408, 'PT200211-0009', 'MR042'),
(409, 'PT200211-0010', 'MR029'),
(410, 'PT200211-0011', 'MR030'),
(411, 'PT200211-0012', 'MR004'),
(412, 'PT200211-0013', 'MR005'),
(413, 'PT200211-0014', 'MR001'),
(414, 'PT200211-0015', 'MR003'),
(415, 'PT200211-0016', 'MR006'),
(416, 'PT200212-0001', 'MR038'),
(417, 'PT200212-0002', 'MR042'),
(419, 'PT200212-0003', 'MR009'),
(420, 'PT200212-0004', 'MR016'),
(421, 'PT200212-0005', 'MR031'),
(422, 'PT200212-0006', 'MR004'),
(423, 'PT200212-0007', 'MR045'),
(424, 'PT200212-0008', 'MR045'),
(425, 'PT200212-0009', 'MR015'),
(426, 'PT200212-0010', 'MR035'),
(427, 'PT200212-0011', 'MR002'),
(428, 'PT200212-0012', 'MR029'),
(429, 'PT200212-0013', 'MR036'),
(431, 'PT200212-0015', 'MR008'),
(432, 'PT200212-0016', 'MR006'),
(433, 'PT200212-0017', 'MR046'),
(434, 'PT200212-0018', 'MR044'),
(435, 'PT200212-0019', 'MR013'),
(436, 'PT200212-0020', 'MR005'),
(437, 'PT200213-0001', 'MR026'),
(438, 'PT200213-0002', 'MR004'),
(439, 'PT200213-0003', 'MR017'),
(440, 'PT200213-0004', 'MR038'),
(441, 'PT200213-0005', 'MR038'),
(442, 'PT200213-0006', 'MR016'),
(443, 'PT200213-0007', 'MR005'),
(445, 'PT200213-0008', 'MR031'),
(446, 'PT200213-0009', 'MR002'),
(447, 'PT200213-0010', 'MR020'),
(448, 'PT200213-0011', 'MR001'),
(449, 'PT200213-0012', 'MR046'),
(450, 'PT200214-0001', 'MR013'),
(451, 'PT200214-0002', 'MR009'),
(452, 'PT200214-0003', 'MR016'),
(453, 'PT200214-0004', 'MR002'),
(454, 'PT200214-0005', 'MR008'),
(455, 'PT200214-0006', 'MR033'),
(456, 'PT200214-0007', 'MR046'),
(457, 'PT200214-0008', 'MR003'),
(458, 'PT200214-0009', 'MR036'),
(459, 'PT200215-0001', 'MR038'),
(460, 'PT200215-0002', 'MR042'),
(461, 'PT200216-0001', 'MR029'),
(462, 'PT200216-0002', 'MR038'),
(463, 'PT200216-0003', 'MR026'),
(464, 'PT200216-0004', 'MR002'),
(465, 'PT200216-0005', 'MR039'),
(466, 'PT200217-0001', 'MR024'),
(467, 'PT200217-0001', 'MR025'),
(469, 'PT200217-0003', 'MR004'),
(470, 'PT200217-0004', 'MR016'),
(471, 'PT200217-0005', 'MR029'),
(472, 'PT200217-0006', 'MR007'),
(473, 'PT200217-0007', 'MR002'),
(474, 'PT200217-0008', 'MR004'),
(475, 'PT200217-0009', 'MR031'),
(476, 'PT200217-0010', 'MR006'),
(478, 'PT200217-0011', 'MR033'),
(479, 'PT200217-0013', 'MR006'),
(480, 'PT200217-0014', 'MR044'),
(481, 'PT200218-0001', 'MR038'),
(482, 'PT200218-0002', 'MR026'),
(483, 'PT200218-0003', 'MR038'),
(484, 'PT200218-0004', 'MR004'),
(485, 'PT200218-0005', 'MR016'),
(486, 'PT200218-0006', 'MR002'),
(487, 'PT200218-0007', 'MR027'),
(488, 'PT200218-0008', 'MR006'),
(489, 'PT200218-0009', 'MR001'),
(490, 'PT200218-0010', 'MR046'),
(491, 'PT200218-0011', 'MR008'),
(492, 'PT200218-0012', 'MR003'),
(493, 'PT200218-0013', 'MR030'),
(494, 'PT200218-0014', 'MR005'),
(495, 'PT200219-0001', 'MR042'),
(496, 'PT200219-0002', 'MR004'),
(497, 'PT200219-0003', 'MR017'),
(498, 'PT200219-0004', 'MR016'),
(500, 'PT200219-0006', 'MR002'),
(501, 'PT200219-0007', 'MR036'),
(502, 'PT200219-0008', 'MR015'),
(503, 'PT200219-0009', 'MR006'),
(504, 'PT200219-0010', 'MR044'),
(505, 'PT200219-0011', 'MR005'),
(506, 'PT200219-0012', 'MR013'),
(507, 'PT200219-0013', 'MR027'),
(508, 'PT200219-0014', 'MR008'),
(509, 'PT200219-0015', 'MR033'),
(510, 'PT200220-0001', 'MR017'),
(511, 'PT200220-0002', 'MR007'),
(512, 'PT200220-0003', 'MR005'),
(513, 'PT200220-0004', 'MR043'),
(514, 'PT200220-0005', 'MR004'),
(516, 'PT200220-0007', 'MR005'),
(517, 'PT200220-0008', 'MR001'),
(518, 'PT200220-0009', 'MR031'),
(519, 'PT200220-0010', 'MR027'),
(520, 'PT200220-0011', 'MR033'),
(521, 'PT200221-0001', 'MR004'),
(522, 'PT200221-0002', 'MR002'),
(523, 'PT200221-0003', 'MR016'),
(524, 'PT200221-0004', 'MR032'),
(525, 'PT200221-0005', 'MR046'),
(526, 'PT200221-0006', 'MR008'),
(527, 'PT200221-0007', 'MR003'),
(528, 'PT200221-0008', 'MR029'),
(529, 'PT200221-0009', 'MR029'),
(530, 'PT200221-0010', 'MR036'),
(531, 'PT200221-0011', 'MR038'),
(532, 'PT200221-0012', 'MR038'),
(533, 'PT200222-0001', 'MR013'),
(534, 'PT200222-0002', 'MR033'),
(535, 'PT200222-0003', 'MR042'),
(536, 'PT200222-0004', 'MR030'),
(537, 'PT200222-0005', 'MR040'),
(538, 'PT200223-0001', 'MR001'),
(539, 'PT200223-0002', 'MR029'),
(540, 'PT200223-0003', 'MR031'),
(541, 'PT200223-0004', 'MR002'),
(542, 'PT200223-0005', 'MR006'),
(543, 'PT200223-0006', 'MR039'),
(544, 'PT200224-0001', 'MR004'),
(545, 'PT200224-0002', 'MR024'),
(546, 'PT200224-0002', 'MR025'),
(547, 'PT200224-0003', 'MR029'),
(548, 'PT200224-0004', 'MR005'),
(549, 'PT200224-0005', 'MR016'),
(550, 'PT200224-0006', 'MR007'),
(551, 'PT200224-0007', 'MR005'),
(552, 'PT200224-0008', 'MR002'),
(553, 'PT200224-0009', 'MR004'),
(554, 'PT200224-0011', 'MR046'),
(555, 'PT200224-0012', 'MR044'),
(556, 'PT200225-0001', 'MR033'),
(557, 'PT200225-0002', 'MR026'),
(558, 'PT200225-0003', 'MR004'),
(559, 'PT200225-0004', 'MR038'),
(560, 'PT200225-0005', 'MR004'),
(561, 'PT200225-0006', 'MR001'),
(562, 'PT200225-0007', 'MR008'),
(563, 'PT200225-0008', 'MR002'),
(564, 'PT200225-0009', 'MR030'),
(565, 'PT200225-0010', 'MR003'),
(566, 'PT200226-0001', 'MR033'),
(567, 'PT200226-0002', 'MR041'),
(568, 'PT200226-0003', 'MR029'),
(569, 'PT200226-0004', 'MR017'),
(570, 'PT200226-0005', 'MR002'),
(571, 'PT200226-0006', 'MR004'),
(572, 'PT200226-0007', 'MR036'),
(573, 'PT200226-0008', 'MR006'),
(574, 'PT200226-0009', 'MR013'),
(575, 'PT200226-0010', 'MR044'),
(576, 'PT200226-0011', 'MR005'),
(577, 'PT200227-0001', 'MR024'),
(578, 'PT200227-0001', 'MR025'),
(579, 'PT200227-0002', 'MR004'),
(580, 'PT200227-0003', 'MR006'),
(581, 'PT200227-0004', 'MR043'),
(582, 'PT200227-0005', 'MR007'),
(583, 'PT200227-0006', 'MR029'),
(584, 'PT200227-0007', 'MR005'),
(585, 'PT200227-0008', 'MR002'),
(586, 'PT200227-0009', 'MR001'),
(587, 'PT200227-0010', 'MR046'),
(588, 'PT200227-0011', 'MR030'),
(589, 'PT200227-0012', 'MR008'),
(590, 'PT200228-0001', 'MR042'),
(591, 'PT200228-0002', 'MR041'),
(592, 'PT200228-0003', 'MR016'),
(593, 'PT200228-0004', 'MR004'),
(594, 'PT200228-0005', 'MR012'),
(595, 'PT200228-0006', 'MR002'),
(596, 'PT200228-0007', 'MR008'),
(597, 'PT200228-0008', 'MR015'),
(598, 'PT200228-0009', 'MR044'),
(599, 'PT200228-0010', 'MR038'),
(600, 'PT200228-0011', 'MR046'),
(601, 'PT200228-0012', 'MR003'),
(602, 'PT200228-0013', 'MR033'),
(603, 'PT200229-0005', 'MR045'),
(604, 'PT200229-0006', 'MR045'),
(605, 'PT200229-0007', 'MR045'),
(606, 'PT200229-0008', 'MR045'),
(607, 'PT200229-0009', 'MR045'),
(608, 'PT200229-0010', 'MR045'),
(609, 'PT200229-0011', 'MR045'),
(610, 'PT200229-0012', 'MR045'),
(611, 'PT200229-0013', 'MR045'),
(612, 'PT200229-0014', 'MR009'),
(613, 'PT200229-0015', 'MR009'),
(614, 'PT200229-0016', 'MR009'),
(615, 'PT200229-0017', 'MR031'),
(616, 'PT200229-0018', 'MR031'),
(617, 'PT200229-0019', 'MR005'),
(618, 'PT200229-0020', 'MR006'),
(619, 'PT200229-0021', 'MR013'),
(623, 'PT200229-0025', 'MR011'),
(624, 'PT200229-0026', 'MR010'),
(625, 'PT200229-0027', 'MR032'),
(626, 'PT200229-0028', 'MR032'),
(627, 'PT200229-0029', 'MR032'),
(628, 'PT200229-0030', 'MR042'),
(629, 'PT200229-0031', 'MR012'),
(630, 'PT200229-0032', 'MR012'),
(631, 'PT200229-0033', 'MR012'),
(632, 'PT200229-0034', 'MR012'),
(633, 'PT200229-0035', 'MR012'),
(634, 'PT200301-0001', 'MR007'),
(635, 'PT200301-0002', 'MR038'),
(636, 'PT200301-0003', 'MR001'),
(637, 'PT200301-0004', 'MR044'),
(639, 'PT200301-0005', 'MR042'),
(640, 'PT200301-0006', 'MR002'),
(641, 'PT200301-0007', 'MR027'),
(642, 'PT200301-0008', 'MR005'),
(643, 'PT200301-0009', 'MR039'),
(644, 'PT200301-0010', 'MR006'),
(645, 'PT200302-0001', 'MR004'),
(647, 'PT200302-0003', 'MR038'),
(648, 'PT200302-0004', 'MR046'),
(649, 'PT200302-0005', 'MR002'),
(650, 'PT200302-0006', 'MR026'),
(651, 'PT200302-0007', 'MR033'),
(652, 'PT200302-0008', 'MR012'),
(653, 'PT200302-0010', 'MR016'),
(654, 'PT200302-0011', 'MR006'),
(655, 'PT200302-0012', 'MR009'),
(656, 'PT200302-0013', 'MR027'),
(657, 'PT200303-0001', 'MR045'),
(658, 'PT200303-0002', 'MR026'),
(659, 'PT200303-0003', 'MR004'),
(660, 'PT200303-0004', 'MR038'),
(661, 'PT200303-0005', 'MR009'),
(662, 'PT200303-0006', 'MR002'),
(663, 'PT200303-0007', 'MR045'),
(664, 'PT200303-0008', 'MR004'),
(665, 'PT200303-0009', 'MR001'),
(666, 'PT200303-0010', 'MR005'),
(668, 'PT200303-0012', 'MR003'),
(669, 'PT200303-0013', 'MR006'),
(670, 'PT200303-0014', 'MR008'),
(671, 'PT200304-0001', 'MR033'),
(672, 'PT200304-0002', 'MR042'),
(673, 'PT200304-0003', 'MR026'),
(674, 'PT200304-0004', 'MR041'),
(675, 'PT200304-0005', 'MR016'),
(676, 'PT200304-0006', 'MR001'),
(677, 'PT200304-0007', 'MR046'),
(678, 'PT200304-0008', 'MR045'),
(679, 'PT200304-0009', 'MR002'),
(680, 'PT200304-0010', 'MR013'),
(681, 'PT200304-0011', 'MR004'),
(682, 'PT200304-0012', 'MR029'),
(683, 'PT200304-0013', 'MR006'),
(684, 'PT200304-0014', 'MR005'),
(685, 'PT200304-0015', 'MR017'),
(686, 'PT200305-0001', 'MR005'),
(687, 'PT200305-0002', 'MR007'),
(688, 'PT200305-0003', 'MR045'),
(689, 'PT200305-0004', 'MR002'),
(690, 'PT200305-0005', 'MR006'),
(691, 'PT200305-0006', 'MR004'),
(692, 'PT200305-0007', 'MR001'),
(693, 'PT200305-0008', 'MR038'),
(694, 'PT200305-0009', 'MR029'),
(695, 'PT200305-0010', 'MR043'),
(696, 'PT200306-0001', 'MR041'),
(697, 'PT200306-0002', 'MR004'),
(698, 'PT200306-0003', 'MR008'),
(699, 'PT200306-0004', 'MR046'),
(700, 'PT200306-0005', 'MR012'),
(701, 'PT200306-0006', 'MR045'),
(702, 'PT200306-0007', 'MR013'),
(703, 'PT200306-0008', 'MR002'),
(704, 'PT200306-0009', 'MR038'),
(705, 'PT200306-0011', 'MR036'),
(706, 'PT200306-0012', 'MR029'),
(707, 'PT200306-0013', 'MR003'),
(708, 'PT200307-0001', 'MR042'),
(709, 'PT200307-0002', 'MR016'),
(710, 'PT200307-0003', 'MR044'),
(711, 'PT200308-0001', 'MR036'),
(712, 'PT200308-0002', 'MR045'),
(713, 'PT200308-0003', 'MR029'),
(714, 'PT200308-0004', 'MR046'),
(715, 'PT200308-0005', 'MR002'),
(716, 'PT200308-0006', 'MR006'),
(717, 'PT200308-0007', 'MR006'),
(718, 'PT200308-0008', 'MR029'),
(719, 'PT200308-0009', 'MR044'),
(720, 'PT200308-0010', 'MR001'),
(721, 'PT200308-0011', 'MR026'),
(722, 'PT200308-0012', 'MR038'),
(723, 'PT200309-0001', 'MR026'),
(724, 'PT200309-0002', 'MR004'),
(725, 'PT200309-0003', 'MR038'),
(726, 'PT200309-0004', 'MR016'),
(727, 'PT200309-0005', 'MR001'),
(728, 'PT200309-0006', 'MR046'),
(729, 'PT200309-0007', 'MR045'),
(730, 'PT200309-0008', 'MR012'),
(731, 'PT200309-0009', 'MR002'),
(732, 'PT200309-0010', 'MR029'),
(733, 'PT200309-0011', 'MR006'),
(734, 'PT200309-0012', 'MR001'),
(735, 'PT200309-0013', 'MR005'),
(736, 'PT200309-0014', 'MR044'),
(737, 'PT200309-0015', 'MR003'),
(738, 'PT200310-0001', 'MR029'),
(739, 'PT200310-0002', 'MR026'),
(740, 'PT200310-0003', 'MR004'),
(741, 'PT200310-0004', 'MR043'),
(742, 'PT200310-0005', 'MR001'),
(743, 'PT200310-0006', 'MR015'),
(744, 'PT200310-0007', 'MR002'),
(745, 'PT200310-0008', 'MR042'),
(746, 'PT200310-0009', 'MR008'),
(747, 'PT200310-0010', 'MR030'),
(748, 'PT200310-0011', 'MR003'),
(749, 'PT200310-0012', 'MR044'),
(750, 'PT200311-0001', 'MR045'),
(751, 'PT200311-0002', 'MR038'),
(753, 'PT200311-0004', 'MR001'),
(754, 'PT200311-0005', 'MR041'),
(755, 'PT200311-0006', 'MR026'),
(756, 'PT200311-0007', 'MR017'),
(757, 'PT200311-0008', 'MR009'),
(758, 'PT200311-0009', 'MR016'),
(759, 'PT200311-0010', 'MR004'),
(760, 'PT200311-0011', 'MR050'),
(761, 'PT200311-0012', 'MR045'),
(762, 'PT200311-0013', 'MR046'),
(763, 'PT200311-0014', 'MR042'),
(764, 'PT200311-0015', 'MR038'),
(765, 'PT200311-0016', 'MR002'),
(766, 'PT200311-0017', 'MR047'),
(767, 'PT200311-0018', 'MR003'),
(768, 'PT200311-0019', 'MR029'),
(769, 'PT200311-0020', 'MR044'),
(770, 'PT200311-0021', 'MR036'),
(771, 'PT200311-0022', 'MR033'),
(772, 'PT200311-0023', 'MR008'),
(773, 'PT200311-0024', 'MR027'),
(774, 'PT200312-0001', 'MR038'),
(775, 'PT200312-0002', 'MR029'),
(776, 'PT200312-0003', 'MR009'),
(777, 'PT200312-0004', 'MR017'),
(778, 'PT200312-0005', 'MR016'),
(779, 'PT200312-0006', 'MR002'),
(780, 'PT200312-0007', 'MR004'),
(781, 'PT200312-0008', 'MR006'),
(782, 'PT200312-0009', 'MR047'),
(783, 'PT200312-0010', 'MR006'),
(784, 'PT200312-0011', 'MR045'),
(785, 'PT200312-0012', 'MR036'),
(786, 'PT200312-0013', 'MR005'),
(787, 'PT200312-0014', 'MR003'),
(788, 'PT200312-0015', 'MR033'),
(789, 'PT200313-0001', 'MR041'),
(790, 'PT200313-0002', 'MR038'),
(791, 'PT200313-0003', 'MR030'),
(792, 'PT200313-0004', 'MR029'),
(793, 'PT200313-0005', 'MR045'),
(794, 'PT200313-0006', 'MR046'),
(795, 'PT200313-0007', 'MR005'),
(796, 'PT200313-0008', 'MR016'),
(797, 'PT200313-0009', 'MR008'),
(798, 'PT200313-0010', 'MR036'),
(799, 'PT200313-0011', 'MR027'),
(800, 'PT200313-0012', 'MR009'),
(801, 'PT200313-0013', 'MR020'),
(802, 'PT200313-0014', 'MR026'),
(803, 'PT200313-0015', 'MR020'),
(804, 'PT200313-0016', 'MR039'),
(805, 'PT200315-0001', 'MR038'),
(806, 'PT200316-0001', 'MR044'),
(807, 'PT200317-0001', 'MR033'),
(808, 'PT200317-0002', 'MR044'),
(809, 'PT200317-0003', 'MR027'),
(810, 'PT200317-0004', 'MR001'),
(811, 'PT200317-0005', 'MR044'),
(812, 'PT200318-0001', 'MR001'),
(813, 'PT200318-0002', 'MR006'),
(814, 'PT200318-0003', 'MR027'),
(815, 'PT200318-0004', 'MR006'),
(816, 'PT200318-0005', 'MR002'),
(817, 'PT200318-0006', 'MR005'),
(818, 'PT200318-0007', 'MR044'),
(819, 'PT200318-0008', 'MR009'),
(820, 'PT200318-0009', 'MR041'),
(821, 'PT200318-0010', 'MR033'),
(822, 'PT200319-0001', 'MR001'),
(823, 'PT200319-0002', 'MR005'),
(824, 'PT200319-0003', 'MR006'),
(825, 'PT200319-0004', 'MR002'),
(826, 'PT200319-0005', 'MR009'),
(827, 'PT200319-0006', 'MR044'),
(828, 'PT200319-0007', 'MR027'),
(829, 'PT200319-0008', 'MR001'),
(830, 'PT200320-0001', 'MR008'),
(831, 'PT200320-0002', 'MR005');

-- --------------------------------------------------------

--
-- Struktur dari tabel `kelas_pertemuan`
--

CREATE TABLE `kelas_pertemuan` (
  `id_kelas_p` char(5) NOT NULL,
  `id_pengajar` char(5) NOT NULL,
  `id_mata_pelajaran` char(4) NOT NULL,
  `hari` varchar(50) NOT NULL,
  `jam_mulai` time NOT NULL,
  `jam_berakhir` time NOT NULL,
  `harga_fee` int(10) NOT NULL,
  `harga_spp` int(10) NOT NULL,
  `id_sharing` char(5) NOT NULL,
  `nama_sharing` varchar(50) NOT NULL,
  `status` enum('Normal','Terhapus') NOT NULL
) ENGINE=InnoDB DEFAULT CHARSET=latin1;

--
-- Dumping data untuk tabel `kelas_pertemuan`
--

INSERT INTO `kelas_pertemuan` (`id_kelas_p`, `id_pengajar`, `id_mata_pelajaran`, `hari`, `jam_mulai`, `jam_berakhir`, `harga_fee`, `harga_spp`, `id_sharing`, `nama_sharing`, `status`) VALUES
('KL001', 'PE001', 'MP01', 'Senin sd Jumat', '17:00:00', '18:30:00', 27000, 45000, 'null', 'kosong', 'Normal'),
('KL002', 'PE001', 'MP01', 'Selasa Dan Jumat', '19:00:00', '20:00:00', 23000, 40000, 'null', 'kosong', 'Normal'),
('KL004', 'PE001', 'MP01', 'Senin sd Rabu (Alice/Cristo)', '15:00:00', '16:30:00', 25000, 45000, 'null', 'kosong', 'Normal'),
('KL005', 'PE001', 'MP01', 'Senin sd Rabu', '15:00:00', '16:30:00', 30000, 65000, 'PE020', 'Miss Alvi', 'Normal'),
('KL006', 'PE002', 'MP01', 'Selasa, Kamis, Jumat (Jenice)', '18:00:00', '19:00:00', 43000, 65000, 'PE026', 'Deta', 'Normal'),
('KL007', 'PE004', 'MP01', 'Kamis (vino)', '15:00:00', '16:30:00', 27000, 45000, 'PE024', 'Miss Nisa', 'Normal'),
('KL008', 'PE005', 'MP01', 'Rabu Sabtu (atma)', '18:00:00', '19:00:00', 23000, 35000, 'null', 'kosong', 'Normal'),
('KL009', 'PE005', 'MP01', 'Senin Jumat (atma)', '16:00:00', '17:00:00', 23000, 35000, 'null', 'kosong', 'Normal'),
('KL010', 'PE005', 'MP01', 'Selasa Kamis (matthew)', '14:00:00', '15:00:00', 25000, 35000, 'null', 'kosong', 'Normal'),
('KL011', 'PE006', 'MP01', 'Selasa Kamis', '16:00:00', '17:00:00', 24000, 43000, 'null', 'kosong', 'Normal'),
('KL012', 'PE006', 'MP01', 'Rabu', '18:00:00', '19:00:00', 24000, 43000, 'null', 'kosong', 'Normal'),
('KL013', 'PE006', 'MP01', 'Jumat', '15:00:00', '16:00:00', 24000, 43000, 'null', 'kosong', 'Normal'),
('KL014', 'PE006', 'MP01', 'Selasa Kamis (lydia)', '17:00:00', '18:00:00', 27000, 45000, 'null', 'kosong', 'Normal'),
('KL015', 'PE006', 'MP01', 'Rabu (lydia)', '19:00:00', '20:00:00', 27000, 45000, 'null', 'kosong', 'Normal'),
('KL016', 'PE006', 'MP01', 'Jumat (lydia)', '16:00:00', '17:00:00', 27000, 45000, 'null', 'kosong', 'Normal'),
('KL017', 'PE007', 'MP01', 'Rabu Jumat (gladis)', '15:00:00', '17:00:00', 40000, 50000, 'PE023', 'Miss Ayu', 'Normal'),
('KL018', 'PE007', 'MP01', 'Selasa Rabu Kamis (zea)', '18:00:00', '19:30:00', 25000, 45000, 'PE014', 'Miss Nurul', 'Normal'),
('KL019', 'PE008', 'MP02', 'Sabtu', '18:00:00', '19:30:00', 30000, 0, 'null', 'kosong', 'Normal'),
('KL020', 'PE008', 'MP02', 'Minggu', '10:00:00', '11:30:00', 30000, 0, 'null', 'kosong', 'Normal'),
('KL021', 'PE009', 'MP02', 'Minggu', '18:00:00', '19:30:00', 30000, 0, 'null', 'kosong', 'Normal'),
('KL022', 'PE009', 'MP02', 'Azzhara', '10:00:00', '11:30:00', 30000, 0, 'null', 'kosong', 'Normal'),
('KL025', 'PE009', 'MP01', 'Selasa (evan atau ivan)', '15:00:00', '16:00:00', 27000, 45000, 'null', 'kosong', 'Normal'),
('KL026', 'PE009', 'MP01', 'Selasa (tata)', '17:30:00', '18:30:00', 25000, 40000, 'null', 'kosong', 'Normal'),
('KL027', 'PE010', 'MP01', 'Senin Rabu (marco)', '18:00:00', '19:30:00', 35000, 55000, 'null', 'kosong', 'Normal'),
('KL028', 'PE011', 'MP01', 'Rabu (rangga)', '15:00:00', '16:00:00', 25000, 40000, 'null', 'kosong', 'Normal'),
('KL029', 'PE012', 'MP01', 'Senin sd Jumat (heaven)', '17:00:00', '18:30:00', 25000, 40000, 'null', 'kosong', 'Normal'),
('KL030', 'PE013', 'MP01', 'Senin sd Jumat (kayla)', '15:00:00', '16:00:00', 25000, 43000, 'PE001', 'Miss Novi', 'Normal'),
('KL031', 'PE013', 'MP01', 'Rabu Kamis Jumat (alin)', '16:30:00', '17:30:00', 23000, 40000, 'null', 'kosong', 'Normal'),
('KL032', 'PE013', 'MP01', 'Senin Rabu (michael ph)', '18:00:00', '19:30:00', 30000, 50000, 'PE023', 'Miss Ayu', 'Normal'),
('KL033', 'PE013', 'MP01', 'Senin Rabu Jumat (michael sbh)', '17:00:00', '18:30:00', 27000, 45000, 'null', 'kosong', 'Normal'),
('KL034', 'PE015', 'MP01', 'Selasa (Irish)', '15:00:00', '16:00:00', 23000, 25000, 'null', 'kosong', 'Normal'),
('KL035', 'PE016', 'MP01', 'Kamis Senin (electra)', '15:30:00', '16:30:00', 30000, 50000, 'PE022', 'Miss Bella', 'Normal'),
('KL036', 'PE018', 'MP01', 'Rabu Jumat (grace)', '16:00:00', '17:30:00', 30000, 40000, 'PE023', 'Miss Ayu', 'Normal'),
('KL037', 'PE018', 'MP01', 'Selasa', '15:00:00', '16:00:00', 25000, 40000, 'null', 'kosong', 'Normal'),
('KL038', 'PE019', 'MP01', 'Senin sd Jumat (devin)', '15:00:00', '17:00:00', 37000, 60000, 'null', 'kosong', 'Normal'),
('KL039', 'PE022', 'MP01', 'senin kamis (heaven)', '15:00:00', '16:00:00', 27000, 35000, 'null', 'kosong', 'Normal'),
('KL040', 'PE022', 'MP01', 'Senin Selasa Kamis Minggu (carlos)', '18:00:00', '19:00:00', 30000, 50000, 'PE023', 'Miss Ayu', 'Normal'),
('KL041', 'PE020', 'MP01', 'Senin sd Jumat (keno)', '15:00:00', '17:00:00', 37000, 55000, 'null', 'kosong', 'Normal'),
('KL042', 'PE020', 'MP01', 'Rabu (jes)', '14:00:00', '15:30:00', 24000, 40000, 'null', 'kosong', 'Normal'),
('KL043', 'PE017', 'MP01', 'Rabu Jumat (vania)', '14:00:00', '15:00:00', 24000, 35000, 'null', 'kosong', 'Normal'),
('KL044', 'PE023', 'MP01', 'Selasa Kamis (Jason)', '18:00:00', '19:30:00', 35000, 57000, 'null', 'kosong', 'Normal'),
('KL045', 'PE023', 'MP01', 'Selasa Jumat (Grace)', '16:00:00', '18:00:00', 37000, 57000, 'null', 'kosong', 'Normal'),
('KL046', 'PE021', 'MP01', 'Sabtu (jeslin)', '14:00:00', '15:00:00', 25000, 40000, 'null', 'kosong', 'Normal'),
('KL047', 'PE014', 'MP01', 'Senin sd Jumat (gwen)', '15:00:00', '16:30:00', 24000, 35000, 'null', 'kosong', 'Normal'),
('KL048', 'PE014', 'MP01', 'selasa sd kamis (rei)', '18:00:00', '19:00:00', 21000, 40000, 'PE007', 'Miss Fatimah', 'Normal'),
('KL049', 'PE003', 'MP01', 'senin dan rabu', '03:00:00', '16:00:00', 25000, 40000, 'PE024', 'Miss Nisa', 'Normal'),
('KL050', 'PE003', 'MP01', 'senin dan rabu', '16:00:00', '17:00:00', 23000, 35000, 'PE024', 'Miss Nisa', 'Normal'),
('KL051', 'PE021', 'MP02', 'kamis', '03:30:00', '17:00:00', 30000, 45000, 'null', 'kosong', 'Normal'),
('KL052', 'PE024', 'MP01', 'Senin Rabu (Aafiyah', '18:00:00', '19:30:00', 27000, 45000, 'PE023', 'Miss Ayu', 'Normal'),
('KL053', 'PE025', 'MP01', 'senin - jumat', '18:30:00', '19:30:00', 37000, 50000, 'PE020', 'Miss Alvi', 'Normal'),
('KL054', 'PE028', 'MP01', 'Senin sd Jumat (Lili)', '17:00:00', '18:30:00', 37000, 50000, 'null', 'kosong', 'Normal'),
('KL055', 'PE021', 'MP01', 'senin-rabu-jumat', '05:00:00', '06:30:00', 27000, 45000, 'null', 'kosong', 'Normal'),
('KL056', 'PE003', 'MP01', 'senin dan kamis', '03:00:00', '04:00:00', 24000, 35000, 'PE018', 'Miss Winnie', 'Normal'),
('KL057', 'PE009', 'MP01', 'SENIN SELASA (IVAN DAN EVAN)', '16:00:00', '17:30:00', 33000, 65000, 'null', 'kosong', 'Normal'),
('KL058', 'PE014', 'MP01', 'rabu', '06:00:00', '07:30:00', 27000, 45000, 'null', 'kosong', 'Normal'),
('KL059', 'PE027', 'MP01', 'selasa, rabu, kamis', '06:00:00', '07:00:00', 24000, 45000, 'null', 'kosong', 'Normal'),
('KL060', 'PE021', 'MP01', 'rabu dan sabtu', '06:00:00', '07:00:00', 24000, 35000, 'null', 'kosong', 'Normal'),
('KL061', 'PE021', 'MP02', 'rabu', '12:00:00', '01:00:00', 23000, 35000, 'null', 'kosong', 'Normal');

-- --------------------------------------------------------

--
-- Stand-in struktur untuk tampilan `list_detail_bayar_spp`
-- (Lihat di bawah untuk tampilan aktual)
--
CREATE TABLE `list_detail_bayar_spp` (
`id_pertemuan` char(13)
,`id_pengajar` char(5)
,`nama_pengajar` varchar(50)
,`username` varchar(50)
,`foto` char(6)
,`hari_btn` varchar(6)
,`waktu_mulai` datetime
,`waktu_berakhir` datetime
,`lokasi_mulai_la` text
,`lokasi_mulai_lo` text
,`lokasi_berakhir_la` text
,`lokasi_berakhir_lo` text
,`status_pertemuan` enum('Selesai','Belum Selesai','Batal')
,`status_konfirmasi` enum('Valid','Invalid')
,`status_fee` enum('Belum Terbayar','Sudah Terbayar')
,`status_spp` enum('Belum Lunas','Sudah Lunas')
,`deskripsi` text
,`id_kelas_p` char(5)
,`hari_jadwal` varchar(50)
,`jam_mulai` time
,`jam_berakhir` time
,`harga_fee` int(10)
,`harga_spp` int(10)
,`id_mata_pelajaran` char(4)
,`nama_mata_pelajaran` varchar(50)
,`id_detail_bayar_spp` int(11)
,`id_bayar_spp` char(13)
);

-- --------------------------------------------------------

--
-- Stand-in struktur untuk tampilan `list_detail_penggajian`
-- (Lihat di bawah untuk tampilan aktual)
--
CREATE TABLE `list_detail_penggajian` (
`id_pertemuan` char(13)
,`id_pengajar` char(5)
,`nama_pengajar` varchar(50)
,`username` varchar(50)
,`foto` char(6)
,`hari_btn` varchar(6)
,`waktu_mulai` datetime
,`waktu_berakhir` datetime
,`lokasi_mulai_la` text
,`lokasi_mulai_lo` text
,`lokasi_berakhir_la` text
,`lokasi_berakhir_lo` text
,`status_pertemuan` enum('Selesai','Belum Selesai','Batal')
,`status_konfirmasi` enum('Valid','Invalid')
,`status_fee` enum('Belum Terbayar','Sudah Terbayar')
,`status_spp` enum('Belum Lunas','Sudah Lunas')
,`deskripsi` text
,`id_kelas_p` char(5)
,`hari_jadwal` varchar(50)
,`jam_mulai` time
,`jam_berakhir` time
,`harga_fee` int(10)
,`id_mata_pelajaran` char(4)
,`nama_mata_pelajaran` varchar(50)
,`id_penggajian` char(13)
,`id_detail_penggajian` int(11)
);

-- --------------------------------------------------------

--
-- Stand-in struktur untuk tampilan `list_kelas`
-- (Lihat di bawah untuk tampilan aktual)
--
CREATE TABLE `list_kelas` (
`id_kelas_p` char(5)
,`hari` varchar(50)
,`jam_mulai` time
,`jam_berakhir` time
,`harga_fee` int(10)
,`harga_spp` int(10)
,`id_sharing` char(5)
,`nama_sharing` varchar(50)
,`status` enum('Normal','Terhapus')
,`id_pengajar` char(5)
,`nama_pengajar` varchar(50)
,`id_mata_pelajaran` char(4)
,`nama_pelajaran` varchar(50)
);

-- --------------------------------------------------------

--
-- Stand-in struktur untuk tampilan `list_murid`
-- (Lihat di bawah untuk tampilan aktual)
--
CREATE TABLE `list_murid` (
`id_murid` char(5)
,`nama` varchar(50)
,`id_wali_murid` char(5)
,`nama_wali_murid` varchar(50)
,`alamat` text
,`foto` char(6)
);

-- --------------------------------------------------------

--
-- Stand-in struktur untuk tampilan `list_murid_by_kelas`
-- (Lihat di bawah untuk tampilan aktual)
--
CREATE TABLE `list_murid_by_kelas` (
`id_murid` char(5)
,`nama` varchar(50)
,`id_wali_murid` char(5)
,`nama_wali_murid` varchar(50)
,`alamat` text
,`foto` char(6)
,`id_kelas_p` char(5)
,`id_detail_kelas_p` int(11)
);

-- --------------------------------------------------------

--
-- Stand-in struktur untuk tampilan `list_penggajian`
-- (Lihat di bawah untuk tampilan aktual)
--
CREATE TABLE `list_penggajian` (
`id_penggajian` char(13)
,`waktu` datetime
,`total_pertemuan` int(2)
,`total_harga_fee` int(10)
,`id_pengajar` char(5)
,`nama_pengajar` varchar(50)
,`id_admin` char(4)
,`nama_admin` varchar(50)
);

-- --------------------------------------------------------

--
-- Stand-in struktur untuk tampilan `list_pertemuan`
-- (Lihat di bawah untuk tampilan aktual)
--
CREATE TABLE `list_pertemuan` (
`id_pertemuan` char(13)
,`id_pengajar` char(5)
,`nama_pengajar` varchar(50)
,`username` varchar(50)
,`foto` char(6)
,`hari_btn` varchar(6)
,`waktu_mulai` datetime
,`waktu_berakhir` datetime
,`lokasi_mulai_la` text
,`lokasi_mulai_lo` text
,`lokasi_berakhir_la` text
,`lokasi_berakhir_lo` text
,`status_pertemuan` enum('Selesai','Belum Selesai','Batal')
,`status_konfirmasi` enum('Valid','Invalid')
,`status_fee` enum('Belum Terbayar','Sudah Terbayar')
,`status_spp` enum('Belum Lunas','Sudah Lunas')
,`deskripsi` text
,`id_kelas_p` char(5)
,`hari_jadwal` varchar(50)
,`jam_mulai` time
,`jam_berakhir` time
,`harga_fee` int(10)
,`harga_spp` int(10)
,`id_mata_pelajaran` char(4)
,`nama_mata_pelajaran` varchar(50)
);

-- --------------------------------------------------------

--
-- Stand-in struktur untuk tampilan `list_pertemuan_belum_selesai`
-- (Lihat di bawah untuk tampilan aktual)
--
CREATE TABLE `list_pertemuan_belum_selesai` (
`id_pertemuan` char(13)
,`id_pengajar` char(5)
,`nama_pengajar` varchar(50)
,`username` varchar(50)
,`foto` char(6)
,`hari_btn` varchar(6)
,`waktu_mulai` datetime
,`waktu_berakhir` datetime
,`lokasi_mulai_la` text
,`lokasi_mulai_lo` text
,`lokasi_berakhir_la` text
,`lokasi_berakhir_lo` text
,`status_pertemuan` enum('Selesai','Belum Selesai','Batal')
,`status_konfirmasi` enum('Valid','Invalid')
,`status_fee` enum('Belum Terbayar','Sudah Terbayar')
,`status_spp` enum('Belum Lunas','Sudah Lunas')
,`deskripsi` text
,`id_kelas_p` char(5)
,`hari_jadwal` varchar(50)
,`jam_mulai` time
,`jam_berakhir` time
,`harga_fee` int(10)
,`harga_spp` int(10)
,`id_mata_pelajaran` char(4)
,`nama_mata_pelajaran` varchar(50)
);

-- --------------------------------------------------------

--
-- Stand-in struktur untuk tampilan `list_pertemuan_selesai`
-- (Lihat di bawah untuk tampilan aktual)
--
CREATE TABLE `list_pertemuan_selesai` (
`id_pertemuan` char(13)
,`id_pengajar` char(5)
,`nama_pengajar` varchar(50)
,`username` varchar(50)
,`foto` char(6)
,`hari_btn` varchar(6)
,`waktu_mulai` datetime
,`waktu_berakhir` datetime
,`lokasi_mulai_la` text
,`lokasi_mulai_lo` text
,`lokasi_berakhir_la` text
,`lokasi_berakhir_lo` text
,`status_pertemuan` enum('Selesai','Belum Selesai','Batal')
,`status_konfirmasi` enum('Valid','Invalid')
,`status_fee` enum('Belum Terbayar','Sudah Terbayar')
,`status_spp` enum('Belum Lunas','Sudah Lunas')
,`deskripsi` text
,`id_kelas_p` char(5)
,`hari_jadwal` varchar(50)
,`jam_mulai` time
,`jam_berakhir` time
,`harga_fee` int(10)
,`harga_spp` int(10)
,`id_mata_pelajaran` char(4)
,`nama_mata_pelajaran` varchar(50)
);

-- --------------------------------------------------------

--
-- Stand-in struktur untuk tampilan `list_pertemuan_spp`
-- (Lihat di bawah untuk tampilan aktual)
--
CREATE TABLE `list_pertemuan_spp` (
`id_pertemuan` char(13)
,`id_pengajar` char(5)
,`nama_pengajar` varchar(50)
,`username` varchar(50)
,`foto` char(6)
,`hari_btn` varchar(6)
,`waktu_mulai` datetime
,`waktu_berakhir` datetime
,`lokasi_mulai_la` text
,`lokasi_mulai_lo` text
,`lokasi_berakhir_la` text
,`lokasi_berakhir_lo` text
,`status_pertemuan` enum('Selesai','Belum Selesai','Batal')
,`status_konfirmasi` enum('Valid','Invalid')
,`status_fee` enum('Belum Terbayar','Sudah Terbayar')
,`status_spp` enum('Belum Lunas','Sudah Lunas')
,`deskripsi` text
,`id_kelas_p` char(5)
,`hari_jadwal` varchar(50)
,`jam_mulai` time
,`jam_berakhir` time
,`harga_fee` int(10)
,`harga_spp` int(10)
,`id_mata_pelajaran` char(4)
,`nama_mata_pelajaran` varchar(50)
,`id_wali_murid` char(5)
,`nama_wali_murid` varchar(50)
);

-- --------------------------------------------------------

--
-- Struktur dari tabel `mata_pelajaran`
--

CREATE TABLE `mata_pelajaran` (
  `id_mata_pelajaran` char(4) NOT NULL,
  `nama` varchar(50) NOT NULL
) ENGINE=InnoDB DEFAULT CHARSET=latin1;

--
-- Dumping data untuk tabel `mata_pelajaran`
--

INSERT INTO `mata_pelajaran` (`id_mata_pelajaran`, `nama`) VALUES
('MP01', 'All Mapel'),
('MP02', 'B Inggris');

-- --------------------------------------------------------

--
-- Struktur dari tabel `murid`
--

CREATE TABLE `murid` (
  `id_murid` char(5) NOT NULL,
  `id_wali_murid` char(5) NOT NULL,
  `nama` varchar(50) NOT NULL,
  `foto` char(6) NOT NULL
) ENGINE=InnoDB DEFAULT CHARSET=latin1;

--
-- Dumping data untuk tabel `murid`
--

INSERT INTO `murid` (`id_murid`, `id_wali_murid`, `nama`, `foto`) VALUES
('MR001', 'WM001', 'Carlos', 'FMR001'),
('MR002', 'WM004', 'Kevin SDK', 'DEFFMR'),
('MR003', 'WM005', 'Michelle', 'FMR003'),
('MR004', 'WM006', 'Heaven', 'FMR004'),
('MR005', 'WM002', 'Kevin RH', 'DEFFMR'),
('MR006', 'WM002', 'Lydia', 'DEFFMR'),
('MR007', 'WM008', 'Electra', 'DEFFMR'),
('MR008', 'WM008', 'Jenice', 'DEFFMR'),
('MR009', 'WM010', 'Kayla', 'DEFFMR'),
('MR010', 'WM011', 'Fael', 'DEFFMR'),
('MR011', 'WM011', 'Tirza', 'DEFFMR'),
('MR012', 'WM013', 'feli', 'DEFFMR'),
('MR013', 'WM013', 'Grace Avarina', 'DEFFMR'),
('MR014', 'WM014', 'Rangga', 'DEFFMR'),
('MR015', 'WM015', 'Tata', 'DEFFMR'),
('MR016', 'WM016', 'Gwen', 'DEFFMR'),
('MR017', 'WM017', 'Matthew', 'DEFFMR'),
('MR018', 'WM018', 'Irish', 'DEFFMR'),
('MR019', 'WM019', 'Evan', 'DEFFMR'),
('MR020', 'WM019', 'Ivan', 'DEFFMR'),
('MR021', 'WM019', 'Twins', 'DEFFMR'),
('MR022', 'WM020', 'Zea', 'DEFFMR'),
('MR023', 'WM020', 'Rei', 'DEFFMR'),
('MR024', 'WM021', 'Alice atau Christo', 'FMR024'),
('MR026', 'WM021', 'Alice & Christo', 'FMR026'),
('MR027', 'WM022', 'Michael PH', 'DEFFMR'),
('MR028', 'WM023', 'Michael SBH', 'FMR028'),
('MR029', 'WM024', 'Gladys', 'DEFFMR'),
('MR030', 'WM024', 'Grace Amanda', 'DEFFMR'),
('MR031', 'WM025', 'Alin', 'DEFFMR'),
('MR032', 'WM026', 'Vino', 'DEFFMR'),
('MR033', 'WM027', 'Atma', 'DEFFMR'),
('MR034', 'WM028', 'Razan', 'DEFFMR'),
('MR035', 'WM029', 'Marco', 'DEFFMR'),
('MR036', 'WM031', 'Jason', 'DEFFMR'),
('MR037', 'WM030', 'Devin', 'DEFFMR'),
('MR038', 'WM030', 'Keno', 'DEFFMR'),
('MR039', 'WM033', 'Alhabsi', 'DEFFMR'),
('MR040', 'WM034', 'Azzahra', 'DEFFMR'),
('MR041', 'WM035', 'vania', 'DEFFMR'),
('MR042', 'WM032', 'Jeslin', 'DEFFMR'),
('MR043', 'WM036', 'geo', 'DEFFMR'),
('MR044', 'WM037', 'Aafiyah', 'DEFFMR'),
('MR045', 'WM006', 'Lili', 'DEFFMR'),
('MR046', 'WM038', 'Stanley', 'DEFFMR'),
('MR047', 'WM039', 'rafael', 'DEFFMR'),
('MR048', 'WM039', 'rafael', 'DEFFMR'),
('MR049', 'WM039', 'rafael', 'DEFFMR'),
('MR050', 'WM032', 'lyvia', 'DEFFMR');

-- --------------------------------------------------------

--
-- Struktur dari tabel `pengajar`
--

CREATE TABLE `pengajar` (
  `id_pengajar` char(5) NOT NULL,
  `nama` varchar(50) NOT NULL,
  `username` varchar(50) NOT NULL,
  `password` char(60) NOT NULL,
  `alamat` text NOT NULL,
  `no_hp` varchar(20) NOT NULL,
  `foto` char(6) NOT NULL
) ENGINE=InnoDB DEFAULT CHARSET=latin1;

--
-- Dumping data untuk tabel `pengajar`
--

INSERT INTO `pengajar` (`id_pengajar`, `nama`, `username`, `password`, `alamat`, `no_hp`, `foto`) VALUES
('PE001', 'Miss Novi', 'novibs', '$2y$10$wNmdFD00C/lAMCXkEcBuVOZ4OAhmwgohqojBnjFjDIFuv7UV.34FK', 'Jl. Kalimantan', '089624941716', 'FPE001'),
('PE002', 'Mr Anton', 'antonbs', '$2y$10$huumbKwGiq5omCcMZaTGV.4YZcDuHuYOYAVii1Lz/hNgo7mlDmH42', 'Jl. Mastrip', '082234164472', 'FPE002'),
('PE003', 'Miss Beta', 'betabs', '$2y$10$H.FXrfbrvAAmlKj79g8zw.e3PnouPKKCmn02Bp9ZHRizigGLj75CG', 'Jl. Jawa', '082231936063', 'FPE003'),
('PE004', 'Miss Della', 'dellabs', '$2y$10$S2rOSnOrlZqzovPZkc5ihuIDOQ1J8AjsbjIeOIVzsz.F.gNmg/1GO', 'Gebang Jember', '081231251178', 'FPE004'),
('PE005', 'Miss Devi', 'devibs', '$2y$10$d6LZmi8ue.ItzVgpaxJc4OBOU1YiFU7iyiwOzKbsihKyN0Ajgq1ly', 'Jl. Karimata', '081232383608', 'FPE005'),
('PE006', 'Miss Eka', 'ekabs', '$2y$10$sNQNAxjJAOU1YlNkaKN9euX6tAEZf.Ch5dOdopO2y5BWF/N3ZLM7u', 'Jl. Mastrip', '085259185433', 'FPE006'),
('PE007', 'Miss Fatimah', 'fatimahbs', '$2y$10$ScM/qe6kDx9eXWPXGJnkauSndnaQOHx5iq.ZZ6Ooq5K3pE7ndmyD6', 'Panti Jember', '082122015820', 'FPE007'),
('PE008', 'Miss Lela', 'lelabs', '$2y$10$GiWtbVCkEd/7Ajloa7zW9uzD0.mMsXEPfwkEdAu5Kzexhv1P.wEC6', 'Jl. Mojopahit', '085330765833', 'FPE008'),
('PE009', 'Miss Linda', 'lindabs', '$2y$10$wDPjoryRqs5U3IYrT61ouu1mj7qVUeHThLz4IoeYMn/lq/F/IJjmy', 'Mangli Jember', '089617399346', 'FPE009'),
('PE010', 'Miss Nona', 'nonabs', '$2y$10$p6cBv1.SyinrZqh16uyv9OGwtkSBDNdpXPoVepTEjP5ESiaZy34pe', 'Jl. Mastrip', '089635753244', 'FPE010'),
('PE011', 'Miss Nazila', 'nazilabs', '$2y$10$mLGDhCMSvkd8rxbC/U0rDO6HvmNS6Y3OxOrkv2ilBUPBOk/loEczm', 'Patrang Jember', '082132535366', 'FPE011'),
('PE012', 'Miss Nancy', 'nancybs', '$2y$10$TKyd1xokyPHjBTVfm0pqqu17fropLZ.96iMKcI3RG1sEmo.RgX64i', 'Kreongan Jember', '081357922644', 'FPE012'),
('PE013', 'Miss Ninis', 'ninisbs', '$2y$10$q7BPLVFwU5P1tqy509SUdOOOKvVeCXyddGdqz3/msoOijU/k6qheO', 'Patrang Jember', '089520900271', 'FPE013'),
('PE014', 'Miss Nurul', 'nurulbs', '$2y$10$GAZ1bmpkKxd1b1zZ0EJ/9eszeGDK0nLHcHgoQT2eb0fCHKYqML8D2', 'Mangli Jember', '089687141710', 'FPE014'),
('PE015', 'Miss Rara', 'rarabs', '$2y$10$ZHY69Zz566HQneVfXJeu0.EaJKtiPjNZM9ceVPR8p81/JlTDG2lBG', 'Jember', '085695618541', 'FPE015'),
('PE016', 'Miss Riska', 'riskabs', '$2y$10$QhcocgpUa3jKBWNy.tOx/OwyHlJoXaOSpVrSHL.zBe7nSS0eOi4uW', 'Jember', '082266626220', 'FPE016'),
('PE017', 'Miss Titis', 'titisbs', '$2y$10$at.YLkTVdPJoTBrGxjymYOFGucZ1MIHbV9T6kOlJIliDKwUDGHQJK', 'Jember', '081234016761', 'FPE017'),
('PE018', 'Miss Winnie', 'winniebs', '$2y$10$QKRubNRYe264mGmQWeDspOEChLs2wh.xE/4tcEtBlvFUQmy62Utqe', 'Jember', '-', 'FPE018'),
('PE019', 'Zulfikar', 'zulfikarbs', '$2y$10$lW5Z8Wg8uFUU2b.5N0.24uDJe2y62quc788EsNHI3fScIKq0qrqG2', 'Antirogo - Jember', '081336414173', 'FPE019'),
('PE020', 'Miss Alvi', 'alvibs', '$2y$10$oInfKW/5gOH7qcyqlm/O3eIYARgt3W2n/k6o3AtEhblRa8KExBiuq', 'Jember', '08989796916', 'FPE020'),
('PE021', 'Miss dita', 'ditabs', '$2y$10$lSFhg.GW5/KgwVjoHzUrSOz8o7/Un3lfBLdGEhJtRH3lXoR4NBMjq', 'Jember', '081333620754', 'FPE021'),
('PE022', 'Miss Bella', 'bellabs', '$2y$10$mQsAqK1cbrq0cQIJPaACI.ukvLhbX33fKk4QGuyiSUxcuFuJ.GqRu', 'Jember', '082231922238', 'FPE022'),
('PE023', 'Miss Ayu', 'ayubs', '$2y$10$fxElfiQo4KqPe4gfAuyvEOGgHdfx5b03l.TtM4.uNteqS9kOGht/e', 'Jember', '081917165152', 'FPE023'),
('PE024', 'Miss Nisa', 'nisabs', '$2y$10$ELpHq6.HbDpKamD75zVAROEGY88m4Su4r2i6dls5vzj4qlZaWnVte', 'Jember', '081233358836', 'FPE024'),
('PE025', 'Miss Dika', 'dikabs', '$2y$10$ztoVw.5z977AHmmNMmuD.OgeiKQaIJcgwukCx04lR94r8ztt/wA8e', 'Jember', '085204870798', 'FPE025'),
('PE026', 'Deta', 'detabs', '$2y$10$CT5qcA8I6JjrJLHEuStxuuwV1sYbghW8BH6DZEnX5v636gImrSr2K', 'Jember', '-', 'DEFFPE'),
('PE027', 'ms febri', 'febribs', '$2y$10$lTNYyL0omGf01BR8j.5ZUewkY41Ss56EZo.qDBQX7/OjX0EqZum6q', 'jember', '083846707992', 'DEFFPE');

-- --------------------------------------------------------

--
-- Struktur dari tabel `penggajian`
--

CREATE TABLE `penggajian` (
  `id_penggajian` char(13) NOT NULL,
  `id_pengajar` char(5) NOT NULL,
  `id_admin` char(4) NOT NULL,
  `waktu` datetime NOT NULL,
  `total_pertemuan` int(2) NOT NULL,
  `total_harga_fee` int(10) NOT NULL
) ENGINE=InnoDB DEFAULT CHARSET=latin1;

--
-- Dumping data untuk tabel `penggajian`
--

INSERT INTO `penggajian` (`id_penggajian`, `id_pengajar`, `id_admin`, `waktu`, `total_pertemuan`, `total_harga_fee`) VALUES
('PG200202-0001', 'PE001', 'AD01', '2020-02-02 08:27:17', 32, 872000),
('PG200202-0002', 'PE021', 'AD01', '2020-02-02 08:32:24', 9, 235000),
('PG200202-0003', 'PE001', 'AD01', '2020-02-02 16:21:00', 12, 331000),
('PG200202-0004', 'PE001', 'AD01', '2020-02-02 16:21:36', 1, 23000),
('PG200202-0005', 'PE005', 'AD01', '2020-02-02 16:26:24', 16, 382000),
('PG200202-0006', 'PE005', 'AD01', '2020-02-02 16:27:01', 2, 46000),
('PG200202-0007', 'PE006', 'AD01', '2020-02-02 16:27:24', 16, 408000),
('PG200202-0008', 'PE007', 'AD01', '2020-02-02 16:28:06', 14, 425000),
('PG200202-0009', 'PE007', 'AD01', '2020-02-02 16:28:26', 3, 105000),
('PG200202-0010', 'PE008', 'AD01', '2020-02-02 16:28:45', 3, 90000),
('PG200202-0011', 'PE009', 'AD01', '2020-02-02 16:28:57', 10, 269000),
('PG200202-0012', 'PE008', 'AD01', '2020-02-02 16:29:33', 1, 30000),
('PG200202-0013', 'PE012', 'AD01', '2020-02-02 16:30:31', 12, 300000),
('PG200202-0014', 'PE012', 'AD01', '2020-02-02 16:30:44', 4, 100000),
('PG200202-0015', 'PE013', 'AD01', '2020-02-02 16:31:04', 25, 610000),
('PG200202-0016', 'PE013', 'AD01', '2020-02-02 16:31:25', 8, 192000),
('PG200202-0017', 'PE013', 'AD01', '2020-02-02 16:31:37', 1, 25000),
('PG200202-0018', 'PE014', 'AD01', '2020-02-02 16:31:58', 11, 264000),
('PG200202-0019', 'PE017', 'AD01', '2020-02-02 16:32:44', 5, 120000),
('PG200202-0020', 'PE018', 'AD01', '2020-02-02 16:33:18', 1, 30000),
('PG200202-0021', 'PE019', 'AD01', '2020-02-02 16:34:28', 1, 37000),
('PG200202-0022', 'PE020', 'AD01', '2020-02-02 16:35:03', 13, 455000),
('PG200202-0023', 'PE020', 'AD01', '2020-02-02 16:36:15', 5, 172000),
('PG200202-0024', 'PE022', 'AD01', '2020-02-02 16:37:14', 14, 400000),
('PG200202-0025', 'PE022', 'AD01', '2020-02-02 16:37:16', 14, 400000),
('PG200202-0026', 'PE022', 'AD01', '2020-02-02 16:37:30', 6, 179000),
('PG200202-0027', 'PE023', 'AD01', '2020-02-02 16:38:26', 17, 581000),
('PG200202-0028', 'PE023', 'AD01', '2020-02-02 16:38:56', 4, 136000),
('PG200301-0001', 'PE001', 'AD01', '2020-03-01 12:27:18', 38, 1009000),
('PG200301-0002', 'PE002', 'AD01', '2020-03-01 12:28:11', 8, 344000),
('PG200301-0003', 'PE001', 'AD01', '2020-03-01 12:28:40', 18, 487000),
('PG200301-0004', 'PE003', 'AD01', '2020-03-01 12:29:04', 18, 433000),
('PG200301-0005', 'PE005', 'AD01', '2020-03-01 12:29:34', 17, 401000),
('PG200301-0006', 'PE006', 'AD01', '2020-03-01 12:30:20', 27, 687000),
('PG200301-0007', 'PE007', 'AD01', '2020-03-01 12:30:52', 7, 250000),
('PG200301-0008', 'PE006', 'AD01', '2020-03-01 12:31:41', 8, 201000),
('PG200301-0009', 'PE009', 'AD01', '2020-03-01 12:32:15', 18, 520000),
('PG200301-0010', 'PE010', 'AD01', '2020-03-01 12:32:48', 3, 105000),
('PG200301-0011', 'PE012', 'AD01', '2020-03-01 12:33:29', 18, 450000),
('PG200301-0012', 'PE013', 'AD01', '2020-03-01 12:34:07', 18, 458000),
('PG200301-0013', 'PE014', 'AD01', '2020-03-01 12:34:39', 3, 69000),
('PG200301-0014', 'PE017', 'AD01', '2020-03-01 12:34:59', 4, 96000),
('PG200301-0015', 'PE020', 'AD01', '2020-03-01 12:35:15', 18, 614000),
('PG200301-0016', 'PE021', 'AD01', '2020-03-01 12:35:49', 37, 950000),
('PG200301-0017', 'PE021', 'AD01', '2020-03-01 12:36:29', 17, 435000),
('PG200301-0018', 'PE022', 'AD01', '2020-03-01 12:37:03', 24, 696000),
('PG200301-0019', 'PE022', 'AD01', '2020-03-01 12:37:38', 4, 114000),
('PG200301-0020', 'PE023', 'AD01', '2020-03-01 12:38:02', 31, 1083000),
('PG200301-0021', 'PE023', 'AD01', '2020-03-01 12:38:31', 11, 375000),
('PG200301-0022', 'PE024', 'AD01', '2020-03-01 12:39:18', 6, 156000),
('PG200301-0023', 'PE025', 'AD01', '2020-03-01 12:39:41', 16, 592000),
('PG200301-0024', 'PE026', 'AD01', '2020-03-01 12:40:26', 1, 43000),
('PG200301-0025', 'PE027', 'AD01', '2020-03-01 12:40:38', 11, 268000);

-- --------------------------------------------------------

--
-- Struktur dari tabel `pertemuan`
--

CREATE TABLE `pertemuan` (
  `id_pertemuan` char(13) NOT NULL,
  `id_pengajar` char(5) NOT NULL,
  `id_kelas_p` char(5) NOT NULL,
  `hari` varchar(6) NOT NULL,
  `waktu_mulai` datetime NOT NULL,
  `waktu_berakhir` datetime NOT NULL,
  `lokasi_mulai_la` text NOT NULL,
  `lokasi_mulai_lo` text NOT NULL,
  `lokasi_berakhir_la` text NOT NULL,
  `lokasi_berakhir_lo` text NOT NULL,
  `status_pertemuan` enum('Selesai','Belum Selesai','Batal') NOT NULL,
  `status_konfirmasi` enum('Valid','Invalid') NOT NULL,
  `status_fee` enum('Belum Terbayar','Sudah Terbayar') NOT NULL,
  `status_spp` enum('Belum Lunas','Sudah Lunas') NOT NULL,
  `harga_fee` int(10) NOT NULL,
  `harga_spp` int(10) NOT NULL,
  `deskripsi` text NOT NULL
) ENGINE=InnoDB DEFAULT CHARSET=latin1;

--
-- Dumping data untuk tabel `pertemuan`
--

INSERT INTO `pertemuan` (`id_pertemuan`, `id_pengajar`, `id_kelas_p`, `hari`, `waktu_mulai`, `waktu_berakhir`, `lokasi_mulai_la`, `lokasi_mulai_lo`, `lokasi_berakhir_la`, `lokasi_berakhir_lo`, `status_pertemuan`, `status_konfirmasi`, `status_fee`, `status_spp`, `harga_fee`, `harga_spp`, `deskripsi`) VALUES
('PT200113-0003', 'PE001', 'KL005', 'Senin', '2020-01-13 14:59:10', '2020-01-13 16:33:17', '-8.173748333333332', '113.70307166666667', '-8.186606666666668', '113.70232166666668', 'Selesai', 'Valid', 'Sudah Terbayar', 'Sudah Lunas', 30000, 65000, 'cristo belajar dg cukup baik dia fokus dengan materi PH tematik tema 6 subtema 1... good job Ko... \nalice tidak kalah hebatnyaa... dia sdah bisa blajar matematika perbandingan pecahan dg penyebut yg berbeda...'),
('PT200113-0004', 'PE022', 'KL039', 'Senin', '2020-01-13 15:11:24', '2020-01-13 16:11:09', '-8.17839791', '113.67089723', '-8.17845728', '113.67075244', 'Selesai', 'Valid', 'Sudah Terbayar', 'Sudah Lunas', 27000, 35000, 'Heaven studied types of sea creatures and some modal auxiliaries such as can, must, and will. Heaven has understood the materials very well although he was a little bit confused of using \"won\'t\" in a sentences.'),
('PT200113-0005', 'PE009', 'KL023', 'Senin', '2020-01-13 15:40:16', '2020-01-13 15:54:55', '-8.176351796267848', '113.67074556303405', '-8.17633081', '113.67090318', 'Selesai', 'Valid', 'Sudah Terbayar', 'Sudah Lunas', 27000, 45000, 'My Hobby is ...'),
('PT200113-0006', 'PE009', 'KL024', 'Senin', '2020-01-13 15:57:55', '2020-01-13 17:01:44', '-8.17641909', '113.67080244', '-8.1764045', '113.67066565', 'Selesai', 'Valid', 'Sudah Terbayar', 'Sudah Lunas', 27000, 45000, 'My Hobby is ...'),
('PT200113-0007', 'PE001', 'KL001', 'Senin', '2020-01-13 16:56:17', '2020-01-13 18:35:47', '-8.188574999999998', '113.68842666666666', '-8.195680000000001', '113.66485499999999', 'Selesai', 'Valid', 'Sudah Terbayar', 'Sudah Lunas', 27000, 45000, 'kevin adalah anak hebat... tapi hari ini kevin lagi kurang konsentrasi... sehingga materi kurang di pahami... maka kevin harus mengulang lagi materinya agar bsok bisa melaksanakan Ph dengan lancar'),
('PT200114-0001', 'PE009', 'KL025', 'Selasa', '2020-01-14 14:50:22', '2020-01-14 16:02:58', '-8.17640311', '113.67075412', '-8.17639865', '113.67076603', 'Selesai', 'Valid', 'Sudah Terbayar', 'Sudah Lunas', 27000, 45000, 'Simple Continuous Tense - Ivan . Sudah menguasai penggunaan continuous tense, tapi butuh latihan untuk memperkaya verb.'),
('PT200114-0002', 'PE001', 'KL005', 'Selasa', '2020-01-14 14:50:41', '2020-01-14 16:26:10', '-8.17384', '113.70278333333333', '-8.186601666666666', '113.70244499999998', 'Selesai', 'Valid', 'Sudah Terbayar', 'Sudah Lunas', 30000, 65000, 'cristo dan Alice hari ini belajar tematik dan matematika.. mereka blajar dengan penuh semangat koko Cristo sdah bisa blajar menentukan volume kubus dan balok... \nAlice sdah bisa menentukan perbandingan pecahan dan materi cuaca ekstreme... good Koko dan Cece...'),
('PT200114-0003', 'PE019', 'KL038', 'Selasa', '2020-01-14 15:01:45', '2020-01-14 17:06:10', '-8.173462296836078', '113.70783191174269', '-8.19055752363056', '113.66491095162928', 'Selesai', 'Valid', 'Sudah Terbayar', 'Sudah Lunas', 37000, 60000, 'Sering ngantuk kalo pelajaran hitungan'),
('PT200114-0004', 'PE020', 'KL041', 'Selasa', '2020-01-14 15:03:32', '2020-01-14 17:03:53', '-8.16660144', '113.71531942', '-8.19045525', '113.66476603', 'Selesai', 'Valid', 'Sudah Terbayar', 'Sudah Lunas', 37000, 55000, 'Keno sudah cepat menyelesaikan perkalian, namun salah penempatan cara di materi perbandingan matematika\nB. Indonesia merangkul surat kedinasan'),
('PT200114-0005', 'PE007', 'KL017', 'Selasa', '2020-01-14 15:40:08', '2020-01-14 18:06:40', '-8.17191067350425', '113.61734462519435', '-8.17191067350425', '113.61734462519435', 'Selesai', 'Valid', 'Sudah Terbayar', 'Sudah Lunas', 40000, 50000, 'belajar materi perbandingan senilai dan berbalik nilai. Lebih teliti lagi ya gladys dalam menghitung operasi perkalian/pembagian dalam bentuk pecahan dan desimal. Good job, udah paham konsep berbalik nilai dan perbandingan senilai. '),
('PT200114-0006', 'PE009', 'KL026', 'Selasa', '2020-01-14 16:18:28', '2020-01-14 17:39:23', '-8.154992275268985', '113.6926578499088', '-8.15316956', '113.69341734', 'Selesai', 'Valid', 'Sudah Terbayar', 'Sudah Lunas', 25000, 40000, 'Present Simple and Continuous . Tata sudah bisa membedakan simple present dan continuous, namun, masih perlu latihan lebih untuk menguasai materi tersebut.'),
('PT200114-0007', 'PE001', 'KL001', 'Selasa', '2020-01-14 16:50:40', '2020-01-14 18:29:56', '-8.194790000000001', '113.66539499999999', '-8.195960000000001', '113.66497166666667', 'Selesai', 'Valid', 'Sudah Terbayar', 'Sudah Lunas', 27000, 45000, 'kevin hari ini belajar matematika... namun kevin hari ini kurang konsen sehingga materi volume kubus belum bisa maksimal... semangat koko semoga bisa maksimal lagi belajar nya....'),
('PT200114-0008', 'PE012', 'KL029', 'Selasa', '2020-01-14 17:19:55', '2020-01-14 18:55:22', '-8.17991133', '113.67280194', '-8.17850597', '113.67070091', 'Selesai', 'Valid', 'Sudah Terbayar', 'Sudah Lunas', 25000, 40000, 'heaven telah bisa mengerjakan soal keliling segitiga, mengerjakan pr ips tema cita cita\n'),
('PT200114-0009', 'PE022', 'KL040', 'Selasa', '2020-01-14 18:09:41', '2020-01-14 19:37:09', '-8.19102069', '113.66408543', '-8.19114801', '113.66353393', 'Selesai', 'Valid', 'Sudah Terbayar', 'Sudah Lunas', 30000, 50000, 'Carlos studied English and Math. He learned about main idea in a paragraph and how to complete a sentence. He studied lenghts and multiplications. He loves drawing so I used drawing to teach him math, especially in multiplying. '),
('PT200114-0010', 'PE023', 'KL045', 'Selasa', '2020-01-14 18:26:47', '2020-01-14 20:38:53', '-8.16658113', '113.70550173', '-8.1663861', '113.70551186', 'Selesai', 'Valid', 'Sudah Terbayar', 'Sudah Lunas', 37000, 57000, 'Hari ini Grace belajar IPA (Fisika) materi kelistrikan. Semoga ilmunya bermanfaat. Ulangan sukses ????????????'),
('PT200114-0011', 'PE001', 'KL002', 'Selasa', '2020-01-14 18:55:30', '2020-01-14 19:59:16', '-8.183973333333334', '113.66770333333334', '-8.183973333333334', '113.66770333333334', 'Selesai', 'Valid', 'Sudah Terbayar', 'Sudah Lunas', 23000, 40000, 'hari ini michelle belajar dengan penuh semangat... michelle belajar matematika dg materi mengubah satuan CM ke M atau sebaliknya.... michelle sdah lancar dalam menghitung hasil nyaa... dan sdah mengerti caranya... semangat michelle... '),
('PT200115-0001', 'PE007', 'KL018', 'Rabu', '2020-01-15 09:50:45', '2020-01-15 09:51:56', '-8.17191726', '113.61743997', '-8.17191726', '113.61743997', 'Selesai', 'Valid', 'Sudah Terbayar', 'Sudah Lunas', 25000, 45000, 'hari ini zea belajar kpk dan fpb. Good job, udah makin baik dalam mengerjakan pohon faktor. Perlu ditambah hafalan perkalian lagi ya.'),
('PT200115-0002', 'PE017', 'KL043', 'Rabu', '2020-01-15 13:57:50', '2020-01-15 15:21:13', '-8.170625', '113.69732333333334', '-8.170413333333332', '113.69739999999999', 'Selesai', 'Valid', 'Sudah Terbayar', 'Sudah Lunas', 24000, 35000, 'Huruf Konsonan belum hafal\nHuruf Vokal agak hafal\nAngka 1-10\nBelajar huruf masing terbolak-balik'),
('PT200115-0003', 'PE023', 'KL045', 'Rabu', '2020-01-15 15:21:33', '2020-01-15 17:23:49', '-8.16954554', '113.70495701', '-8.16636216', '113.70525797', 'Selesai', 'Valid', 'Sudah Terbayar', 'Sudah Lunas', 37000, 57000, 'Hari ini Grace les mapel fisika. Mengerjakan latihan soal energi dan daya listrik, induksi elektromagnetik untuk ulangan harian. Semoga Sukses ????????'),
('PT200115-0004', 'PE022', 'KL049', 'Rabu', '2020-01-15 15:25:16', '2020-01-15 15:41:39', '-8.20065841', '113.69944426', '-8.20168337', '113.70787832', 'Selesai', 'Valid', 'Sudah Terbayar', 'Sudah Lunas', 23000, 40000, 'Tirza mengerjakan soal Math dan belajar IPA untuk ujian hari Sabtu'),
('PT200115-0005', 'PE007', 'KL017', 'Rabu', '2020-01-15 15:40:07', '2020-01-15 17:32:06', '-8.16666049', '113.70525166', '-8.16612072', '113.63939584', 'Selesai', 'Valid', 'Sudah Terbayar', 'Sudah Lunas', 40000, 50000, 'Hari ini belajar materi Fisika bab Energi (potensial, mekanik dan kinetik). Perlu dipahami lagi konsep dari masing energi tersebut.'),
('PT200115-0006', 'PE022', 'KL050', 'Rabu', '2020-01-15 15:41:49', '2020-01-15 16:32:45', '-8.20172108', '113.70794284', '-8.20172108', '113.70794284', 'Selesai', 'Valid', 'Sudah Terbayar', 'Sudah Lunas', 35000, 23000, 'Fael belajar mengerjakan PR Math dan belajar Bahasa Inggris tentang singular and plural objects. Fael mengerjakan soal2 dengan baik tapi masih kurang fokus.'),
('PT200115-0007', 'PE013', 'KL031', 'Rabu', '2020-01-15 16:40:30', '2020-01-15 17:35:29', '-8.18272115662694', '113.70878677815199', '-8.18263809196651', '113.7087514065206', 'Selesai', 'Valid', 'Sudah Terbayar', 'Sudah Lunas', 23000, 40000, 'Alin hari ini belajarnya semangat dan bagus, belajar Evaluasi Tematik Tema 5, Sukses Evaluasinya besok Alin !!!! '),
('PT200115-0008', 'PE020', 'KL041', 'Rabu', '2020-01-15 16:40:52', '2020-01-15 18:41:15', '-8.201318252783697', '113.8909688925672', '-8.19050685', '113.66492783', 'Selesai', 'Valid', 'Sudah Terbayar', 'Sudah Lunas', 37000, 55000, 'Keno sudah bisa dan lebih cepat mengerjakan matematika materi perbandingan. Namun harus lebih banyak diberi latihan lagi agar dapat mengerjakan diluar kepala\nMateri Ips mengerjakan tugas tentang kebutuhan ekonomi, mencari di google'),
('PT200115-0009', 'PE001', 'KL001', 'Rabu', '2020-01-15 16:47:52', '2020-01-15 18:28:13', '-8.194958333333334', '113.66518833333333', '-8.195795', '113.66470666666667', 'Selesai', 'Valid', 'Sudah Terbayar', 'Sudah Lunas', 27000, 45000, 'hari ini kevin belajar matematika... tentang volume balok... \nkevin hari ini konsen, sehingga tugasnyabdikerjakan dengan baik... pertahankan koko... koko hebat..'),
('PT200115-0012', 'PE013', 'KL030', 'Rabu', '2020-01-15 17:50:12', '2020-01-15 17:53:33', '-8.169338568113744', '113.6908352561295', '-8.169313883408904', '113.69075026363134', 'Selesai', 'Valid', 'Sudah Terbayar', 'Sudah Lunas', 25000, 43000, 'Hari Ini kayla belajar matematika tema 5 penjumlahan dan pengurangan (cm) dan (m) tingkatkan lagi belajarnya...semangat kayla '),
('PT200115-0013', 'PE006', 'KL015', 'Rabu', '2020-01-15 18:22:24', '2020-01-15 19:44:10', '-8.16384224', '113.72492037', '-8.1781853', '113.71260776', 'Selesai', 'Valid', 'Sudah Terbayar', 'Sudah Lunas', 27000, 45000, 'mengerjakan pr ipa dan ips'),
('PT200115-0014', 'PE023', 'KL044', 'Rabu', '2020-01-15 18:39:13', '2020-01-15 19:38:04', '-8.19050312', '113.66878844', '-8.19050312', '113.66878844', 'Selesai', 'Valid', 'Sudah Terbayar', 'Sudah Lunas', 35000, 57000, 'Hari ini Jason mengerjakan Tugas Seni Budaya dan tugas IPS ????????????'),
('PT200115-0015', 'PE007', 'KL018', 'Rabu', '2020-01-15 18:44:09', '2020-01-15 20:32:48', '-8.18927817', '113.62116273', '-8.18930964', '113.62144074', 'Selesai', 'Valid', 'Sudah Terbayar', 'Sudah Lunas', 25000, 45000, 'lupa mengakhiri mbak, maaf wkwk. \n\nhari ini zea belajar faktor bilangan. good job udah lancar banget. '),
('PT200115-0016', 'PE006', 'KL012', 'Rabu', '2020-01-15 19:44:34', '2020-01-15 20:28:14', '-8.17791831', '113.71276616', '-8.17790306', '113.7126443', 'Selesai', 'Valid', 'Sudah Terbayar', 'Sudah Lunas', 24000, 43000, 'mengulas buku bahasa Inggris tentang animal '),
('PT200116-0001', 'PE001', 'KL005', 'Kamis', '2020-01-16 14:50:01', '2020-01-16 16:25:24', '-8.190708333333333', '113.67609166666668', '-8.186906666666665', '113.70228333333334', 'Selesai', 'Valid', 'Sudah Terbayar', 'Sudah Lunas', 30000, 65000, 'koko christo dan cece alice harinini belajar dengan semangat.. christo belajar b.jawa dengan tenang, namun harus beberapa di ulangi... cece sudah blajar ttg tematik pb 4 dan 5... good job Ko dan Cece... '),
('PT200116-0002', 'PE020', 'KL041', 'Kamis', '2020-01-16 15:05:18', '2020-01-16 17:00:54', '-8.19058362', '113.66494615', '-8.19060885', '113.66489375', 'Selesai', 'Valid', 'Sudah Terbayar', 'Sudah Lunas', 37000, 55000, 'Keno masih awal membahas materi IPA tentang Energi, perlu adanya penjelasan berulang agar bisa mengingat materi tersebut.\nB. Inggris merencanakan tentang dialog cerita rakyat dengan mencari referensi di you tube'),
('PT200116-0003', 'PE021', 'KL051', 'Kamis', '2020-01-16 15:36:42', '2020-01-16 17:03:20', '-8.19726661', '113.70053439', '-8.19735596', '113.70051543', 'Selesai', 'Valid', 'Sudah Terbayar', 'Sudah Lunas', 30000, 45000, 'geo is talkative boy, learn a new vocabulary about sea creatures????'),
('PT200116-0004', 'PE001', 'KL001', 'Kamis', '2020-01-16 16:48:52', '2020-01-16 18:30:07', '-8.195818333333333', '113.66499666666665', '-8.195306666666665', '113.66597333333333', 'Selesai', 'Valid', 'Sudah Terbayar', 'Sudah Lunas', 27000, 45000, 'kevin hari ini belajar PH bahasa Jawa... Kevin belajarbdengan baik...namun harus.di ulangi lagi.. agar besok bisa maksimal... semangat ko...'),
('PT200116-0005', 'PE013', 'KL031', 'Kamis', '2020-01-16 16:58:32', '2020-01-16 18:03:42', '-8.169243894517422', '113.69083056226373', '-8.182663363404572', '113.70890370570123', 'Selesai', 'Valid', 'Sudah Terbayar', 'Sudah Lunas', 23000, 40000, 'Alin belajar Tematik dan BD hari ini dan mengerjakan PR Tematik .... tingkatkan terus belajarnya '),
('PT200116-0006', 'PE022', 'KL040', 'Kamis', '2020-01-16 18:27:37', '2020-01-16 19:57:11', '-8.19097617', '113.6638047', '-8.19097813', '113.66385598', 'Selesai', 'Valid', 'Sudah Terbayar', 'Sudah Lunas', 30000, 50000, 'Carlos hari ini belajar science, bahasa indonesia, dan English. Mempelajari tentang habitat hewan, bumi, dan penghubung kalimat dalam Bahasa Inggris. Carlos mudah memahami materi dan cepat mengingat tetapi Carlos kurang suka mengerjakan soal.'),
('PT200116-0007', 'PE007', 'KL018', 'Kamis', '2020-01-16 18:33:30', '2020-01-16 20:15:46', '-8.17149437', '113.61791509', '-8.18885197', '113.62086263', 'Selesai', 'Valid', 'Sudah Terbayar', 'Sudah Lunas', 25000, 45000, 'Zea kurang fokus hari ini. Hari ini belajar mtk dan bahasa inggris, dialog sehari-hari'),
('PT200117-0001', 'PE017', 'KL043', 'Jum\'at', '2020-01-17 13:30:33', '2020-01-17 14:58:19', '-8.170556666666666', '113.697335', '-8.170430000000001', '113.69750833333335', 'Selesai', 'Valid', 'Sudah Terbayar', 'Sudah Lunas', 24000, 35000, 'belajar menghafal huruf e dan c '),
('PT200117-0002', 'PE013', 'KL030', 'Jum\'at', '2020-01-17 15:45:27', '2020-01-17 16:57:17', '-8.169265477918088', '113.69080097414553', '-8.17972102202475', '113.70886959135532', 'Selesai', 'Valid', 'Sudah Terbayar', 'Sudah Lunas', 25000, 43000, 'listen and writing unit 6... prepare evaluasi unit 6 (english) , memahami sumber\" energi (ipa).... kayla belajar dengan semngat hari ini, dan mudah memahami materi unit 6 .... pertahankan kayla '),
('PT200117-0003', 'PE020', 'KL041', 'Jum\'at', '2020-01-17 16:22:48', '2020-01-17 18:00:09', '-8.19030893', '113.66484265', '-8.19045159', '113.66477303', 'Selesai', 'Valid', 'Sudah Terbayar', 'Sudah Lunas', 37000, 55000, 'Materi Bahasa Indonesia mengerjakan surat dinas dan surat pribadi, keno bisa mengerjakan dengan caranya sendiri\nBahasa Inggris membuat drama cerita rakyat dengan bahasa keno sendiri'),
('PT200117-0004', 'PE001', 'KL001', 'Jum\'at', '2020-01-17 16:44:08', '2020-01-17 18:25:05', '-8.173773333333333', '113.70288166666666', '-8.196655', '113.663105', 'Selesai', 'Valid', 'Sudah Terbayar', 'Sudah Lunas', 27000, 45000, 'hari ini kevin tidak konsentrasi terhadap materi pelajarannya.... sehingga harus di ulangi lagi untuk PB 1 smpai 4 ..... semoga hari hari berikutnya kevin bisa lebih fokus lagi...'),
('PT200117-0005', 'PE018', 'KL036', 'Jum\'at', '2020-01-17 16:54:27', '2020-01-17 17:44:31', '-8.1880463', '113.69662456', '-8.18808331', '113.6964285', 'Selesai', 'Valid', 'Sudah Terbayar', 'Sudah Lunas', 30000, 40000, 'Semangat trs dek belajarnya.'),
('PT200117-0006', 'PE001', 'KL002', 'Jum\'at', '2020-01-17 18:53:03', '2020-01-17 19:58:37', '-8.196125', '113.66515666666668', '-8.196125', '113.66515666666668', 'Selesai', 'Valid', 'Sudah Terbayar', 'Sudah Lunas', 23000, 40000, 'hari ini michelle belajar english dengan semngat... michelle blajar ttg plural and singular... meskipun lagi sakit michelle ttap semangat belajar...good job michhelle.'),
('PT200117-0007', 'PE023', 'KL044', 'Jum\'at', '2020-01-17 19:19:54', '2020-01-17 20:31:07', '-8.19057715', '113.66892011', '-8.19057715', '113.66892011', 'Selesai', 'Valid', 'Sudah Terbayar', 'Sudah Lunas', 35000, 57000, 'Jadwal Les Jason diganti hari Rabu Jumat. Hari ini Jason mengerjakan tugas membuat power point ips.. '),
('PT200118-0001', 'PE021', 'KL046', 'Sabtu', '2020-01-18 14:02:02', '2020-01-18 15:04:21', '-8.17329437', '113.69608554', '-8.1732285', '113.69629632', 'Selesai', 'Valid', 'Sudah Terbayar', 'Sudah Lunas', 25000, 40000, 'jesslyn is a little bit shy.. but she can understand about modal aux '),
('PT200118-0002', 'PE009', 'KL022', 'Sabtu', '2020-01-18 19:46:35', '2020-01-18 20:47:11', '-8.17811091', '113.65776942', '-8.193545354466686', '113.64494419522478', 'Selesai', 'Valid', 'Sudah Terbayar', 'Sudah Lunas', 30000, 0, 'Job and Prunoun (butuh diingatkan berkali kali untuk bisa mengingat dan paham)'),
('PT200118-0003', 'PE008', 'KL020', 'Sabtu', '2020-01-18 19:55:36', '2020-01-18 20:51:44', '-8.17798504', '113.65745518', '-8.19353546', '113.64496494', 'Selesai', 'Valid', 'Sudah Terbayar', 'Sudah Lunas', 30000, 0, 'Review about asking and answering someone\'s condition (the students still need to practice more)'),
('PT200119-0001', 'PE006', 'KL013', 'Minggu', '2020-01-19 16:50:45', '2020-01-19 17:30:40', '-8.16372389', '113.72501012', '-8.17803041', '113.7125627', 'Selesai', 'Valid', 'Sudah Terbayar', 'Sudah Lunas', 24000, 43000, 'Hari ini Kevin belajar tentang pengukuran. seputar alat ukur dan menghitung ukuran. Kevin belajar mengubah cm ke meter dan sebaliknya. sudah bisa untuk mengubah, namun agak kesulitan jika yang diubah merupakan angka desimal. '),
('PT200120-0001', 'PE006', 'KL016', 'Senin', '2020-01-20 12:24:46', '2020-01-20 12:25:28', '-8.175514773465693', '113.71903013437986', '-8.175534722395241', '113.7190400250256', 'Selesai', 'Valid', 'Sudah Terbayar', 'Sudah Lunas', 27000, 45000, 'absensi lydia hari sabtu. absensi error'),
('PT200120-0002', 'PE022', 'KL039', 'Senin', '2020-01-20 14:50:34', '2020-01-20 15:53:45', '-8.17858481', '113.67083029', '-8.17858481', '113.67083029', 'Selesai', 'Valid', 'Sudah Terbayar', 'Sudah Lunas', 27000, 35000, 'Heaven studied simple past and simple present including the use of \"used to\" in sentences. Heaven has done several exercises well.'),
('PT200120-0003', 'PE001', 'KL005', 'Senin', '2020-01-20 14:55:09', '2020-01-20 16:26:18', '-8.17376', '113.70288333333335', '-8.186645', '113.70237', 'Selesai', 'Valid', 'Sudah Terbayar', 'Sudah Lunas', 30000, 65000, 'hari ini Cristo dan alice belajar dengan saat hebat... materi nya sdah dikuasai dengan baik... namun lbih baik di baca kembali agar lbih diingat.... christo besoK Ph TIK sdah bisa... tinggal di bca ulang.... good job koko dan cece'),
('PT200120-0004', 'PE009', 'KL023', 'Senin', '2020-01-20 14:56:02', '2020-01-20 16:10:42', '-8.176383977840219', '113.67085828069209', '-8.17617817', '113.67094496', 'Selesai', 'Valid', 'Sudah Terbayar', 'Sudah Lunas', 27000, 45000, 'Present Continuous (Evan belum paham ketika struktur kata di rubah rubah)'),
('PT200120-0005', 'PE021', 'KL030', 'Senin', '2020-01-20 15:04:09', '2020-01-20 16:03:23', '-8.1826127', '113.70830071', '-8.18262901', '113.70825006', 'Selesai', 'Valid', 'Sudah Terbayar', 'Sudah Lunas', 25000, 43000, 'hari ini belajar ipa tentang benda yg menghasilkan energi panas dan cahaya.. kayla\'s cutest girl '),
('PT200120-0006', 'PE009', 'KL024', 'Senin', '2020-01-20 16:11:00', '2020-01-20 17:01:39', '-8.17631174', '113.67082232', '-8.17631174', '113.67082232', 'Selesai', 'Valid', 'Sudah Terbayar', 'Sudah Lunas', 27000, 45000, 'Present continuous (Ivan sudah mengusai cara pemakaiannya, namun belum begiu paham menggunakan to be dan Verb Ing yang benar ) , ADJECTIVE (masih dalam tahap pemakaian dasar)'),
('PT200120-0007', 'PE020', 'KL041', 'Senin', '2020-01-20 16:24:11', '2020-01-20 17:20:31', '-8.164109583212447', '113.71287483462656', '-8.19047421', '113.66483348', 'Selesai', 'Valid', 'Sudah Terbayar', 'Sudah Lunas', 37000, 55000, 'Keno melanjutkan rancangan drama cerita rakyat bahasa inggris berjudul jaka tarub dan 7 bidadari '),
('PT200120-0008', 'PE021', 'KL031', 'Senin', '2020-01-20 16:32:30', '2020-01-20 17:26:42', '-8.18268414', '113.7087935', '-8.1827089', '113.70886733', 'Selesai', 'Valid', 'Sudah Terbayar', 'Sudah Lunas', 23000, 40000, 'belajar penjaskes hari ini dan bahasa indonesia mengisi puisi'),
('PT200120-0009', 'PE001', 'KL001', 'Senin', '2020-01-20 16:50:25', '2020-01-20 18:23:24', '-8.19573', '113.66492833333332', '-8.195426666666666', '113.66479666666667', 'Selesai', 'Valid', 'Sudah Terbayar', 'Sudah Lunas', 27000, 45000, 'kevin belajar PH TIK dengan baik... tapii harus diulangi lagi.. agar bisa dkuasai dg baik... semnagt Ko...'),
('PT200120-0010', 'PE006', 'KL014', 'Senin', '2020-01-20 17:05:34', '2020-01-20 18:46:12', '-8.17788082', '113.71258035', '-8.17784254', '113.71282759', 'Selesai', 'Valid', 'Sudah Terbayar', 'Sudah Lunas', 27000, 45000, 'lydia mengerjakan pekerjaan rumah tentang suku dan budaya, matematika, dan ips. lydia mampu memahami dengan bantuan guru les. hanya saja seringkali tidak fokus dan melakukan hal hal lain sehingga lama sekali menyelesaikan pekerjaan rumahnya. '),
('PT200120-0011', 'PE012', 'KL029', 'Senin', '2020-01-20 17:08:10', '2020-01-20 19:20:46', '-8.178495168685913', '113.67083251476288', '-8.17849854', '113.670855', 'Selesai', 'Valid', 'Sudah Terbayar', 'Sudah Lunas', 25000, 40000, 'hari ini heaven mengerjakan pr ipa, pr budi pekerti, pr pkn dan pr ips.'),
('PT200120-0012', 'PE022', 'KL035', 'Senin', '2020-01-20 17:55:32', '2020-01-20 19:25:49', '-8.1639372', '113.70472456', '-8.16392282', '113.70512585', 'Selesai', 'Valid', 'Sudah Terbayar', 'Sudah Lunas', 30000, 50000, 'Meme mengerjakan soal Math, Science, dan English. Meme sudah cukup baik tetapi kurang teliti dalam berhitung.'),
('PT200120-0013', 'PE023', 'KL052', 'Senin', '2020-01-20 18:40:38', '2020-01-20 20:16:39', '-8.19103666', '113.68734988', '-8.19087055', '113.68714223', 'Selesai', 'Valid', 'Sudah Terbayar', 'Sudah Lunas', 27000, 45000, 'Les Salwa (Aafiyah) tentang matematika Pengukuran... ???????????? Salwa sudah bisa tapi kadang masih bingung. ????????\n'),
('PT200121-0001', 'PE009', 'KL025', 'Selasa', '2020-01-21 14:50:40', '2020-01-21 16:06:14', '-8.1780245', '113.6575317', '-8.17620264', '113.67088693', 'Selesai', 'Valid', 'Sudah Terbayar', 'Sudah Lunas', 27000, 45000, 'HOME WORK'),
('PT200121-0002', 'PE001', 'KL005', 'Selasa', '2020-01-21 14:52:36', '2020-01-21 16:30:01', '-8.206351666666666', '113.683955', '-8.186728333333333', '113.70248333333332', 'Selesai', 'Valid', 'Sudah Terbayar', 'Sudah Lunas', 30000, 65000, 'cristo dan alice belajar dengan baik hari ini... koko ada tugas PH MATH.... christo sudah bisa namun harus di ulangi lagi agar bisa lebih baik lagi.... semangat koko... '),
('PT200121-0003', 'PE007', 'KL007', 'Selasa', '2020-01-21 15:55:45', '2020-01-21 17:28:54', '-8.189314', '113.66900795', '-8.18937777', '113.66921598', 'Selesai', 'Valid', 'Sudah Terbayar', 'Sudah Lunas', 27000, 45000, 'Vino sudah menguasai materi tentang skala. menghitung dengan baik, mengkonversikan jarak di peta ke jarak sebenarnya dengan baik. Fokusnya lebih ditingkatkan lagi. '),
('PT200121-0004', 'PE020', 'KL041', 'Selasa', '2020-01-21 16:24:08', '2020-01-21 18:45:25', '-8.19033989', '113.66486026', '-8.19043404', '113.66485728', 'Selesai', 'Valid', 'Sudah Terbayar', 'Sudah Lunas', 37000, 55000, 'Keno mempelajari tentang materi aritmatika sosial. Membuat 5 soal untuk temannya topik bruto, diskon, pajak, bunga'),
('PT200121-0005', 'PE013', 'KL030', 'Selasa', '2020-01-21 16:37:09', '2020-01-21 16:39:44', '-8.182816207408905', '113.70798915624619', '-8.182816207408905', '113.70798915624619', 'Selesai', 'Valid', 'Sudah Terbayar', 'Sudah Lunas', 25000, 43000, 'Prepare UH Agama bsok : mengenal huruf hijaiyah terpisah dan tersambung,... Inggris : Unit 6 ( kayla semangat belajarnya di tingkatkan lagi yah :-) ) semngat !!!!'),
('PT200121-0006', 'PE012', 'KL029', 'Selasa', '2020-01-21 17:53:54', '2020-01-21 19:41:16', '-8.178457617759705', '113.67074131965637', '-8.17850005', '113.67074506', 'Selesai', 'Valid', 'Sudah Terbayar', 'Sudah Lunas', 25000, 40000, 'heaven telah mengerjakan pr ips, dapat membuat puisi dengan rima dan membuat tugas menggambar cita cita ku'),
('PT200121-0007', 'PE007', 'KL018', 'Selasa', '2020-01-21 18:46:56', '2020-01-22 12:51:18', '-8.18935670518992', '113.62112002812437', '-8.17205148', '113.61746743', 'Selesai', 'Valid', 'Sudah Terbayar', 'Sudah Lunas', 25000, 45000, 'mbak dew, maaf lupa diakhiri ????\n\nzea belajar matematika dan bhs inggris. perlu banyak menguasai vocab lagi. semangat ze.'),
('PT200121-0008', 'PE022', 'KL040', 'Selasa', '2020-01-21 18:56:08', '2020-01-21 20:22:10', '-8.1909482', '113.66384727', '-8.19101027', '113.66400401', 'Selesai', 'Valid', 'Sudah Terbayar', 'Sudah Lunas', 30000, 50000, 'Carlos belajar English, math, dan PPKN. Carlos melengkapi beberapa soal mengenai conjunctions dan menjawab soal perkalian serta membaca buku PPKN.'),
('PT200121-0009', 'PE006', 'KL014', 'Selasa', '2020-01-21 18:59:10', '2020-01-21 19:59:52', '-8.15996372', '113.71921166', '-8.17795138', '113.71255471', 'Selesai', 'Valid', 'Sudah Terbayar', 'Sudah Lunas', 27000, 45000, 'Lydia menyelesaikan pekerjaan rumah IPS tentang cita-cita dan profesi, dan juga pekerjaan rumah bahasa Indonesia tentang puisi. \nlydia mampu memahami tentang profesi dan perananannya. lidya juga mampu memahami ciri ciri puisi dan makna puisi tersebut'),
('PT200121-0010', 'PE023', 'KL044', 'Selasa', '2020-01-21 19:16:48', '2020-01-21 20:29:26', '-8.19059257', '113.66899872', '-8.19063601', '113.66883705', 'Selesai', 'Valid', 'Sudah Terbayar', 'Sudah Lunas', 35000, 57000, 'Ganti jadwal. Jason hari ini membuat ppt ips tentang Kegiatan Ekonomi. PPT ekonomi dikumpulkan besok ????'),
('PT200121-0011', 'PE006', 'KL011', 'Selasa', '2020-01-21 20:21:11', '2020-01-21 21:17:18', '-8.177889', '113.71264583', '-8.17792631', '113.71264607', 'Selesai', 'Valid', 'Sudah Terbayar', 'Sudah Lunas', 24000, 43000, 'kevin belajar tematik tema 5 dan bahasa Inggris tentang can dan can\'t. kevin memguasai seluruh bab dengan baik. hanya saja kevin tidak fokus karena kelelahan'),
('PT200122-0001', 'PE017', 'KL043', 'Rabu', '2020-01-22 14:16:54', '2020-01-22 15:41:43', '-8.174458333333332', '113.70476', '-8.174458333333332', '113.70476', 'Selesai', 'Valid', 'Sudah Terbayar', 'Sudah Lunas', 24000, 35000, 'Baca babibubebo Vania agak bisa, tapi masih mengeja, huruf konsonan yg hafal : c s j k z, hari ini belajar huruf f dan t sekaligus fafifufefo, tatituteto\n'),
('PT200122-0002', 'PE020', 'KL042', 'Rabu', '2020-01-22 14:35:14', '2020-01-22 16:14:02', '-8.17342051', '113.69603132', '-8.17339095', '113.69625987', 'Selesai', 'Valid', 'Sudah Terbayar', 'Sudah Lunas', 24000, 40000, 'Jessline membahas tentang keliling segitiga dan menghafal rumus cepat perkalian'),
('PT200122-0003', 'PE001', 'KL005', 'Rabu', '2020-01-22 14:55:41', '2020-01-22 16:26:36', '-8.186691666666666', '113.70216', '-8.186383333333334', '113.69381999999999', 'Selesai', 'Valid', 'Sudah Terbayar', 'Sudah Lunas', 30000, 65000, 'christo dan alice hari ini blajar Tematikndan TIK.. sma2 PH, mereka blajar dengan baik.... semangat bsok koko dan cece PH nya'),
('PT200122-0004', 'PE013', 'KL030', 'Rabu', '2020-01-22 15:18:52', '2020-01-22 16:20:44', '-8.155446108430624', '113.7023895420134', '-8.182654017582536', '113.70832887478173', 'Selesai', 'Valid', 'Sudah Terbayar', 'Sudah Lunas', 25000, 43000, 'review PS1 PS2 English dan IPA materi sumber energi ( kayla hari ini belajarnya semangat, dan mudah memahami mateti ) good job key '),
('PT200122-0005', 'PE007', 'KL017', 'Rabu', '2020-01-22 15:41:34', '2020-01-22 18:08:42', '-8.20182606886992', '113.61322140013714', '-8.16650461', '113.70539253', 'Selesai', 'Valid', 'Sudah Terbayar', 'Sudah Lunas', 40000, 50000, 'Grammar dan vocabnya perlu ditingkatkan lagi'),
('PT200122-0006', 'PE013', 'KL031', 'Rabu', '2020-01-22 16:30:30', '2020-01-22 17:45:02', '-8.182690856046975', '113.70872366242111', '-8.175315242260695', '113.69512997567654', 'Selesai', 'Valid', 'Sudah Terbayar', 'Sudah Lunas', 23000, 40000, 'Ngerjakne tugas Bahasa Daerah nulis catetan buku harian lan strukture dan mempelajari Tematik Tema 5 Sub Tema 2 untuk Evaluasi besok ( semoga lancar dan semangat alin ) '),
('PT200122-0007', 'PE001', 'KL001', 'Rabu', '2020-01-22 16:43:35', '2020-01-22 18:37:28', '-8.189621666666666', '113.67608833333334', '-8.195744999999999', '113.66494666666668', 'Selesai', 'Valid', 'Sudah Terbayar', 'Sudah Lunas', 27000, 45000, 'kevin hari ini belajar PH tematik dengan baik... fokus yg baik... tapi perluu di ulangi lagi di baca lagi... agar besok bsa maksima dapat nilai yg baik... semangat Koko...'),
('PT200122-0008', 'PE023', 'KL045', 'Rabu', '2020-01-22 17:16:53', '2020-01-22 19:26:51', '-8.16922729', '113.70469369', '-8.16922729', '113.70469369', 'Selesai', 'Valid', 'Sudah Terbayar', 'Sudah Lunas', 37000, 57000, 'Ganti jadwal Selasa ke Rabu. Hari ini Grace belajar Biologi untuk ulangan harian. Belajar tentang Mendel. Mbak maaf aku lupa nyetop tepat waktu. hehe'),
('PT200122-0009', 'PE012', 'KL029', 'Rabu', '2020-01-22 17:21:16', '2020-01-22 19:14:03', '-8.167487382888794', '113.71601164340973', '-8.17843493', '113.67087145', 'Selesai', 'Valid', 'Sudah Terbayar', 'Sudah Lunas', 25000, 40000, 'sudah dapat mengerjakan soal keliling segitiga, dapat membedakan sumberdaya alam hayati dan non hayati yg dapat di perbaharui dan tidak dapat di perbaharui, dapat menentukan bait dan baris dalam puisi'),
('PT200122-0012', 'PE023', 'KL044', 'Rabu', '2020-01-22 19:27:04', '2020-01-22 20:32:28', '-8.19056701', '113.66864923', '-8.19056701', '113.66864923', 'Selesai', 'Valid', 'Sudah Terbayar', 'Sudah Lunas', 35000, 57000, 'Hari ini Jason mengerjakan tugas bahasa jawa dan tugas ips. Mbak aku lupa login awal les.... jadi telat absennya.'),
('PT200123-0001', 'PE022', 'KL039', 'Kamis', '2020-01-23 14:48:46', '2020-01-23 15:48:39', '-8.17118958', '113.71235947', '-8.17853112', '113.67071359', 'Selesai', 'Valid', 'Sudah Terbayar', 'Sudah Lunas', 27000, 35000, 'Heaven studied expressions of suggestion and modal aux of \"must\" and \"mustn\'t\". Heaven did some exercises of past tense too and he have memorized almost all of the irregular verbs.'),
('PT200123-0002', 'PE020', 'KL041', 'Kamis', '2020-01-23 15:21:19', '2020-01-23 17:01:16', '-8.16652045', '113.71510698', '-8.19056888', '113.66483002', 'Selesai', 'Valid', 'Sudah Terbayar', 'Sudah Lunas', 37000, 55000, 'Keno mengerjakan tugas seni budaya tentang tangga nada mayor'),
('PT200123-0003', 'PE013', 'KL030', 'Kamis', '2020-01-23 15:32:14', '2020-01-23 16:28:27', '-8.145495867356658', '113.71436778455973', '-8.185359360650182', '113.70702557265759', 'Selesai', 'Valid', 'Sudah Terbayar', 'Sudah Lunas', 25000, 43000, 'Belajar IPA Bab 5 mengenai sumber energi , mengerjakan PR IPA benda\" yang dapat mengahasilkan energi bunyi cahaya gerak panas dan mempelajari Bahasa Daerah ( hari ini kayla belajarnya bagus tingkatkan terus semangat belajarnya !! ) '),
('PT200123-0005', 'PE013', 'KL031', 'Kamis', '2020-01-23 16:51:09', '2020-01-23 18:20:11', '-8.185136653482914', '113.70744039304554', '-8.18272652104497', '113.70873455889523', 'Selesai', 'Valid', 'Sudah Terbayar', 'Sudah Lunas', 23000, 40000, 'Belajar Tematik Tema 5 sub tema 3 dan mengerjakan PR hal 47-49, mempelajari Bahasa Daerah dan mengerjakan PR ( Alin hari ini belajarnya kurang semangat, karena kelelahan dan lagi sakit yah... semoga segera sembuh sayang dan terus semangat!!!!) '),
('PT200123-0006', 'PE021', 'KL051', 'Kamis', '2020-01-23 17:07:19', '2020-01-23 17:09:09', '-8.19719763', '113.70058024', '-8.19719763', '113.70058024', 'Selesai', 'Valid', 'Sudah Terbayar', 'Sudah Lunas', 30000, 45000, 'geo dapat memahami tentang materi sea worlds dengan baik.. hari ini belajar banyak vocabulary baru'),
('PT200123-0008', 'PE001', 'KL001', 'Kamis', '2020-01-23 17:37:51', '2020-01-23 20:03:44', '-8.187325', '113.667185', '-8.195676666666666', '113.66501500000001', 'Selesai', 'Valid', 'Sudah Terbayar', 'Sudah Lunas', 27000, 45000, 'koko hari ini belajar math dengan baik... namun harus di ulangi lagi agar bisa maksimal... semangat ko... remidinya besok...'),
('PT200123-0009', 'PE023', 'KL045', 'Kamis', '2020-01-23 18:11:22', '2020-01-23 20:36:50', '-8.16919419', '113.70455677', '-8.16959615', '113.70397246', 'Selesai', 'Valid', 'Sudah Terbayar', 'Sudah Lunas', 37000, 57000, 'Grace belajar matematika persiapan unbk'),
('PT200123-0010', 'PE007', 'KL018', 'Kamis', '2020-01-23 18:43:36', '2020-01-23 22:24:58', '-8.189162297183413', '113.6210084184698', '-8.19666527', '113.63465609', 'Selesai', 'Valid', 'Sudah Terbayar', 'Sudah Lunas', 25000, 45000, 'Good, zea bisa menceritakan lagi kisah nabi isa a.s dan kritis sekali.'),
('PT200124-0001', 'PE020', 'KL041', 'Jum\'at', '2020-01-24 12:37:16', '2020-01-24 14:45:11', '-8.167244678230327', '113.71846709354413', '-8.167244678230327', '113.71846709354413', 'Selesai', 'Valid', 'Sudah Terbayar', 'Sudah Lunas', 37000, 55000, 'Keno mengerjakan dialog panjang tentang bahasa inggris jaka tarub dan 7 bidadari'),
('PT200124-0003', 'PE012', 'KL029', 'Jum\'at', '2020-01-24 12:44:03', '2020-01-24 12:45:30', '-8.13703277', '113.70176677', '-8.13703277', '113.70176677', 'Selesai', 'Valid', 'Sudah Terbayar', 'Sudah Lunas', 25000, 40000, 'ganti absen kemarin error. heaven telah bisa mengerti bait dan baris dalam puisi dan makna tersirat puisi.heaven telah mengerjakan pr literasi dengan menceritakan ulang buku yg di baca.'),
('PT200124-0004', 'PE013', 'KL030', 'Jum\'at', '2020-01-24 15:40:43', '2020-01-24 16:34:34', '-8.145752144046128', '113.71429653838277', '-8.173753987066448', '113.71953899972141', 'Selesai', 'Valid', 'Sudah Terbayar', 'Sudah Lunas', 25000, 43000, 'Mempelajari Tematik Tema 4 ( kayla hari ini belajarnya oke) '),
('PT200124-0005', 'PE001', 'KL001', 'Jum\'at', '2020-01-24 16:37:35', '2020-01-24 18:11:53', '-8.175436666666666', '113.69652833333333', '-8.195711666666666', '113.66494833333333', 'Selesai', 'Valid', 'Sudah Terbayar', 'Sudah Lunas', 27000, 45000, 'koko hari ini belajar matematika.. koko sdah mau hitung perkalian susun... semngat koko... '),
('PT200124-0006', 'PE012', 'KL029', 'Jum\'at', '2020-01-24 17:29:18', '2020-01-24 19:04:01', '-8.137044310569763', '113.70171010494232', '-8.17857786', '113.67074277', 'Selesai', 'Valid', 'Sudah Terbayar', 'Sudah Lunas', 25000, 40000, 'heavwn sudah bisa mengerjakan soal kwadrat dan akar pangkat 2 dan mengerjakan pkn tentang keragaman agama'),
('PT200124-0007', 'PE020', 'KL041', 'Jum\'at', '2020-01-24 18:50:33', '2020-01-24 18:51:01', '-8.16644265', '113.71495398', '-8.16721189', '113.71849011', 'Selesai', 'Valid', 'Sudah Terbayar', 'Sudah Lunas', 37000, 55000, 'Jadwal pengganti less hari Rabu jam 15.00-17.00'),
('PT200125-0001', 'PE001', 'KL001', 'Sabtu', '2020-01-25 07:54:40', '2020-01-25 07:58:13', '-8.27344436198473', '113.48767393268645', '-8.273455342277884', '113.48754585720599', 'Selesai', 'Valid', 'Sudah Terbayar', 'Sudah Lunas', 27000, 45000, 'absensi pertemuan ke 1 tgl 6'),
('PT200125-0002', 'PE001', 'KL001', 'Sabtu', '2020-01-25 07:58:28', '2020-01-25 07:58:50', '-8.273371187970042', '113.48760277032852', '-8.273607264272869', '113.48748651333153', 'Selesai', 'Valid', 'Sudah Terbayar', 'Sudah Lunas', 27000, 45000, 'pertemuan kevin ke 2 tgl 7'),
('PT200125-0003', 'PE001', 'KL001', 'Sabtu', '2020-01-25 07:59:01', '2020-01-25 07:59:20', '-8.273664680309594', '113.48761023022234', '-8.273243908770382', '113.4877025987953', 'Selesai', 'Valid', 'Sudah Terbayar', 'Sudah Lunas', 27000, 45000, 'pertemuan kevin ke 3 tgl 9'),
('PT200125-0004', 'PE001', 'KL001', 'Sabtu', '2020-01-25 07:59:33', '2020-01-25 07:59:51', '-8.273338875733316', '113.48757393658161', '-8.273478769697249', '113.4875242318958', 'Selesai', 'Valid', 'Sudah Terbayar', 'Sudah Lunas', 27000, 45000, 'pertemuan ke 4 kevin tgl 10'),
('PT200125-0005', 'PE001', 'KL005', 'Sabtu', '2020-01-25 08:00:45', '2020-01-25 08:01:15', '-8.273480362258852', '113.48752615973353', '-8.273511417210102', '113.48748265765607', 'Selesai', 'Valid', 'Sudah Terbayar', 'Sudah Lunas', 30000, 65000, 'petemuan alice christo ke 1 tgl 6'),
('PT200125-0006', 'PE001', 'KL005', 'Sabtu', '2020-01-25 08:13:26', '2020-01-25 08:13:55', '-8.273447169922292', '113.48743538372219', '-8.273475668393075', '113.48746287636459', 'Selesai', 'Valid', 'Sudah Terbayar', 'Sudah Lunas', 30000, 65000, 'pertrmuan alice.christo ke 2 tgl 7'),
('PT200125-0007', 'PE023', 'KL044', 'Sabtu', '2020-01-25 08:58:27', '2020-01-25 09:00:02', '-8.1700378', '113.7043375', '-8.1700378', '113.7043375', 'Selesai', 'Valid', 'Sudah Terbayar', 'Sudah Lunas', 35000, 57000, 'Jason les tanggal 8 Januari 2020..'),
('PT200125-0008', 'PE014', 'KL047', 'Sabtu', '2020-01-25 09:07:39', '2020-01-25 09:09:10', '-8.273365111090243', '113.48744426853955', '-8.273365111090243', '113.48744426853955', 'Selesai', 'Valid', 'Sudah Terbayar', 'Sudah Lunas', 24000, 35000, 'pertemuan gwen ke 1 tgl 6jan20'),
('PT200125-0009', 'PE014', 'KL047', 'Sabtu', '2020-01-25 09:09:20', '2020-01-25 09:09:37', '-8.2733681704849', '113.4874621219933', '-8.2733681704849', '113.4874621219933', 'Selesai', 'Valid', 'Sudah Terbayar', 'Sudah Lunas', 24000, 35000, 'gwen ke 2 tgl 7jan 20'),
('PT200125-0010', 'PE014', 'KL047', 'Sabtu', '2020-01-25 09:09:47', '2020-01-25 09:10:03', '-8.273354801349342', '113.48747528158128', '-8.273335271514952', '113.48742021247745', 'Selesai', 'Valid', 'Sudah Terbayar', 'Sudah Lunas', 24000, 35000, 'gwen ke 3 tgl 8jan20'),
('PT200125-0011', 'PE014', 'KL047', 'Sabtu', '2020-01-25 09:10:19', '2020-01-25 09:10:39', '-8.273550937883556', '113.48751165904105', '-8.273515105247498', '113.48743613809347', 'Selesai', 'Valid', 'Sudah Terbayar', 'Sudah Lunas', 24000, 35000, 'gwen ke 4 tgl 9jan 2020'),
('PT200125-0012', 'PE014', 'KL047', 'Sabtu', '2020-01-25 09:10:52', '2020-01-25 09:11:16', '-8.273492599837482', '113.48743664100766', '-8.273522481322289', '113.4875144250691', 'Selesai', 'Valid', 'Sudah Terbayar', 'Sudah Lunas', 24000, 35000, 'gwen 5 tgl 14jan20'),
('PT200125-0013', 'PE014', 'KL047', 'Sabtu', '2020-01-25 09:11:28', '2020-01-25 09:11:44', '-8.27344142831862', '113.4874919615686', '-8.27344142831862', '113.4874919615686', 'Selesai', 'Valid', 'Sudah Terbayar', 'Sudah Lunas', 24000, 35000, 'gwen 6 tgl 15ja  20'),
('PT200125-0014', 'PE014', 'KL047', 'Sabtu', '2020-01-25 09:11:56', '2020-01-25 09:12:11', '-8.273464771918952', '113.48751652054489', '-8.273464771918952', '113.48751652054489', 'Selesai', 'Valid', 'Sudah Terbayar', 'Sudah Lunas', 24000, 35000, 'gwen 7 16jan 20'),
('PT200125-0015', 'PE014', 'KL047', 'Sabtu', '2020-01-25 09:12:35', '2020-01-25 09:12:51', '-8.27342382632196', '113.48745105788112', '-8.27342382632196', '113.48745105788112', 'Selesai', 'Valid', 'Sudah Terbayar', 'Sudah Lunas', 24000, 35000, 'gwen 8 20jan 20'),
('PT200125-0016', 'PE014', 'KL047', 'Sabtu', '2020-01-25 09:13:07', '2020-01-25 09:13:26', '-8.273304970934987', '113.48745147697628', '-8.273304970934987', '113.48745147697628', 'Selesai', 'Valid', 'Sudah Terbayar', 'Sudah Lunas', 24000, 35000, 'gwen9 21jan 2020'),
('PT200125-0018', 'PE014', 'KL047', 'Sabtu', '2020-01-25 09:14:36', '2020-01-25 09:14:54', '-8.273441260680556', '113.48756404593587', '-8.273441260680556', '113.48756404593587', 'Selesai', 'Valid', 'Sudah Terbayar', 'Sudah Lunas', 24000, 35000, 'gwen 10 22jan 20'),
('PT200125-0019', 'PE014', 'KL047', 'Sabtu', '2020-01-25 09:15:11', '2020-01-25 09:15:28', '-8.273518458008766', '113.48738291300833', '-8.273518458008766', '113.48738291300833', 'Selesai', 'Valid', 'Sudah Terbayar', 'Sudah Lunas', 24000, 35000, 'gwen 11 jan 2320'),
('PT200125-0021', 'PE008', 'KL020', 'Sabtu', '2020-01-25 19:59:53', '2020-01-25 20:38:59', '-8.19365699', '113.64482828', '-8.19349729', '113.64488262', 'Selesai', 'Valid', 'Sudah Terbayar', 'Sudah Lunas', 30000, 0, 'Fun learning (pronunciation)'),
('PT200126-0001', 'PE008', 'KL019', 'Minggu', '2020-01-26 10:48:47', '2020-01-26 11:31:27', '-8.186512148865091', '113.65313421674345', '-8.20736118', '113.682881', 'Selesai', 'Valid', 'Sudah Terbayar', 'Sudah Lunas', 30000, 0, 'Review \'pronoun\' + making nominal sentences'),
('PT200126-0002', 'PE022', 'KL040', 'Minggu', '2020-01-26 15:01:25', '2020-01-26 16:29:18', '-8.1708202', '113.70300089', '-8.19068371', '113.66384898', 'Selesai', 'Valid', 'Sudah Terbayar', 'Sudah Lunas', 30000, 50000, 'Carlos mengerjakan PR English tentang membuat kalimat menggunakan conjunctions, mengerjakan PR math tentang meghitung length, mengerjakan PR Bindo tentang melengkapi kalimat dalam teks, dan mereview pekerjaan2 sekolah yg kemarin dikerjakan.'),
('PT200126-0003', 'PE013', 'KL030', 'Minggu', '2020-01-26 16:13:05', '2020-01-26 16:13:31', '-8.207329963333905', '113.697250764817', '-8.207323509268463', '113.69723961688578', 'Selesai', 'Valid', 'Sudah Terbayar', 'Sudah Lunas', 25000, 43000, 'absensj kayla ke 1 tgl 6jan 20'),
('PT200126-0004', 'PE013', 'KL030', 'Minggu', '2020-01-26 16:13:44', '2020-01-26 16:14:04', '-8.207392073236406', '113.69721765629947', '-8.207299495115876', '113.69717658497393', 'Selesai', 'Valid', 'Sudah Terbayar', 'Sudah Lunas', 25000, 43000, 'absensi kayla 2 tgl 7jan20'),
('PT200126-0005', 'PE013', 'KL030', 'Minggu', '2020-01-26 16:14:16', '2020-01-26 16:14:32', '-8.207385619170964', '113.6971347592771', '-8.207375770434737', '113.69727515615523', 'Selesai', 'Valid', 'Sudah Terbayar', 'Sudah Lunas', 25000, 43000, 'absensi kayla 3 9jan20'),
('PT200126-0006', 'PE013', 'KL030', 'Minggu', '2020-01-26 16:14:44', '2020-01-26 16:15:05', '-8.20738767273724', '113.69715898297727', '-8.207402131520212', '113.69714833796024', 'Selesai', 'Valid', 'Sudah Terbayar', 'Sudah Lunas', 25000, 43000, 'absensi kayla 4 10jan20'),
('PT200126-0007', 'PE013', 'KL031', 'Minggu', '2020-01-26 16:15:18', '2020-01-26 16:15:42', '-8.207345469854772', '113.69719066657126', '-8.207345469854772', '113.69719066657126', 'Selesai', 'Valid', 'Sudah Terbayar', 'Sudah Lunas', 23000, 40000, 'absensi alin 1 6jan 20'),
('PT200126-0008', 'PE013', 'KL031', 'Minggu', '2020-01-26 16:15:56', '2020-01-26 16:16:13', '-8.207284323871136', '113.69726803153753', '-8.207352384924889', '113.69723006151617', 'Selesai', 'Valid', 'Sudah Terbayar', 'Sudah Lunas', 23000, 40000, 'alin 2 10jan20'),
('PT200126-0009', 'PE013', 'KL031', 'Minggu', '2020-01-26 16:23:58', '2020-01-26 16:24:20', '-8.20728206075728', '113.69721547700465', '-8.20728206075728', '113.69721547700465', 'Selesai', 'Valid', 'Sudah Terbayar', 'Sudah Lunas', 23000, 40000, 'alin meeting 3 13 jan20'),
('PT200126-0010', 'PE013', 'KL030', 'Minggu', '2020-01-26 16:26:53', '2020-01-26 16:27:15', '-8.207433186471462', '113.6972505133599', '-8.207433186471462', '113.6972505133599', 'Selesai', 'Valid', 'Sudah Terbayar', 'Sudah Lunas', 25000, 43000, 'meeting kayla 5 tgl 13 jan 20'),
('PT200126-0011', 'PE001', 'KL001', 'Minggu', '2020-01-26 17:30:27', '2020-01-26 19:21:07', '-8.171701666666667', '113.70308833333333', '-8.195188333333334', '113.66558166666667', 'Selesai', 'Valid', 'Sudah Terbayar', 'Sudah Lunas', 27000, 45000, 'kevin hari ini belajar math dan jawa dengan baik... semangt bsok Ko...'),
('PT200127-0001', 'PE001', 'KL004', 'Senin', '2020-01-27 14:49:03', '2020-01-27 16:24:58', '-8.166419999999999', '113.71102', '-8.18687', '113.70241666666668', 'Selesai', 'Valid', 'Sudah Terbayar', 'Sudah Lunas', 25000, 45000, 'cristo hari ini belajar Math.. tentang Volume... chriato belajar dengan baik... namun harus di pelajari lagi dan lebih hati2 lagi dalam perhitungannyaa... semangat Ko..'),
('PT200127-0002', 'PE022', 'KL023', 'Senin', '2020-01-27 15:08:42', '2020-01-27 16:09:01', '-8.17620455', '113.67098179', '-8.17634301', '113.6707515', 'Selesai', 'Valid', 'Sudah Terbayar', 'Sudah Lunas', 27000, 45000, 'Ivan studied present progressive and adjective. He also studied the differences between present simple and present progressive. He had finished the exercises very well although he was not really careful and forgot some patterns.'),
('PT200127-0003', 'PE020', 'KL041', 'Senin', '2020-01-27 15:17:40', '2020-01-27 17:02:01', '-8.16646427', '113.71497268', '-8.19054297', '113.66474494', 'Selesai', 'Valid', 'Sudah Terbayar', 'Sudah Lunas', 37000, 55000, 'Keno mengerjakan tugas bahasa inggris yaitu membuat cerita rakyat nusantara berjudul Nyi roro kidul'),
('PT200127-0004', 'PE022', 'KL024', 'Senin', '2020-01-27 16:09:13', '2020-01-27 17:14:13', '-8.17634164', '113.67077364', '-8.17634164', '113.67077364', 'Selesai', 'Valid', 'Sudah Terbayar', 'Sudah Lunas', 27000, 45000, 'Evan studied present progressive and adjective.  He also studied the differences between simple present and present progressive. He did the exercises very well but his vocabulary needs to be improved.'),
('PT200127-0005', 'PE013', 'KL031', 'Senin', '2020-01-27 16:37:46', '2020-01-27 17:25:54', '-8.169273943640292', '113.69080306962132', '-8.16921669524163', '113.69074800051749', 'Selesai', 'Valid', 'Sudah Terbayar', 'Sudah Lunas', 23000, 40000, 'mengerjakan PR Bahasa Daerah ( hari ini alin ketiduran lagi sakit dan kecapek.an , jaga kesehatan alin) '),
('PT200127-0006', 'PE001', 'KL001', 'Senin', '2020-01-27 17:05:53', '2020-01-27 18:40:24', '-8.186606666666668', '113.70226333333333', '-8.186606666666668', '113.70226333333333', 'Selesai', 'Valid', 'Sudah Terbayar', 'Sudah Lunas', 27000, 45000, 'kevin hari ini.belajar matematika tentang volume tabung dan kubus dengan baik... sudah mau menghitung dengan baik.... meskipun harus tergesa2...  besok harus diulangi lagi.. agar bisa baik lagi... '),
('PT200127-0007', 'PE023', 'KL052', 'Senin', '2020-01-27 18:26:53', '2020-01-27 20:04:08', '-8.16919336', '113.70478918', '-8.16919336', '113.70478918', 'Selesai', 'Valid', 'Sudah Terbayar', 'Sudah Lunas', 27000, 45000, 'Hari ini Salwa les Matematika operasi hitung satuan panjang. Salwa anaknya kurang teliti...'),
('PT200128-0001', 'PE013', 'KL030', 'Selasa', '2020-01-28 15:22:41', '2020-01-28 16:43:53', '-8.145693177357316', '113.71406276710331', '-8.175165331922472', '113.69473719969392', 'Selesai', 'Valid', 'Sudah Terbayar', 'Sudah Lunas', 25000, 43000, 'Agama Huruf Hijaiyah dan Tematik Tema 3 ( kayla lebih di tingkatkan lagi belajarnya ) '),
('PT200128-0002', 'PE021', 'KL047', 'Selasa', '2020-01-28 16:04:19', '2020-01-28 17:29:44', '-8.1779859', '113.69513696', '-8.17802741', '113.69524751', 'Selesai', 'Valid', 'Sudah Terbayar', 'Sudah Lunas', 24000, 35000, 'belajar untuk jadwal besok math and english'),
('PT200128-0003', 'PE023', 'KL017', 'Selasa', '2020-01-28 16:30:12', '2020-01-28 18:57:07', '-8.16637309', '113.70524377', '-8.1666182', '113.7053939', 'Selesai', 'Valid', 'Sudah Terbayar', 'Sudah Lunas', 40000, 50000, 'gladys les untuk ulangan harian matematika'),
('PT200128-0004', 'PE009', 'KL025', 'Selasa', '2020-01-28 16:30:53', '2020-01-28 17:32:57', '-8.18140702', '113.67422773', '-8.17633867263794', '113.6707466840744', 'Selesai', 'Valid', 'Sudah Terbayar', 'Sudah Lunas', 27000, 45000, 'Review materi UH (Present Continuous and Adj) . EVAN belum mampu menfhafal banyak adjective. Present Continuous sudah paham'),
('PT200128-0005', 'PE012', 'KL029', 'Selasa', '2020-01-28 17:16:03', '2020-01-28 18:39:23', '-8.1370226', '113.7017284', '-8.1784884', '113.6707342', 'Selesai', 'Valid', 'Sudah Terbayar', 'Sudah Lunas', 25000, 40000, 'telah memahami bahasa ips tentang cita cita dan sumber daya alam'),
('PT200128-0006', 'PE001', 'KL001', 'Selasa', '2020-01-28 17:48:43', '2020-01-28 19:21:48', '-8.177876666666666', '113.68063', '-8.177876666666666', '113.68063', 'Selesai', 'Valid', 'Sudah Terbayar', 'Sudah Lunas', 27000, 45000, 'kevin hari ini belajar matematika dengan baik... besok harus bisa lebih baik Lagi PH nya... cara hitungnya harus di latih lagi... semangat Ko...'),
('PT200128-0009', 'PE023', 'KL045', 'Selasa', '2020-01-28 20:04:25', '2020-01-28 22:07:40', '-8.1753017', '113.6952744', '-8.1665725', '113.705306', 'Selesai', 'Valid', 'Sudah Terbayar', 'Sudah Lunas', 37000, 57000, 'Belajar untuk Try out matematika'),
('PT200129-0001', 'PE017', 'KL043', 'Rabu', '2020-01-29 14:14:14', '2020-01-29 15:29:21', '-8.170350000000001', '113.69789166666666', '-8.170451666666667', '113.69746666666667', 'Selesai', 'Valid', 'Sudah Terbayar', 'Sudah Lunas', 24000, 35000, 'Minggu kemarin, selain huruf t dan x, Vania juga belajar huruf s.  Minggu ini, Vania masih hafal huruf s, e, dan c. Hari ini belajar huruf b dan d. Utk angka, Vania masih agak tidak hafal ketika angkanya diacak. Huruf konsonan yg dihafal sampai hari ini : k, z, v, c, s, j.'),
('PT200129-0002', 'PE020', 'KL042', 'Rabu', '2020-01-29 14:16:35', '2020-01-29 18:27:48', '-8.16727694', '113.7184638', '-8.17327982', '113.69627946', 'Selesai', 'Valid', 'Sudah Terbayar', 'Sudah Lunas', 24000, 40000, 'Jessline membahas tentang bilangan kuadrat dan akar. Mengerjakan tugas dan ditambah latihan soal soal agar bisa melatih pemahaman '),
('PT200129-0003', 'PE013', 'KL030', 'Rabu', '2020-01-29 15:13:16', '2020-01-29 16:19:34', '-8.182789469137788', '113.70822384953499', '-8.182433447800577', '113.70811597444117', 'Selesai', 'Valid', 'Sudah Terbayar', 'Sudah Lunas', 25000, 43000, 'english unit 7 ( kayla belajarnya hari ini ok untuk english, tapi tdk mau belajar matematika,, ) semngat terus kayla '),
('PT200129-0004', 'PE013', 'KL031', 'Rabu', '2020-01-29 16:19:52', '2020-01-29 17:52:48', '-8.18254744168371', '113.70877563022077', '-8.169540991075337', '113.69055454619229', 'Selesai', 'Valid', 'Sudah Terbayar', 'Sudah Lunas', 23000, 40000, 'Review Tematik Tema 3 untuk evaluasi besok ( alin belajarnya semangat dan mudah memahami untuk materi ini ) good ????????????????????');
INSERT INTO `pertemuan` (`id_pertemuan`, `id_pengajar`, `id_kelas_p`, `hari`, `waktu_mulai`, `waktu_berakhir`, `lokasi_mulai_la`, `lokasi_mulai_lo`, `lokasi_berakhir_la`, `lokasi_berakhir_lo`, `status_pertemuan`, `status_konfirmasi`, `status_fee`, `status_spp`, `harga_fee`, `harga_spp`, `deskripsi`) VALUES
('PT200129-0005', 'PE021', 'KL047', 'Rabu', '2020-01-29 16:25:36', '2020-01-29 17:48:58', '-8.17794328', '113.6952841', '-8.17737197', '113.6952919', 'Selesai', 'Valid', 'Sudah Terbayar', 'Sudah Lunas', 24000, 35000, 'hari ini belajar tentang tematik, bing dan mengerjakan homework ipa tentang energi dan kegunaannya'),
('PT200129-0006', 'PE001', 'KL001', 'Rabu', '2020-01-29 17:03:02', '2020-01-29 18:41:10', '-8.183143333333334', '113.69119166666665', '-8.183143333333334', '113.69119166666665', 'Selesai', 'Valid', 'Sudah Terbayar', 'Sudah Lunas', 27000, 45000, 'kevin hari ini belajar remodi tematik ST 1 DAN 2.... \nsudah pinter... semoga bisa berhasil besok Ko.. semangat'),
('PT200129-0007', 'PE023', 'KL044', 'Rabu', '2020-01-29 17:12:22', '2020-01-29 18:47:57', '-8.19063329', '113.66895659', '-8.19063329', '113.66895659', 'Selesai', 'Valid', 'Sudah Terbayar', 'Sudah Lunas', 35000, 57000, 'Jason mengerjakan tugas Bahasa Indonesia dan matematika. Belajar untuk ulangan Bahasa Mandarin dan Seni Budaya... '),
('PT200129-0008', 'PE009', 'KL026', 'Rabu', '2020-01-29 17:18:14', '2020-01-29 18:24:33', '-8.15351944', '113.69302742', '-8.153223395347595', '113.69346499443054', 'Selesai', 'Valid', 'Sudah Terbayar', 'Sudah Lunas', 25000, 40000, 'Continuous and simple present . (Tata perlu diingatkan tentang penggunaanya karna masih sering lupa)'),
('PT200129-0009', 'PE012', 'KL029', 'Rabu', '2020-01-29 17:19:49', '2020-01-29 19:12:45', '-8.17843239', '113.6708231', '-8.17850949', '113.6707504', 'Selesai', 'Valid', 'Sudah Terbayar', 'Sudah Lunas', 25000, 40000, 'maaf mbak lupa log out.\nwaktunya sesuai kok 1.30 menit\nheaven telah memahami metamorfosis sempurna, tidak sempurna dan daur hidup hewan. persiapan uh ipa'),
('PT200129-0010', 'PE023', 'KL052', 'Rabu', '2020-01-29 19:12:28', '2020-01-30 22:37:53', '-8.19100966', '113.68699485', '-8.17432691', '113.71875224', 'Selesai', 'Valid', 'Sudah Terbayar', 'Sudah Lunas', 27000, 45000, 'Grace les ipa untuk try out'),
('PT200130-0001', 'PE021', 'KL051', 'Kamis', '2020-01-30 14:51:50', '2020-01-30 16:32:46', '-8.19752635', '113.70066622', '-8.19750439', '113.70034553', 'Selesai', 'Valid', 'Sudah Terbayar', 'Sudah Lunas', 30000, 45000, 'today learning about simple present tense and doing some exercise.. '),
('PT200130-0002', 'PE001', 'KL004', 'Kamis', '2020-01-30 14:55:31', '2020-01-30 16:30:33', '-8.205858333333333', '113.67893666666666', '-8.186691666666666', '113.702255', 'Selesai', 'Valid', 'Sudah Terbayar', 'Sudah Lunas', 25000, 45000, 'christo hari ini belajar remidi Math dan jawa.... namun untuk math harus lebih teliti lagi... jangan lupa menuliskan satuannya.... jawa harus di ulang lagi... untuk PR TEMATIK segera selesaikan agar tdak lupa...'),
('PT200130-0003', 'PE022', 'KL039', 'Kamis', '2020-01-30 14:58:54', '2020-01-30 16:04:55', '-8.17046951', '113.71034935', '-8.17843715', '113.6707346', 'Selesai', 'Valid', 'Sudah Terbayar', 'Sudah Lunas', 27000, 35000, 'Heaven studied text about inventions, how to describe the use and the history of the inventions. He also studied about the differences between fact and opinion written in a text.'),
('PT200130-0005', 'PE013', 'KL031', 'Kamis', '2020-01-30 16:41:22', '2020-01-30 18:33:04', '-8.182486505247653', '113.70882214978337', '-8.182583400048316', '113.70894687250257', 'Selesai', 'Valid', 'Sudah Terbayar', 'Sudah Lunas', 23000, 40000, 'Mengerjakan PR Tematik 53-57 ( Memahami kalimat permintaan maaf, perhitungan km dan cm dalam matematika, memahami gerak tertiup angin) '),
('PT200130-0006', 'PE001', 'KL001', 'Kamis', '2020-01-30 16:56:12', '2020-01-30 18:29:16', '-8.183291666666666', '113.66974333333334', '-8.195744999999999', '113.66495166666667', 'Selesai', 'Valid', 'Sudah Terbayar', 'Sudah Lunas', 27000, 45000, 'koko hari ini belajar remidi bahasa jawa... dengan baik dan benar... tapi hari harus diulangi agar bisa maksimal hasilnya...'),
('PT200130-0007', 'PE006', 'KL011', 'Kamis', '2020-01-30 16:59:41', '2020-01-31 11:33:07', '-8.25972686', '113.93380354', '-8.16516765', '113.71218766', 'Selesai', 'Valid', 'Sudah Terbayar', 'Sudah Lunas', 24000, 43000, 'Lydia belajar IPA untuk ulangan harian hari ini. les dimulai pukul 4 sore sampai jam 6 sore. lydia mampu membedakan dan menyebutkan contoh2 seputar metamorfosis dam sumber daya alam. '),
('PT200130-0008', 'PE012', 'KL029', 'Kamis', '2020-01-30 17:13:47', '2020-01-30 18:35:10', '-8.15080616', '113.7030394', '-8.17847863', '113.67080003', 'Selesai', 'Valid', 'Sudah Terbayar', 'Sudah Lunas', 25000, 40000, 'heaven telah bisa menghitung akar pangkat 2 dari bilangan ribuan dengan cepat dan tepat. mengerti deklamasi puisi dan makna kata dari kbbi'),
('PT200130-0009', 'PE022', 'KL040', 'Kamis', '2020-01-30 18:13:40', '2020-01-30 19:28:33', '-8.19086192', '113.66392633', '-8.19098211', '113.66386766', 'Selesai', 'Valid', 'Sudah Terbayar', 'Sudah Lunas', 30000, 50000, 'Carlos belajar IPA tentang habitat, hewan, dan tumbuhan. Carlos juga belajar tentang bagaimana cara menjaga kebersihan ekosistem. Carlos mengerjakan soal2 dalam buku teks dengan sangat baik.'),
('PT200130-0010', 'PE007', 'KL018', 'Kamis', '2020-01-30 18:40:52', '2020-01-30 20:11:01', '-7.68040347', '112.95161296', '-8.17222908', '113.61718592', 'Selesai', 'Valid', 'Sudah Terbayar', 'Sudah Lunas', 25000, 45000, 'sudah cukup menguasai materi ppkn tentang keragaman budaya'),
('PT200130-0011', 'PE007', 'KL048', 'Kamis', '2020-01-30 20:11:15', '2020-01-30 20:11:57', '-8.17222908', '113.61718592', '-8.17222908', '113.61718592', 'Selesai', 'Valid', 'Sudah Terbayar', 'Sudah Lunas', 21000, 40000, 'sudah cukup baik menulis abjad s dan mengejanya'),
('PT200131-0001', 'PE020', 'KL041', 'Jum\'at', '2020-01-31 13:08:15', '2020-01-31 13:08:43', '-8.16721356', '113.71846553', '-8.16721356', '113.71846553', 'Selesai', 'Valid', 'Sudah Terbayar', 'Sudah Lunas', 37000, 55000, 'Less keno hari kamis kemarin. Membahas tentang dialog jaka tarub'),
('PT200131-0002', 'PE017', 'KL043', 'Jum\'at', '2020-01-31 13:27:22', '2020-01-31 14:51:57', '-8.170806666666666', '113.69746666666667', '-8.170565', '113.69738666666666', 'Selesai', 'Valid', 'Sudah Terbayar', 'Sudah Lunas', 24000, 35000, 'Vania belum bisa hafal huruf b dan d, masih kesusahan di huruf d dan suka terbolak balik. Hari ini juga belajar huruf m, r, l, n, dan t, dg menulis nama marcello, vania dan titis.'),
('PT200131-0003', 'PE007', 'KL007', 'Jum\'at', '2020-01-31 13:54:01', '2020-01-31 15:41:24', '-8.17219817', '113.61723421', '-8.17219817', '113.61723421', 'Selesai', 'Valid', 'Sudah Terbayar', 'Sudah Lunas', 27000, 45000, 'Lebih teliti lagi menghitungnya dan mengkonversikan satuan. semangaaat'),
('PT200131-0005', 'PE023', 'KL036', 'Jum\'at', '2020-01-31 15:43:33', '2020-01-31 18:19:34', '-8.16922842', '113.70470496', '-8.18797931', '113.69659597', 'Selesai', 'Valid', 'Sudah Terbayar', 'Sudah Lunas', 30000, 40000, 'Grace latihan untuk ulangan matematika dan fisika'),
('PT200131-0006', 'PE021', 'KL047', 'Jum\'at', '2020-01-31 15:56:01', '2020-01-31 17:02:03', '-8.17803864', '113.69519612', '-8.17810793', '113.69515146', 'Selesai', 'Valid', 'Sudah Terbayar', 'Sudah Lunas', 24000, 35000, 'hari ini mengerjakan homework bahasa daerah gwen '),
('PT200131-0007', 'PE007', 'KL017', 'Jum\'at', '2020-01-31 16:07:56', '2020-01-31 21:01:21', '-8.17219817', '113.61723421', '-8.17219817', '113.61723421', 'Selesai', 'Valid', 'Sudah Terbayar', 'Sudah Lunas', 40000, 50000, 'Hari ini gladys belajar 4 jam. \nmasih kurang memahami konsep dari energi potensial, kinetik dan mekanik.'),
('PT200131-0008', 'PE001', 'KL001', 'Jum\'at', '2020-01-31 16:34:11', '2020-01-31 18:09:51', '-8.195738333333333', '113.6649', '-8.195785', '113.66490333333334', 'Selesai', 'Valid', 'Sudah Terbayar', 'Sudah Lunas', 27000, 45000, 'kevin hari ini belajar tematik persiapan PH hari senin... kevin belajar dengan baik... semangat ko... harus bisa lagi...'),
('PT200131-0009', 'PE013', 'KL030', 'Jum\'at', '2020-01-31 16:42:35', '2020-01-31 17:53:54', '-8.169181742705405', '113.69100683368742', '-8.179526561871171', '113.70859039016068', 'Selesai', 'Valid', 'Sudah Terbayar', 'Sudah Lunas', 25000, 43000, 'mengerjakan PR tematik tema 5 ( PPKN dan Bahasa Indonesia) hari ini kayla lagi bad mood belajarnya .... tingkatkan terus belajarnya key...semangat '),
('PT200131-0010', 'PE012', 'KL029', 'Jum\'at', '2020-01-31 17:41:33', '2020-01-31 19:19:41', '-8.1370226', '113.7017284', '-8.17847753', '113.6706998', 'Selesai', 'Valid', 'Sudah Terbayar', 'Sudah Lunas', 25000, 40000, 'heaven telah memahami deklamasi puisi, mengubah puisi, bait dn baris dan parafrase puisi.\nheaven telah hafal lagu padhang bulan beserta gerakannya'),
('PT200131-0011', 'PE001', 'KL002', 'Jum\'at', '2020-01-31 18:38:57', '2020-01-31 19:44:51', '-8.195883333333335', '113.66486166666667', '-8.195883333333335', '113.66486166666667', 'Selesai', 'Valid', 'Sudah Terbayar', 'Sudah Lunas', 23000, 40000, 'michelle hari ini belajar Pr tematik... michelle tidak rewel hari ini good job... semangat PH koi nya besok...'),
('PT200131-0012', 'PE023', 'KL044', 'Jum\'at', '2020-01-31 18:39:27', '2020-01-31 19:29:41', '-8.19073262', '113.66903701', '-8.1906072', '113.6688519', 'Selesai', 'Valid', 'Sudah Terbayar', 'Sudah Lunas', 35000, 57000, 'Jason mengerjakan tugas Matematika'),
('PT200131-0013', 'PE013', 'KL032', 'Jum\'at', '2020-01-31 18:49:22', '2020-01-31 20:17:43', '-8.179525807499886', '113.70881385169923', '-8.17816932220012', '113.66963054984808', 'Selesai', 'Valid', 'Sudah Terbayar', 'Sudah Lunas', 30000, 50000, 'review science day and night ( Michael good ????????????)'),
('PT200131-0014', 'PE006', 'KL013', 'Jum\'at', '2020-01-31 18:55:45', '2020-01-31 20:17:46', '-8.16574694', '113.71700948', '-8.1779286', '113.71266414', 'Selesai', 'Valid', 'Sudah Terbayar', 'Sudah Lunas', 24000, 43000, 'kevin mengerjakan tugas2 ipa dan bahasa Indonesia, tematik tema 6. kevin mampu menyelesaikan tugas dengan baik. hanya saja kevin sedikit tidak fokus karena ada teman yg bersamanya. '),
('PT200131-0015', 'PE006', 'KL016', 'Jum\'at', '2020-01-31 20:18:07', '2020-02-01 11:07:32', '-8.17777947', '113.71261998', '-8.16361423', '113.72498906', 'Selesai', 'Valid', 'Sudah Terbayar', 'Sudah Lunas', 27000, 45000, 'Lydia belaja.bahasa Indonesia untuk ulangan harian. lidya mampu memgidemtifikasi struktur puisi\n'),
('PT200131-0016', 'PE005', 'KL008', 'Jum\'at', '2020-01-31 20:40:17', '2020-01-31 20:40:54', '-8.20737931', '113.69726353', '-8.20737931', '113.69726353', 'Selesai', 'Valid', 'Sudah Terbayar', 'Sudah Lunas', 23000, 35000, 'part 1'),
('PT200131-0017', 'PE005', 'KL008', 'Jum\'at', '2020-01-31 20:41:18', '2020-01-31 20:41:42', '-8.20689021', '113.69694246', '-8.20689021', '113.69694246', 'Selesai', 'Valid', 'Sudah Terbayar', 'Sudah Lunas', 23000, 35000, 'part 2'),
('PT200131-0018', 'PE007', 'KL017', 'Jum\'at', '2020-01-31 21:01:39', '2020-01-31 21:01:49', '-8.17185894', '113.61729523', '-8.17185894', '113.61729523', 'Selesai', 'Valid', 'Sudah Terbayar', 'Sudah Lunas', 40000, 50000, 'tambahan'),
('PT200131-0019', 'PE005', 'KL009', 'Jum\'at', '2020-01-31 21:38:35', '2020-01-31 21:39:03', '-8.20730091', '113.69707763', '-8.17310459', '113.71956609', 'Selesai', 'Valid', 'Sudah Terbayar', 'Sudah Lunas', 23000, 35000, 'part 3'),
('PT200131-0020', 'PE005', 'KL009', 'Jum\'at', '2020-01-31 21:39:18', '2020-01-31 21:39:35', '-8.17310459', '113.71956609', '-8.17310459', '113.71956609', 'Selesai', 'Valid', 'Sudah Terbayar', 'Sudah Lunas', 23000, 35000, 'part 4'),
('PT200131-0021', 'PE005', 'KL008', 'Jum\'at', '2020-01-31 21:39:48', '2020-01-31 21:40:12', '-8.17301574', '113.71968508', '-8.17301574', '113.71968508', 'Selesai', 'Valid', 'Sudah Terbayar', 'Sudah Lunas', 23000, 35000, 'part 5'),
('PT200131-0022', 'PE005', 'KL008', 'Jum\'at', '2020-01-31 21:40:43', '2020-01-31 21:41:08', '-8.17305771', '113.71962318', '-8.17305771', '113.71962318', 'Selesai', 'Valid', 'Sudah Terbayar', 'Sudah Lunas', 23000, 35000, 'part 6'),
('PT200131-0023', 'PE005', 'KL008', 'Jum\'at', '2020-01-31 21:41:32', '2020-01-31 21:42:21', '-8.17305771', '113.71962318', '-8.17305771', '113.71962318', 'Selesai', 'Valid', 'Sudah Terbayar', 'Sudah Lunas', 23000, 35000, 'part 7'),
('PT200131-0024', 'PE005', 'KL008', 'Jum\'at', '2020-01-31 21:42:34', '2020-01-31 21:42:49', '-8.17307068', '113.71962212', '-8.17307068', '113.71962212', 'Selesai', 'Valid', 'Sudah Terbayar', 'Sudah Lunas', 23000, 35000, 'part 8\n'),
('PT200131-0025', 'PE005', 'KL009', 'Jum\'at', '2020-01-31 21:43:06', '2020-01-31 21:43:20', '-8.17306766', '113.71962722', '-8.17306766', '113.71962722', 'Selesai', 'Valid', 'Sudah Terbayar', 'Sudah Lunas', 23000, 35000, 'part 9'),
('PT200131-0026', 'PE005', 'KL010', 'Jum\'at', '2020-01-31 21:43:46', '2020-01-31 21:44:02', '-8.17307582', '113.71962777', '-8.17307582', '113.71962777', 'Selesai', 'Valid', 'Sudah Terbayar', 'Sudah Lunas', 25000, 35000, 'part 1'),
('PT200131-0027', 'PE005', 'KL010', 'Jum\'at', '2020-01-31 21:44:16', '2020-01-31 21:44:44', '-8.17307582', '113.71962777', '-8.17307582', '113.71962777', 'Selesai', 'Valid', 'Sudah Terbayar', 'Sudah Lunas', 25000, 35000, 'part 2'),
('PT200131-0028', 'PE005', 'KL010', 'Jum\'at', '2020-01-31 21:45:12', '2020-01-31 21:45:54', '-8.17307428', '113.71962866', '-8.17307428', '113.71962866', 'Selesai', 'Valid', 'Sudah Terbayar', 'Sudah Lunas', 25000, 35000, 'part 3'),
('PT200131-0029', 'PE005', 'KL010', 'Jum\'at', '2020-01-31 21:46:28', '2020-01-31 21:46:42', '-8.17307779', '113.71963164', '-8.17307779', '113.71963164', 'Selesai', 'Valid', 'Sudah Terbayar', 'Sudah Lunas', 25000, 35000, 'part 4'),
('PT200131-0030', 'PE005', 'KL010', 'Jum\'at', '2020-01-31 21:46:57', '2020-01-31 21:47:11', '-8.17309256', '113.71963086', '-8.17309256', '113.71963086', 'Selesai', 'Valid', 'Sudah Terbayar', 'Sudah Lunas', 25000, 35000, 'part 5'),
('PT200131-0031', 'PE005', 'KL010', 'Jum\'at', '2020-01-31 21:47:21', '2020-01-31 21:47:34', '-8.17309256', '113.71963086', '-8.17309256', '113.71963086', 'Selesai', 'Valid', 'Sudah Terbayar', 'Sudah Lunas', 25000, 35000, 'part 6'),
('PT200131-0032', 'PE005', 'KL010', 'Jum\'at', '2020-01-31 21:47:45', '2020-01-31 21:47:56', '-8.17309222', '113.71963113', '-8.17309222', '113.71963113', 'Selesai', 'Valid', 'Sudah Terbayar', 'Sudah Lunas', 25000, 35000, 'part 7'),
('PT200201-0001', 'PE020', 'KL041', 'Sabtu', '2020-02-01 12:12:28', '2020-02-01 12:13:07', '-8.18013972', '113.1444496', '-8.18032491', '113.1443243', 'Selesai', 'Valid', 'Sudah Terbayar', 'Sudah Lunas', 37000, 55000, 'Jadwal keno hari jumat kemarin belum klik selesai jadi eror.\nMembahas tentang bunga majemuk matematika '),
('PT200201-0002', 'PE021', 'KL046', 'Sabtu', '2020-02-01 14:05:27', '2020-02-01 15:05:14', '-8.17305397', '113.6963011', '-8.17322015', '113.69626499', 'Selesai', 'Valid', 'Sudah Terbayar', 'Sudah Lunas', 25000, 40000, 'today we\'re learn about simple present and past tense.. and also doing some exercise'),
('PT200201-0003', 'PE007', 'KL017', 'Sabtu', '2020-02-01 15:59:29', '2020-02-02 12:15:31', '-8.16515447', '113.66228049', '-8.17196155', '113.61742418', 'Selesai', 'Valid', 'Sudah Terbayar', 'Sudah Lunas', 40000, 50000, 'mbak, maaf lupa diakhiri.\n\ngladys belajar english (describing something, present continous tense, dan adjective : attributive and predicative). Sudah menguasai materi tersebut dengan baik.'),
('PT200201-0004', 'PE009', 'KL022', 'Sabtu', '2020-02-01 19:13:21', '2020-02-02 18:57:02', '-8.193325900449596', '113.64527958129518', '-8.1677336', '113.7258752', 'Selesai', 'Valid', 'Sudah Terbayar', 'Sudah Lunas', 30000, 0, 'Prunoun (Anak anak masih bingung penggunaannya)'),
('PT200202-0001', 'PE012', 'KL029', 'Minggu', '2020-02-02 08:07:06', '2020-02-02 08:07:29', '-8.13701235', '113.7016971', '-8.13701235', '113.7016971', 'Selesai', 'Valid', 'Sudah Terbayar', 'Sudah Lunas', 25000, 40000, 'absen utk tanggal 13 januari 2020'),
('PT200202-0002', 'PE012', 'KL029', 'Minggu', '2020-02-02 08:13:36', '2020-02-02 08:14:14', '-8.13701324', '113.70171415', '-8.13701324', '113.70171415', 'Selesai', 'Valid', 'Sudah Terbayar', 'Sudah Lunas', 25000, 40000, 'tambahan absensi utk tambahan durasi les tanggal 20 dan 21 januari 2020'),
('PT200202-0003', 'PE018', 'KL004', 'Minggu', '2020-02-02 17:36:11', '2020-02-02 19:09:10', '-8.18661582', '113.70247182', '-8.15477501', '113.71796752', 'Selesai', 'Valid', 'Belum Terbayar', 'Sudah Lunas', 25000, 45000, 'Hari ini cristo sudah mulai belajar dengan baik. Semoga bsk ujian remedial matematikanya mendapat nilai bagus ya. Amin'),
('PT200203-0001', 'PE003', 'KL049', 'Senin', '2020-02-03 12:39:21', '2020-02-03 12:39:44', '-8.207267573262342', '113.69712105117051', '-8.207164432620825', '113.69735353636351', 'Selesai', 'Valid', 'Sudah Terbayar', 'Sudah Lunas', 25000, 40000, 'Pertemua  1'),
('PT200203-0002', 'PE003', 'KL050', 'Senin', '2020-02-03 12:39:57', '2020-02-03 12:40:14', '-8.20732512441222', '113.69718050116688', '-8.2073195995139', '113.69724218201961', 'Selesai', 'Valid', 'Sudah Terbayar', 'Sudah Lunas', 23000, 35000, 'pertemuan 1'),
('PT200203-0003', 'PE001', 'KL005', 'Senin', '2020-02-03 14:49:48', '2020-02-03 16:24:38', '-8.183584999999999', '113.70318166666667', '-8.186758333333334', '113.70235', 'Selesai', 'Valid', 'Sudah Terbayar', 'Sudah Lunas', 30000, 65000, 'hari ini christo dan Alice belajar ph tematik dan Ph english... koko belajar dengan baik... namun nanti TEMA harus di ulangi lagi, di baca lagi dengan baik... alice belajar English, tapi nanti harus dibaca lagi agar bisa baik lagi besok... semangatt untuk kaliaan.????????'),
('PT200203-0004', 'PE022', 'KL039', 'Senin', '2020-02-03 15:01:58', '2020-02-03 16:09:27', '-8.17120947', '113.71240152', '-8.17850924', '113.67069598', 'Selesai', 'Valid', 'Sudah Terbayar', 'Sudah Lunas', 27000, 35000, 'Heaven did several exercises to prepare for exercises at school tomorrow.'),
('PT200203-0005', 'PE009', 'KL007', 'Senin', '2020-02-03 15:21:32', '2020-02-03 15:24:25', '-8.1740567', '113.6878054', '-8.1740572', '113.6878073', 'Selesai', 'Valid', 'Sudah Terbayar', 'Sudah Lunas', 27000, 45000, 'Practice Grammar (Vino is still confused to differentiate Tenses- rule)'),
('PT200203-0006', 'PE013', 'KL030', 'Senin', '2020-02-03 15:22:04', '2020-02-03 16:16:04', '-8.145698374137282', '113.71423920616508', '-8.18256554659456', '113.70882508344948', 'Selesai', 'Valid', 'Sudah Terbayar', 'Sudah Lunas', 25000, 43000, 'Prepare UH Tematik Tema 5 ( kayla nelajarnya di tingkatkan pagi yah ) semangat '),
('PT200203-0007', 'PE021', 'KL047', 'Senin', '2020-02-03 15:50:14', '2020-02-03 16:35:02', '-8.17800171', '113.69519331', '-8.17808776', '113.69551964', 'Selesai', 'Valid', 'Sudah Terbayar', 'Sudah Lunas', 24000, 35000, 'hari ini prepare untuk materi bsok dan latihan menulis tegak bersambubg'),
('PT200203-0008', 'PE013', 'KL031', 'Senin', '2020-02-03 16:16:26', '2020-02-03 16:42:08', '-8.18281616549939', '113.70886858552694', '-8.16914637107402', '113.69061724282801', 'Selesai', 'Valid', 'Sudah Terbayar', 'Sudah Lunas', 23000, 40000, 'mengerjakan  PR Tematik Tema 5 bagian A dan B ( Alin Ketiduran ???? ) '),
('PT200203-0009', 'PE022', 'KL035', 'Senin', '2020-02-03 16:25:57', '2020-02-03 18:00:39', '-8.1639666', '113.70500853', '-8.1639413', '113.70504485', 'Selesai', 'Valid', 'Sudah Terbayar', 'Sudah Lunas', 30000, 50000, 'Electra belajar matematika untuk persiapan ujian besok. Electra sudah cukup bagus dalam mengerjakan soal tetapi masih bingung cara menyederhanakan pecahan.'),
('PT200203-0010', 'PE007', 'KL017', 'Senin', '2020-02-03 16:35:39', '2020-02-03 18:39:05', '-8.16798456', '113.69103706', '-8.16663042', '113.70535722', 'Selesai', 'Valid', 'Sudah Terbayar', 'Sudah Lunas', 40000, 50000, 'sudah menguasai materi tentang surat dinas dan surat pribadi'),
('PT200203-0011', 'PE001', 'KL001', 'Senin', '2020-02-03 16:54:57', '2020-02-03 18:29:13', '-8.19482', '113.66591833333332', '-8.195736666666667', '113.66498833333331', 'Selesai', 'Valid', 'Sudah Terbayar', 'Sudah Lunas', 27000, 45000, 'kevin hari ini belajar tematik sdikit kurang konsen ... jdi harus blajar di ulangi lagi... agar besok bsa maksimal... swmangat ko... '),
('PT200203-0012', 'PE012', 'KL029', 'Senin', '2020-02-03 17:16:08', '2020-02-03 19:01:25', '-8.178436160087585', '113.67077350616455', '-8.17859093', '113.67075419', 'Selesai', 'Valid', 'Sudah Terbayar', 'Sudah Lunas', 25000, 40000, 'telah memahami keragaman budaya di Indonesia'),
('PT200203-0013', 'PE009', 'KL023', 'Senin', '2020-02-03 18:08:06', '2020-02-03 19:41:11', '-8.1780245', '113.6575317', '-8.1763408', '113.6707473', 'Selesai', 'Invalid', 'Belum Terbayar', 'Belum Lunas', 27000, 45000, 'Simple Past Tense (Ivan dan Evan belum paham penggunaan Past Tense)'),
('PT200203-0014', 'PE005', 'KL009', 'Senin', '2020-02-03 18:18:39', '2020-02-03 19:23:11', '-8.17313052688087', '113.71962477232076', '-8.17175066', '113.73462287', 'Selesai', 'Valid', 'Sudah Terbayar', 'Sudah Lunas', 23000, 35000, 'membaca dan menulis huruf alfabet ( a, i, u, e, o, b, c, d, f) serta menghitung 1 - 5'),
('PT200203-0016', 'PE023', 'KL052', 'Senin', '2020-02-03 18:49:32', '2020-02-03 20:08:13', '-8.19095147', '113.68686908', '-8.19087311', '113.68682462', 'Selesai', 'Valid', 'Sudah Terbayar', 'Sudah Lunas', 27000, 45000, 'Materi Tema 6. Pengukuran Berat'),
('PT200204-0001', 'PE003', 'KL049', 'Selasa', '2020-02-04 10:15:15', '2020-02-04 10:15:26', '-8.182972865179181', '113.70327006094158', '-8.182972865179181', '113.70327006094158', 'Selesai', 'Valid', 'Sudah Terbayar', 'Sudah Lunas', 25000, 40000, 'pertemuan 2'),
('PT200204-0002', 'PE003', 'KL050', 'Selasa', '2020-02-04 10:15:51', '2020-02-04 10:16:09', '-8.175378274172544', '113.71893147937953', '-8.175378274172544', '113.71893147937953', 'Selesai', 'Valid', 'Sudah Terbayar', 'Sudah Lunas', 23000, 35000, 'pertemuan 2'),
('PT200204-0003', 'PE003', 'KL056', 'Selasa', '2020-02-04 10:23:21', '2020-02-04 10:23:32', '-8.175550648011267', '113.71903943829238', '-8.175550648011267', '113.71903943829238', 'Selesai', 'Valid', 'Sudah Terbayar', 'Sudah Lunas', 24000, 35000, 'feli meeting 1'),
('PT200204-0004', 'PE013', 'KL032', 'Selasa', '2020-02-04 11:07:59', '2020-02-04 11:08:35', '-8.169359439052641', '113.6908402852714', '-8.169359439052641', '113.6908402852714', 'Selesai', 'Valid', 'Sudah Terbayar', 'Sudah Lunas', 30000, 50000, 'Review Math leght ( Michael good) '),
('PT200204-0005', 'PE020', 'KL041', 'Selasa', '2020-02-04 11:22:44', '2020-02-04 11:23:17', '-8.166186132287502', '113.72116279608525', '-8.166186132287502', '113.72116279608525', 'Selesai', 'Valid', 'Sudah Terbayar', 'Sudah Lunas', 37000, 55000, 'Pertemuan keno hari senin kemarin.\nMembahas tentang surat resmi dan surat pribadi bahasa Indonesia '),
('PT200204-0006', 'PE021', 'KL055', 'Selasa', '2020-02-04 12:38:38', '2020-02-04 12:39:11', '-8.16335818', '113.71359273', '-8.16323349', '113.71359794', 'Selesai', 'Valid', 'Sudah Terbayar', 'Sudah Lunas', 27000, 45000, 'mengerjakan homework bahasa daerah stanley'),
('PT200204-0007', 'PE001', 'KL005', 'Selasa', '2020-02-04 14:55:10', '2020-02-04 16:26:04', '-8.173845', '113.70296166666667', '-8.186831666666667', '113.70238499999999', 'Selesai', 'Valid', 'Sudah Terbayar', 'Sudah Lunas', 30000, 65000, 'christo dan alice hari ini belajar dengan baik.... alice belajar ph subtema 3... namun Alice ada beberap point yg masih kurang... christo blajar persiapan Jawa, namun Christo harus blajar lagi... '),
('PT200204-0008', 'PE028', 'KL054', 'Selasa', '2020-02-04 15:05:19', '2020-02-04 15:05:34', '-8.175477557815611', '113.7192099262029', '-8.175584385171533', '113.71898411773145', 'Selesai', 'Valid', 'Belum Terbayar', 'Belum Lunas', 37000, 50000, 'lili meeting ke 1'),
('PT200204-0009', 'PE013', 'KL030', 'Selasa', '2020-02-04 15:34:36', '2020-02-04 16:44:43', '-8.169282367452979', '113.69080164469779', '-8.16867409273982', '113.69300574995577', 'Selesai', 'Valid', 'Sudah Terbayar', 'Sudah Lunas', 25000, 43000, 'Matematika mengukur panjang, English deskrip unit 7 , Tematik Tema 6 ( Kayla di tingkatkan lagi yah belajarnya ) '),
('PT200204-0010', 'PE021', 'KL047', 'Selasa', '2020-02-04 15:38:20', '2020-02-04 16:38:43', '-8.17799554', '113.69555294', '-8.17794252', '113.69536756', 'Selesai', 'Valid', 'Sudah Terbayar', 'Sudah Lunas', 24000, 35000, 'today learning about the shape of fruit and vegetable.. juga belajar tematik'),
('PT200204-0011', 'PE007', 'KL017', 'Selasa', '2020-02-04 16:29:23', '2020-02-04 18:43:07', '-8.166717520192185', '113.70530225027842', '-8.166717520192185', '113.70530225027842', 'Selesai', 'Valid', 'Sudah Terbayar', 'Sudah Lunas', 40000, 50000, 'perlu dibaca lagi dan dipahami mengenai pengelompokan kebutuhan ekonomi berdasarkan intensitas,waktu,sifat dll.'),
('PT200204-0012', 'PE018', 'KL037', 'Selasa', '2020-02-04 16:43:27', '2020-02-04 17:30:48', '-8.1496757', '113.69585905', '-8.14975266', '113.69583677', 'Selesai', 'Valid', 'Belum Terbayar', 'Sudah Lunas', 25000, 40000, 'Rangga sudah mulai belajar dengan baik. Kurang memahami dalam luas dan keliling bangun datar dan ruang.'),
('PT200204-0013', 'PE001', 'KL001', 'Selasa', '2020-02-04 16:51:37', '2020-02-04 18:32:52', '-8.186536666666665', '113.70266666666666', '-8.195726666666667', '113.66502166666666', 'Selesai', 'Valid', 'Sudah Terbayar', 'Sudah Lunas', 27000, 45000, 'hari ini kevin belajar Persiapan PH Bhs Jawa... kevin belajar dengan tenang.... namun masih  ada gurau sedikit... tapii masih tetap fokus mnyelesaikan tugasnya... \npertahankan yaa Ko...'),
('PT200204-0014', 'PE012', 'KL029', 'Selasa', '2020-02-04 17:05:54', '2020-02-04 19:23:12', '-8.17931056022644', '113.67261350154877', '-8.1785012', '113.67064619', 'Selesai', 'Valid', 'Sudah Terbayar', 'Sudah Lunas', 25000, 40000, 'heaven telah mengerti cara mencari lebar dan panjang suatu persegi panjang jika di ketahui luas dan keliling. memahami pelajaran agama bab 10-12'),
('PT200204-0015', 'PE025', 'KL053', 'Selasa', '2020-02-04 18:00:19', '2020-02-04 18:01:09', '-8.207150809643847', '113.69724085690133', '-8.207356425333126', '113.69712783477962', 'Selesai', 'Valid', 'Sudah Terbayar', 'Sudah Lunas', 37000, 50000, 'Pertemuan Lili 1'),
('PT200204-0016', 'PE022', 'KL040', 'Selasa', '2020-02-04 18:02:49', '2020-02-04 19:36:45', '-8.17966857', '113.67726549', '-8.19093839', '113.66401726', 'Selesai', 'Valid', 'Sudah Terbayar', 'Sudah Lunas', 30000, 50000, 'Carlos latihan soal matematika untuk persiapan ulangan besok'),
('PT200204-0017', 'PE025', 'KL053', 'Selasa', '2020-02-04 18:08:27', '2020-02-04 18:08:50', '-8.20733698016179', '113.69716247843598', '-8.207346944437786', '113.69717656813025', 'Selesai', 'Valid', 'Sudah Terbayar', 'Sudah Lunas', 37000, 50000, 'Pertemuan Lili 2'),
('PT200204-0018', 'PE013', 'KL032', 'Selasa', '2020-02-04 18:31:44', '2020-02-04 20:14:51', '-8.169416268356144', '113.6908423807472', '-8.17809849511832', '113.66958880797029', 'Selesai', 'Valid', 'Sudah Terbayar', 'Sudah Lunas', 30000, 50000, 'Review for quiz Math \"length\" (Michael good job )..\n'),
('PT200204-0019', 'PE006', 'KL014', 'Selasa', '2020-02-04 18:37:32', '2020-02-04 19:38:17', '-8.17795771', '113.71283256', '-8.17783717', '113.71261275', 'Selesai', 'Valid', 'Sudah Terbayar', 'Sudah Lunas', 27000, 45000, 'lidya mengerjakan tugas dan belajar untuk UH matematika.. mampu memahami dan menyelesaikan keliling dan luas bangun 4uang kubus dan balok '),
('PT200204-0021', 'PE001', 'KL002', 'Selasa', '2020-02-04 18:49:22', '2020-02-04 19:55:10', '-8.171600000000002', '113.69805999999998', '-8.171600000000002', '113.69805999999998', 'Selesai', 'Valid', 'Sudah Terbayar', 'Sudah Lunas', 23000, 40000, 'michelle hari ini blajar persiapan Ph Math... michelle sudah bisa... dan sudah baik blajar math nya... semoga bsok lebih baik lagi hasilnya... semngat cece....'),
('PT200204-0022', 'PE007', 'KL018', 'Selasa', '2020-02-04 19:33:50', '2020-02-05 05:58:01', '-8.16664128', '113.70535711', '-8.189286375461494', '113.62113042832179', 'Selesai', 'Valid', 'Sudah Terbayar', 'Sudah Lunas', 25000, 45000, 'sudah dapat mengerjakan soal tentang faktor prima dan faktorisasi prima dengan baik.'),
('PT200204-0023', 'PE006', 'KL011', 'Selasa', '2020-02-04 19:40:01', '2020-02-04 20:52:15', '-8.17786993', '113.71264821', '-8.17788358', '113.71245009', 'Selesai', 'Valid', 'Sudah Terbayar', 'Sudah Lunas', 24000, 43000, 'kevin belajar tentang tematk tema 5. sangat baik pemahamannya.. namun kevin susah untuk diam. suka bermain. '),
('PT200204-0024', 'PE024', 'KL007', 'Selasa', '2020-02-04 20:14:42', '2020-02-04 20:15:09', '-8.207266104626488', '113.69721602339955', '-8.207292413812532', '113.69715014231491', 'Selesai', 'Valid', 'Sudah Terbayar', 'Sudah Lunas', 27000, 45000, 'les vino'),
('PT200204-0025', 'PE014', 'KL048', 'Selasa', '2020-02-04 20:17:13', '2020-02-04 20:17:40', '-8.207402290950993', '113.69707656627239', '-8.20734035679452', '113.69724481998485', 'Selesai', 'Valid', 'Sudah Terbayar', 'Sudah Lunas', 21000, 40000, 'Miss Nayu (rei) 1'),
('PT200204-0026', 'PE026', 'KL006', 'Selasa', '2020-02-04 20:23:33', '2020-02-04 20:23:58', '-8.207267903673575', '113.69713470065354', '-8.207267903673575', '113.69713470065354', 'Selesai', 'Valid', 'Sudah Terbayar', 'Sudah Lunas', 43000, 65000, 'jenice 1'),
('PT200205-0001', 'PE017', 'KL043', 'Rabu', '2020-02-05 13:28:56', '2020-02-05 14:43:23', '-8.170296666666667', '113.69742833333333', '-8.170248333333332', '113.69778333333333', 'Selesai', 'Valid', 'Sudah Terbayar', 'Sudah Lunas', 24000, 35000, 'Hari ini Vania me-review huruf m, r, l, n, b dan d. \nVania sudah bisa huruf b, d, l, dan r. Utk m dan n Vania masih harus belajar lagi. '),
('PT200205-0002', 'PE005', 'KL010', 'Rabu', '2020-02-05 14:03:31', '2020-02-05 15:02:57', '-8.179749585334465', '113.70389358854399', '-8.17992393', '113.7041073', 'Selesai', 'Valid', 'Sudah Terbayar', 'Sudah Lunas', 25000, 35000, 'membaca dan menghitung penjumlahan serta pengurangan sudah sampai angka 25'),
('PT200205-0004', 'PE018', 'KL036', 'Rabu', '2020-02-05 14:58:37', '2020-02-05 16:34:18', '-8.15482761', '113.71763426', '-8.188210170834557', '113.69656812868662', 'Selesai', 'Valid', 'Belum Terbayar', 'Sudah Lunas', 30000, 40000, 'Belajar biologi bab zat aditif dan adiktif. Remedial bab phytagoras matematika. Dan ulangan fisika hari sabtu. Belajar yang rajin ya.. Banggain mama. '),
('PT200205-0005', 'PE021', 'KL047', 'Rabu', '2020-02-05 15:43:48', '2020-02-05 16:43:53', '-8.17808889', '113.69525197', '-8.17798021', '113.69527929', 'Selesai', 'Valid', 'Sudah Terbayar', 'Sudah Lunas', 24000, 35000, 'today prepare for unit 8 and doing some exercise tho'),
('PT200205-0006', 'PE009', 'KL026', 'Rabu', '2020-02-05 16:32:26', '2020-02-05 17:59:28', '-8.15523262', '113.69468391', '-8.15321241', '113.69345864', 'Selesai', 'Valid', 'Sudah Terbayar', 'Sudah Lunas', 25000, 40000, 'Verb (Tata butuh menghafalkan lebih banyak verb)'),
('PT200205-0008', 'PE001', 'KL001', 'Rabu', '2020-02-05 16:54:13', '2020-02-05 18:28:15', '-8.180451666666666', '113.67597666666667', '-8.195833333333333', '113.66465833333332', 'Selesai', 'Valid', 'Sudah Terbayar', 'Sudah Lunas', 27000, 45000, 'hari ini kevin belajar ph bahasa jawa.. namun kevin kurang konsentrasi... sehingga kurang maksimal... jadi harus di ulangi lagi...'),
('PT200205-0009', 'PE023', 'KL044', 'Rabu', '2020-02-05 17:19:45', '2020-02-05 18:28:42', '-8.16929206', '113.70475824', '-8.16929206', '113.70475824', 'Selesai', 'Valid', 'Sudah Terbayar', 'Sudah Lunas', 35000, 57000, 'Jason belajar bahasa jawa untuk ulangan harian dan mengerjakan tugas ips '),
('PT200205-0010', 'PE012', 'KL029', 'Rabu', '2020-02-05 17:46:51', '2020-02-05 19:14:47', '-8.1370226', '113.7017284', '-8.1784884', '113.6707342', 'Selesai', 'Valid', 'Sudah Terbayar', 'Sudah Lunas', 25000, 40000, 'heaven telah bisa memahami luas dan keliling persegi panjang. mengerti tentang mbaru niang dalam pelajaran ips'),
('PT200205-0011', 'PE005', 'KL008', 'Rabu', '2020-02-05 18:18:07', '2020-02-05 19:21:20', '-8.17175168', '113.73463681', '-8.17178331', '113.73461412', 'Selesai', 'Valid', 'Sudah Terbayar', 'Sudah Lunas', 23000, 35000, 'belajar menulis dan menghitung huruf, a, i, u, e, o, b, c, d, f dan menulis angka 1, 2, 3'),
('PT200205-0013', 'PE021', 'KL055', 'Rabu', '2020-02-05 18:31:31', '2020-02-05 20:06:23', '-8.18465706', '113.68129357', '-8.18471386', '113.68134662', 'Selesai', 'Valid', 'Sudah Terbayar', 'Sudah Lunas', 27000, 45000, 'prepare for UH , today learning math and doing some exercise..'),
('PT200205-0014', 'PE006', 'KL012', 'Rabu', '2020-02-05 18:33:14', '2020-02-05 19:31:06', '-8.15895465', '113.71004222', '-8.17791925', '113.71269689', 'Selesai', 'Valid', 'Sudah Terbayar', 'Sudah Lunas', 24000, 43000, 'Kevin belajar tematik tema 5 tentang puisi dan pancasila. Kevin mampu menjawab soal dengan pemahaman yang baik'),
('PT200205-0015', 'PE007', 'KL018', 'Rabu', '2020-02-05 18:35:15', '2020-02-05 20:15:30', '-8.197071066725902', '113.61843249922319', '-8.18930303', '113.62118783', 'Selesai', 'Valid', 'Sudah Terbayar', 'Sudah Lunas', 25000, 45000, 'zea sudah menguasai materi ppkn tentang keragaman budaya indonesia dan perlu membaca lagi untuk materi PAI tentang kisah Rasulullah hijrah ke Thaif'),
('PT200205-0016', 'PE009', 'KL057', 'Rabu', '2020-02-05 18:47:22', '2020-02-05 18:48:00', '-8.20749094', '113.69707029', '-8.2073762', '113.6970104', 'Selesai', 'Valid', 'Sudah Terbayar', 'Belum Lunas', 33000, 65000, 'Simple Past Tense ( Evan belum paham, Ivan sudah lebih memahami )'),
('PT200205-0017', 'PE023', 'KL052', 'Rabu', '2020-02-05 18:56:40', '2020-02-05 20:28:19', '-8.19094142', '113.68715281', '-8.19094103', '113.68715298', 'Selesai', 'Valid', 'Sudah Terbayar', 'Sudah Lunas', 27000, 45000, 'Salwa belajar untuk ulangan harian tema 6 \"Merawat Hewan dan Tumbuhan\" sub tema 1 \"Hewan di Sekitarku\". Salwa agak kesulitan pada matematika nya'),
('PT200205-0018', 'PE001', 'KL002', 'Rabu', '2020-02-05 19:11:46', '2020-02-05 20:17:25', '-8.195906666666668', '113.66441833333334', '-8.195906666666668', '113.66441833333334', 'Selesai', 'Valid', 'Sudah Terbayar', 'Sudah Lunas', 23000, 40000, 'michelle tambahan.. hari ini belajar PH math... michelle dengan baik... besok semngat PH nyaa... hati2 dalam penghitungan lagi..'),
('PT200205-0019', 'PE006', 'KL015', 'Rabu', '2020-02-05 19:31:17', '2020-02-05 20:25:51', '-8.17799123', '113.71257817', '-8.1779757', '113.7126526', 'Selesai', 'Valid', 'Sudah Terbayar', 'Sudah Lunas', 27000, 45000, 'lidya mengerjakan tugas kurang fokus karena kelelahan setelah renang. tapi lidya mampu menyelesaikan dan memahami nya'),
('PT200206-0002', 'PE014', 'KL048', 'Kamis', '2020-02-06 05:14:48', '2020-02-06 05:15:01', '-8.207306158728898', '113.69719360023737', '-8.20727376267314', '113.6973337456584', 'Selesai', 'Valid', 'Sudah Terbayar', 'Sudah Lunas', 21000, 40000, 'rei 2'),
('PT200206-0003', 'PE025', 'KL053', 'Kamis', '2020-02-06 06:35:04', '2020-02-06 06:35:15', '-8.207363490946591', '113.69708538986742', '-8.207363490946591', '113.69708538986742', 'Selesai', 'Valid', 'Sudah Terbayar', 'Sudah Lunas', 37000, 50000, 'lili 3'),
('PT200206-0004', 'PE003', 'KL049', 'Kamis', '2020-02-06 06:36:06', '2020-02-06 06:36:28', '-8.207368310540915', '113.69731170125306', '-8.207368310540915', '113.69731170125306', 'Selesai', 'Valid', 'Sudah Terbayar', 'Sudah Lunas', 25000, 40000, 'tirza'),
('PT200206-0005', 'PE003', 'KL050', 'Kamis', '2020-02-06 06:37:01', '2020-02-06 06:37:15', '-8.207249790430069', '113.69720416143537', '-8.207254484295845', '113.69727440178394', 'Selesai', 'Valid', 'Sudah Terbayar', 'Sudah Lunas', 23000, 35000, 'fael'),
('PT200206-0006', 'PE003', 'KL056', 'Kamis', '2020-02-06 06:39:11', '2020-02-06 06:39:21', '-8.207306158728898', '113.69719955138862', '-8.207306158728898', '113.69719955138862', 'Selesai', 'Valid', 'Sudah Terbayar', 'Sudah Lunas', 24000, 35000, 'feli'),
('PT200206-0007', 'PE022', 'KL039', 'Kamis', '2020-02-06 14:54:17', '2020-02-06 16:03:44', '-8.16858577', '113.71709344', '-8.17848562', '113.67091646', 'Selesai', 'Valid', 'Sudah Terbayar', 'Sudah Lunas', 27000, 35000, 'Heaven had several exercises on modal verbs and learnt about fact and opinion through game.'),
('PT200206-0008', 'PE006', 'KL013', 'Kamis', '2020-02-06 16:08:30', '2020-02-06 17:14:01', '-8.17489161', '113.71844733', '-8.17780475', '113.71273644', 'Selesai', 'Valid', 'Sudah Terbayar', 'Sudah Lunas', 24000, 43000, 'kevin menyelesaikan tugas bahasa Mandarin dan menghafalkannya dengan baij'),
('PT200206-0009', 'PE001', 'KL001', 'Kamis', '2020-02-06 16:53:00', '2020-02-06 18:36:53', '-8.176021666666665', '113.68457166666667', '-8.195748333333334', '113.66506499999998', 'Selesai', 'Valid', 'Sudah Terbayar', 'Sudah Lunas', 27000, 45000, 'hari ini kevin belajar Remidi Ph tematik dengan baik.... dia konsen dengan baik sehingga bisa maksimal belajaarnya... semoga besok hasilnya juga akan maksimal yaa Ko... '),
('PT200206-0010', 'PE021', 'KL051', 'Kamis', '2020-02-06 16:58:02', '2020-02-06 18:03:53', '-8.19738707', '113.70044665', '-8.1974021', '113.70043248', 'Selesai', 'Valid', 'Sudah Terbayar', 'Sudah Lunas', 30000, 45000, 'belajar mengenai bentuk kata kerja '),
('PT200206-0011', 'PE012', 'KL029', 'Kamis', '2020-02-06 17:02:28', '2020-02-06 18:50:06', '-8.1683091', '113.7044825', '-8.17852959', '113.67082276', 'Selesai', 'Valid', 'Sudah Terbayar', 'Sudah Lunas', 25000, 40000, 'heaven telah memahami  gaya listrik dan magnet, memahami luas segitiga dan mencari alas dan tinggi segitiga jika din ketahui luas nya. heaven juga telah mengerjakan tugas literasi.'),
('PT200206-0012', 'PE009', 'KL007', 'Kamis', '2020-02-06 17:12:49', '2020-02-06 20:49:55', '-8.15497153', '113.69304916', '-8.18928837776184', '113.66908371448517', 'Selesai', 'Valid', 'Sudah Terbayar', 'Sudah Lunas', 27000, 45000, 'passive sentence (Vino doesn\'t remember much about V3)'),
('PT200206-0013', 'PE013', 'KL030', 'Kamis', '2020-02-06 17:13:05', '2020-02-06 17:13:45', '-8.182756612077355', '113.70846600271761', '-8.182631554082036', '113.70816559530795', 'Selesai', 'Valid', 'Sudah Terbayar', 'Sudah Lunas', 25000, 43000, 'Review Tematik Tema 5 ( kayla hari ini good banget ) semangat terus key '),
('PT200206-0014', 'PE006', 'KL016', 'Kamis', '2020-02-06 17:14:46', '2020-02-06 19:57:20', '-8.17800721', '113.71252709', '-8.17775681', '113.71232482', 'Selesai', 'Valid', 'Sudah Terbayar', 'Sudah Lunas', 27000, 45000, 'lidya menyelesaikan tugas matmatika tentang luas segitiga. lidya mampu mengingat dan menngaplikasikan penghitungan luas segitiga'),
('PT200206-0015', 'PE007', 'KL017', 'Kamis', '2020-02-06 17:31:56', '2020-02-06 18:01:45', '-8.166578', '113.7053078', '-8.1665778', '113.7053223', 'Selesai', 'Valid', 'Sudah Terbayar', 'Sudah Lunas', 40000, 50000, 'Mbak, maaf lupa absen tepat waktu.\n\nhafalkan lagi susunan tangga nada. '),
('PT200206-0016', 'PE013', 'KL031', 'Kamis', '2020-02-06 18:11:15', '2020-02-06 18:12:10', '-8.182570575736463', '113.7082540243864', '-8.182570575736463', '113.7082540243864', 'Selesai', 'Valid', 'Sudah Terbayar', 'Sudah Lunas', 23000, 40000, 'Review Evaluasi Tematik Tema 5 ( Alin belajarnya cukup mudah untuk memahami ) '),
('PT200206-0017', 'PE023', 'KL045', 'Kamis', '2020-02-06 19:03:32', '2020-02-06 21:13:21', '-8.16646471', '113.70519248', '-8.16646471', '113.70519248', 'Selesai', 'Valid', 'Sudah Terbayar', 'Sudah Lunas', 37000, 57000, 'Grace membuat ringkasan IPS materi masa kemerdekaan dan Latihan soal Try out matematika'),
('PT200207-0001', 'PE020', 'KL042', 'Jum\'at', '2020-02-07 12:39:59', '2020-02-08 10:28:34', '-8.17312383', '113.69631597', '-8.13047989', '113.22156304', 'Selesai', 'Valid', 'Sudah Terbayar', 'Sudah Lunas', 24000, 40000, 'Membahas tentang matematika luas segitiga'),
('PT200207-0002', 'PE017', 'KL043', 'Jum\'at', '2020-02-07 14:32:32', '2020-02-07 15:31:51', '-8.17046', '113.69746333333333', '-8.17046', '113.69746333333333', 'Selesai', 'Valid', 'Sudah Terbayar', 'Sudah Lunas', 24000, 35000, 'Review materi pertemuan terakhir, huruf k, l, r, s, z, c, e, d, o, i, a, u, h, t, v'),
('PT200207-0003', 'PE018', 'KL036', 'Jum\'at', '2020-02-07 15:05:53', '2020-02-07 17:16:59', '-8.18813985', '113.69688197', '-8.18794306', '113.69683727', 'Selesai', 'Valid', 'Belum Terbayar', 'Sudah Lunas', 30000, 40000, 'Semangat belajar ya dekk. Ulangan fisika besok pasti dapet 100. Jangan lupa satuan dan perkalian silang pembagiannya. '),
('PT200207-0004', 'PE013', 'KL030', 'Jum\'at', '2020-02-07 15:29:05', '2020-02-07 16:44:12', '-8.16924896556884', '113.69067541323602', '-8.182655819691718', '113.70759596116841', 'Selesai', 'Valid', 'Sudah Terbayar', 'Sudah Lunas', 25000, 43000, 'review UH tematik Tema 5 ( kayla hari ini belajarnya siip) '),
('PT200207-0005', 'PE021', 'KL047', 'Jum\'at', '2020-02-07 15:54:34', '2020-02-07 16:59:02', '-8.17810052', '113.69520045', '-8.17801923', '113.69524619', 'Selesai', 'Valid', 'Sudah Terbayar', 'Sudah Lunas', 24000, 35000, 'hari ini belajar IPA dan mengerjakan soal tentang jenis 4 energi'),
('PT200207-0006', 'PE012', 'KL029', 'Jum\'at', '2020-02-07 17:24:38', '2020-02-07 19:00:34', '-8.1370431', '113.7017167', '-8.17848878', '113.67067068', 'Selesai', 'Valid', 'Sudah Terbayar', 'Sudah Lunas', 25000, 40000, 'mengerjakan pr mtk dan ips. mengetahui aksara jawa '),
('PT200207-0007', 'PE021', 'KL055', 'Jum\'at', '2020-02-07 18:36:07', '2020-02-07 20:05:10', '-8.18502638', '113.6813668', '-8.18456422', '113.68116423', 'Selesai', 'Valid', 'Sudah Terbayar', 'Sudah Lunas', 27000, 45000, 'prepare for UH IPA belajar tentang jenis energi dan kegunaan nya'),
('PT200207-0008', 'PE023', 'KL044', 'Jum\'at', '2020-02-07 18:45:53', '2020-02-07 19:58:40', '-8.16646471', '113.70519248', '-8.19061229', '113.66891358', 'Selesai', 'Valid', 'Sudah Terbayar', 'Sudah Lunas', 35000, 57000, 'Belajar Bahasa Indonesia dan Bahasa Inggris'),
('PT200208-0001', 'PE003', 'KL049', 'Sabtu', '2020-02-08 09:10:40', '2020-02-08 09:10:53', '-8.207300626672804', '113.69730642065406', '-8.207274726592004', '113.69723735377192', 'Selesai', 'Valid', 'Sudah Terbayar', 'Sudah Lunas', 25000, 40000, 'tirza les'),
('PT200208-0002', 'PE003', 'KL050', 'Sabtu', '2020-02-08 09:11:04', '2020-02-08 09:11:14', '-8.207299830392003', '113.69718664325774', '-8.207299830392003', '113.69718664325774', 'Selesai', 'Valid', 'Sudah Terbayar', 'Sudah Lunas', 23000, 35000, 'fael les'),
('PT200208-0003', 'PE003', 'KL056', 'Sabtu', '2020-02-08 09:11:27', '2020-02-08 09:11:38', '-8.207256705500185', '113.69713442400098', '-8.207256705500185', '113.69713442400098', 'Selesai', 'Valid', 'Sudah Terbayar', 'Sudah Lunas', 24000, 35000, 'feli les'),
('PT200208-0004', 'PE003', 'KL049', 'Sabtu', '2020-02-08 09:11:48', '2020-02-08 09:12:00', '-8.207315085455775', '113.69723903015256', '-8.207315085455775', '113.69723903015256', 'Selesai', 'Valid', 'Sudah Terbayar', 'Sudah Lunas', 25000, 40000, 'tirza les'),
('PT200208-0005', 'PE025', 'KL053', 'Sabtu', '2020-02-08 09:18:47', '2020-02-08 09:18:59', '-8.20729672908783', '113.69722704403102', '-8.20729672908783', '113.69722704403102', 'Selesai', 'Valid', 'Sudah Terbayar', 'Sudah Lunas', 37000, 50000, 'lili 4'),
('PT200208-0006', 'PE025', 'KL053', 'Sabtu', '2020-02-08 09:19:17', '2020-02-08 09:19:26', '-8.207475934177637', '113.69724238291383', '-8.207475934177637', '113.69724238291383', 'Selesai', 'Valid', 'Sudah Terbayar', 'Sudah Lunas', 37000, 50000, 'lili 5'),
('PT200208-0007', 'PE014', 'KL058', 'Sabtu', '2020-02-08 12:19:12', '2020-02-08 12:19:26', '-8.207469605840743', '113.6971957795322', '-8.207469605840743', '113.6971957795322', 'Selesai', 'Valid', 'Sudah Terbayar', 'Belum Lunas', 27000, 45000, 'razan'),
('PT200208-0008', 'PE010', 'KL027', 'Sabtu', '2020-02-08 12:22:33', '2020-02-08 12:22:47', '-8.207245012745261', '113.69736090302467', '-8.207245012745261', '113.69736090302467', 'Selesai', 'Valid', 'Sudah Terbayar', 'Sudah Lunas', 35000, 55000, 'marco 1'),
('PT200208-0009', 'PE010', 'KL027', 'Sabtu', '2020-02-08 12:23:06', '2020-02-08 12:23:16', '-8.207321623340249', '113.69713802821934', '-8.207321623340249', '113.69713802821934', 'Selesai', 'Valid', 'Sudah Terbayar', 'Sudah Lunas', 35000, 55000, 'marco 2'),
('PT200208-0010', 'PE021', 'KL046', 'Sabtu', '2020-02-08 14:00:27', '2020-02-08 15:12:50', '-8.17298677', '113.69650818', '-8.17337733', '113.69629391', 'Selesai', 'Valid', 'Sudah Terbayar', 'Sudah Lunas', 25000, 40000, 'prepare for english test on wednesday'),
('PT200208-0012', 'PE009', 'KL022', 'Sabtu', '2020-02-08 19:41:55', '2020-02-08 20:35:58', '-8.178398002570503', '113.65690897051685', '-8.193649614732534', '113.64491794159223', 'Selesai', 'Valid', 'Sudah Terbayar', 'Sudah Lunas', 30000, 0, 'Penggunaan tobe + adjective ( anak banyak yang tidak masuk, yang masuk sudah paham penggunaannya)'),
('PT200209-0001', 'PE005', 'KL008', 'Minggu', '2020-02-09 07:59:46', '2020-02-09 08:00:04', '-8.207048834301531', '113.69742712005973', '-8.207299788482487', '113.69721673429012', 'Selesai', 'Valid', 'Sudah Terbayar', 'Sudah Lunas', 23000, 35000, 'les adma'),
('PT200209-0002', 'PE007', 'KL017', 'Minggu', '2020-02-09 12:45:48', '2020-02-09 15:21:31', '-8.172050865854803', '113.61754512017109', '-8.18330013', '113.72364276', 'Selesai', 'Valid', 'Sudah Terbayar', 'Sudah Lunas', 40000, 50000, 'perlu memahami unsur intrinsik geguritan'),
('PT200209-0003', 'PE022', 'KL040', 'Minggu', '2020-02-09 14:02:32', '2020-02-09 15:29:08', '-8.16725825', '113.70740673', '-8.1909715', '113.66392501', 'Selesai', 'Valid', 'Sudah Terbayar', 'Sudah Lunas', 30000, 50000, 'Carlos studied measuring lenght and multiplication, and also learning about animals and environment. Carlos did several exercises very well.'),
('PT200209-0004', 'PE018', 'KL005', 'Minggu', '2020-02-09 18:45:09', '2020-02-09 19:35:21', '-8.18673608', '113.70240572', '-8.15858627', '113.71451525', 'Selesai', 'Valid', 'Belum Terbayar', 'Sudah Lunas', 30000, 65000, 'Semangat ujiannya dek. Jangan lupa mengulang pelajaran Tematik untuk dek cristo. Dan untuk alice jangan lupa menghafal dasar waktu ya..'),
('PT200209-0005', 'PE009', 'KL021', 'Minggu', '2020-02-09 19:45:23', '2020-02-09 21:01:08', '-8.1780161', '113.6575288', '-8.20751328716089', '113.6824867409766', 'Selesai', 'Valid', 'Sudah Terbayar', 'Sudah Lunas', 30000, 0, 'Noun Prunoun (Perlu melanjutkan prunoun karna anak belum paham)'),
('PT200210-0001', 'PE001', 'KL005', 'Senin', '2020-02-10 14:57:10', '2020-02-10 16:30:06', '-8.173748333333332', '113.70289333333334', '-8.186796666666668', '113.70236833333333', 'Selesai', 'Valid', 'Sudah Terbayar', 'Sudah Lunas', 30000, 65000, 'chriato hari ini belajar subtema 1 untuk persiapan PH esok Lusa... Alice belajar PH tematik untuk besok... mteri yang diperlajari Alice hari ini sdah baik dan dikuasai... namun untuk Koko esok harus diulangi lagi....krena ada beberapa materi yg kurang dipahami...'),
('PT200210-0002', 'PE022', 'KL039', 'Senin', '2020-02-10 15:00:09', '2020-02-10 16:06:27', '-8.16810501', '113.71102994', '-8.17836648', '113.67080143', 'Selesai', 'Valid', 'Sudah Terbayar', 'Sudah Lunas', 27000, 35000, 'Heaven mengerjakan soal-soal dari sekolahnya dan membenarkan beberapa soal yang masih salah'),
('PT200210-0003', 'PE013', 'KL030', 'Senin', '2020-02-10 15:21:28', '2020-02-10 18:45:14', '-8.16915680654347', '113.690754622221', '-8.158143530599773', '113.69325695559382', 'Selesai', 'Valid', 'Sudah Terbayar', 'Sudah Lunas', 25000, 43000, 'mempelajari matematika mengenai kg hg ons cg ( kayla di tingkatkan lagi belajarnya ) '),
('PT200210-0004', 'PE020', 'KL041', 'Senin', '2020-02-10 15:37:46', '2020-02-11 09:19:59', '-8.16249038', '113.7167767', '-8.16727032', '113.71850502', 'Selesai', 'Valid', 'Sudah Terbayar', 'Sudah Lunas', 37000, 55000, 'Membahas tentang tugas bahasa indonesia pantun dan gurindam'),
('PT200210-0005', 'PE022', 'KL035', 'Senin', '2020-02-10 16:16:34', '2020-02-10 17:50:14', '-8.16367922', '113.70491127', '-8.16391026', '113.70497799', 'Selesai', 'Valid', 'Sudah Terbayar', 'Sudah Lunas', 30000, 50000, 'Electra mengerjakan PR bahasa inggris dan mengerjarkan latihan soal bahasa indonesia untuk ulangan besok.'),
('PT200210-0006', 'PE021', 'KL047', 'Senin', '2020-02-10 16:19:15', '2020-02-10 17:38:13', '-8.17793058', '113.69555352', '-8.17800381', '113.69509335', 'Selesai', 'Valid', 'Sudah Terbayar', 'Sudah Lunas', 24000, 35000, 'doing gwen\'s english homework and practice for math (bilangan kurang dari dan lebih dari atau sama dengan)'),
('PT200210-0007', 'PE012', 'KL029', 'Senin', '2020-02-10 16:40:18', '2020-02-10 17:59:50', '-8.17850404', '113.67073957', '-8.1784834', '113.6707304', 'Selesai', 'Valid', 'Sudah Terbayar', 'Sudah Lunas', 25000, 40000, 'heaven telah belajar matematika tema 6 '),
('PT200210-0008', 'PE001', 'KL001', 'Senin', '2020-02-10 16:59:48', '2020-02-10 18:32:45', '-8.187341666666667', '113.69068999999999', '-8.19574', '113.66487166666666', 'Selesai', 'Valid', 'Sudah Terbayar', 'Sudah Lunas', 27000, 45000, 'hari ini kevin belajar latihan PH tematik... belajar dengan baik meskipun ada beberapa yg harus di bantu.... semoga besok bisa fokus belajarnya yaa Ko.. '),
('PT200210-0009', 'PE009', 'KL057', 'Senin', '2020-02-10 18:02:53', '2020-02-10 19:26:50', '-8.1780161', '113.6575288', '-8.1784749', '113.6725183', 'Selesai', 'Valid', 'Sudah Terbayar', 'Belum Lunas', 33000, 65000, 'Simple Past Tense (Ivan dan Evam mulai memahami membuat kalimat + - ? )'),
('PT200210-0010', 'PE006', 'KL011', 'Senin', '2020-02-10 18:15:47', '2020-02-10 19:12:47', '-8.16378961', '113.72497525', '-8.17812008', '113.71258361', 'Selesai', 'Valid', 'Sudah Terbayar', 'Sudah Lunas', 24000, 43000, 'Kevin .belajar tentang mengubah bentuk kg ke ons maupun gram. kevin mampu menyelesaikan dengan baik'),
('PT200210-0011', 'PE021', 'KL051', 'Senin', '2020-02-10 18:16:37', '2020-02-10 19:40:56', '-8.19732594', '113.7004665', '-8.19749802', '113.70047702', 'Selesai', 'Valid', 'Sudah Terbayar', 'Sudah Lunas', 30000, 45000, 'prepare for english test dan ngoreksi ps geo');
INSERT INTO `pertemuan` (`id_pertemuan`, `id_pengajar`, `id_kelas_p`, `hari`, `waktu_mulai`, `waktu_berakhir`, `lokasi_mulai_la`, `lokasi_mulai_lo`, `lokasi_berakhir_la`, `lokasi_berakhir_lo`, `status_pertemuan`, `status_konfirmasi`, `status_fee`, `status_spp`, `harga_fee`, `harga_spp`, `deskripsi`) VALUES
('PT200210-0012', 'PE006', 'KL014', 'Senin', '2020-02-10 19:13:05', '2020-02-10 20:32:40', '-8.17795971', '113.71276617', '-8.17801965', '113.71276307', 'Selesai', 'Valid', 'Sudah Terbayar', 'Sudah Lunas', 27000, 45000, 'lidya belajar tentang penggunaan must, mustn\'t, can.. lidya masih bingung membedakannya'),
('PT200211-0001', 'PE005', 'KL009', 'Selasa', '2020-02-11 05:33:21', '2020-02-11 05:34:02', '-8.1730312', '113.71956985', '-8.1730312', '113.71956985', 'Selesai', 'Valid', 'Sudah Terbayar', 'Sudah Lunas', 23000, 35000, 'abseni tgl 10 februari 2020'),
('PT200211-0002', 'PE003', 'KL056', 'Selasa', '2020-02-11 14:33:21', '2020-02-11 14:33:38', '-8.175751562230289', '113.71918888762593', '-8.175751562230289', '113.71918888762593', 'Selesai', 'Valid', 'Sudah Terbayar', 'Sudah Lunas', 24000, 35000, 'feli tgl 10'),
('PT200211-0003', 'PE001', 'KL005', 'Selasa', '2020-02-11 15:18:27', '2020-02-11 16:52:16', '-8.1765', '113.69565499999999', '-8.187455', '113.70275166666667', 'Selesai', 'Valid', 'Sudah Terbayar', 'Sudah Lunas', 30000, 65000, 'christopher belajar ph tematik dengan baik... namun ada beberapa bahannyang harus di ulang... yaitu nama2 pahlawan beserta asalnya... untuk Alice belajar tentang Jam dan mebuat kalimat ttg sumber energi... semua belajar dengan baik....'),
('PT200211-0004', 'PE021', 'KL047', 'Selasa', '2020-02-11 15:51:44', '2020-02-11 16:55:44', '-8.17794928', '113.69538998', '-8.17822148', '113.69507323', 'Selesai', 'Valid', 'Sudah Terbayar', 'Sudah Lunas', 24000, 35000, 'mereview kembali ps math gwen ttg puluhan dan satuan. dan juga latihan soal.. (karena masih suka keliru)'),
('PT200211-0005', 'PE022', 'KL039', 'Selasa', '2020-02-11 16:05:25', '2020-02-11 17:02:17', '-8.17113702', '113.71209675', '-8.17858473', '113.67077086', 'Selesai', 'Valid', 'Sudah Terbayar', 'Sudah Lunas', 27000, 35000, 'Kelas tambahan utk persiapan ujian'),
('PT200211-0006', 'PE013', 'KL030', 'Selasa', '2020-02-11 16:20:46', '2020-02-12 14:32:25', '-8.182633649557829', '113.70819107629359', '-8.170825392007828', '113.70297166518867', 'Selesai', 'Valid', 'Sudah Terbayar', 'Sudah Lunas', 25000, 43000, 'mengerajakan PR 5 kalimat dengan menggunakan huruf tegak bersambung dan review UH agama '),
('PT200211-0008', 'PE001', 'KL001', 'Selasa', '2020-02-11 17:06:36', '2020-02-11 18:44:09', '-8.194653333333333', '113.66663500000001', '-8.19576', '113.66529666666665', 'Selesai', 'Valid', 'Sudah Terbayar', 'Sudah Lunas', 27000, 45000, 'kevin hari ini belajar dengam baik.... namun harus di ulangi lagi agar bisa maksimal hasilnya....good job koo...'),
('PT200211-0009', 'PE021', 'KL046', 'Selasa', '2020-02-11 17:15:09', '2020-02-11 18:08:52', '-8.17325381', '113.6961482', '-8.17320837', '113.69620553', 'Selesai', 'Valid', 'Sudah Terbayar', 'Sudah Lunas', 25000, 40000, 'prepare for english test tomorrow'),
('PT200211-0010', 'PE023', 'KL017', 'Selasa', '2020-02-11 17:40:55', '2020-02-11 17:41:38', '-8.207448730731144', '113.69714596935634', '-8.207311017316316', '113.69719340043378', 'Selesai', 'Valid', 'Sudah Terbayar', 'Sudah Lunas', 40000, 50000, 'gladis'),
('PT200211-0011', 'PE023', 'KL045', 'Selasa', '2020-02-11 17:41:55', '2020-02-11 17:42:11', '-8.207245964023196', '113.6971718534494', '-8.207338646693946', '113.69713891139406', 'Selesai', 'Valid', 'Sudah Terbayar', 'Sudah Lunas', 37000, 57000, 'grace'),
('PT200211-0012', 'PE012', 'KL029', 'Selasa', '2020-02-11 17:48:17', '2020-02-11 19:19:52', '-8.1679028', '113.7092238', '-8.1784855', '113.670735', 'Selesai', 'Valid', 'Sudah Terbayar', 'Sudah Lunas', 25000, 40000, 'heaven telah belajar luas dan keliling persegi, luas dan keliling persegi dan luas dan keliling segitiga'),
('PT200211-0013', 'PE006', 'KL011', 'Selasa', '2020-02-11 18:12:02', '2020-02-11 19:12:56', '-8.17782063', '113.71261339', '-8.1781145', '113.71251827', 'Selesai', 'Valid', 'Sudah Terbayar', 'Sudah Lunas', 24000, 43000, 'kevin menulis tegak bersambung sebagai pr tematik. kevin bisa membedakan dan menulis tegak bersambung, hanya saja tidak sabaran. '),
('PT200211-0014', 'PE022', 'KL040', 'Selasa', '2020-02-11 19:00:59', '2020-02-11 20:24:07', '-8.18787074', '113.66709536', '-8.19093205', '113.66368655', 'Selesai', 'Valid', 'Sudah Terbayar', 'Sudah Lunas', 30000, 50000, 'Carlos belajar bahasa inggris tentang poem, adj and adv, dan belajar IPS serta menjawab soal2 dari latihan soal di buku'),
('PT200211-0015', 'PE001', 'KL002', 'Selasa', '2020-02-11 19:04:37', '2020-02-11 20:06:40', '-8.195923333333333', '113.66458333333334', '-8.195923333333333', '113.66458333333334', 'Selesai', 'Valid', 'Sudah Terbayar', 'Sudah Lunas', 23000, 40000, 'michelle hari ini belajar ttgbmateri berat benda.... dia sudah blajar dengan baik mengubah dari Kilo menjadi Ons dan Gram... michelle juga sdah belajar menulis tegak bersambung... '),
('PT200211-0016', 'PE006', 'KL014', 'Selasa', '2020-02-11 19:13:07', '2020-02-11 20:49:10', '-8.17784269', '113.71266342', '-8.17813583', '113.7124694', 'Selesai', 'Valid', 'Sudah Terbayar', 'Sudah Lunas', 27000, 45000, 'lidya belajar matematika tentang luas dan keliling bangun datar persegi, persegi panjang, dan segitiga. lalu belajar untuk UH bahasa Inggris tentang penggunaan must, mustn\'t, can, and needn\'t. lidya mampu dengan baik menyelesaikan dengan arahan.'),
('PT200212-0001', 'PE020', 'KL041', 'Rabu', '2020-02-12 13:39:32', '2020-02-12 13:42:08', '-8.17335491', '113.69598499', '-8.17342703', '113.69592513', 'Selesai', 'Valid', 'Sudah Terbayar', 'Sudah Lunas', 37000, 55000, 'Materi tentang bahasa Indonesia, keno menulis surat kepada orang teman sekolahnya\nDan materi Biologi membuat sel hewan dari bahan Malam\n\nHari Selasa kemarin'),
('PT200212-0002', 'PE020', 'KL042', 'Rabu', '2020-02-12 13:42:18', '2020-02-12 17:24:12', '-8.17343257', '113.69613959', '-8.17326407', '113.69627947', 'Selesai', 'Valid', 'Sudah Terbayar', 'Sudah Lunas', 24000, 40000, 'Memberikan soal post test untuk jessline persiapan ulangan matematika hari Kamis besok'),
('PT200212-0003', 'PE013', 'KL030', 'Rabu', '2020-02-12 15:46:04', '2020-02-12 16:23:13', '-8.182821152731776', '113.7078948598355', '-8.182821152731776', '113.7078948598355', 'Selesai', 'Valid', 'Sudah Terbayar', 'Sudah Lunas', 25000, 43000, 'Review matematika (kg hg dag g ) kayla hari ini brlajarnya good '),
('PT200212-0004', 'PE021', 'KL047', 'Rabu', '2020-02-12 15:53:57', '2020-02-12 16:58:15', '-8.17794383', '113.69513627', '-8.17804408', '113.6952094', 'Selesai', 'Valid', 'Sudah Terbayar', 'Sudah Lunas', 24000, 35000, 'bantu mengerjakan tugas english gwen dan mengerjakan latihan soal'),
('PT200212-0005', 'PE013', 'KL031', 'Rabu', '2020-02-12 16:23:34', '2020-02-13 10:46:32', '-8.18268989212811', '113.7087773066014', '-8.18286947440356', '113.70906597934663', 'Selesai', 'Valid', 'Sudah Terbayar', 'Sudah Lunas', 23000, 40000, 'review tematik tema 6 prepare UH '),
('PT200212-0006', 'PE012', 'KL029', 'Rabu', '2020-02-12 16:26:04', '2020-02-12 18:00:48', '-8.17854924', '113.67069206', '-8.17854924', '113.67069206', 'Selesai', 'Valid', 'Sudah Terbayar', 'Sudah Lunas', 25000, 40000, 'heaven telah bisa mengerjakan soal luas dan keliling segitiga, persegi dan persegi panjang'),
('PT200212-0007', 'PE025', 'KL053', 'Rabu', '2020-02-12 16:36:20', '2020-02-12 16:36:38', '-8.20733243599534', '113.69713593274355', '-8.207213496789336', '113.69735998101532', 'Selesai', 'Valid', 'Sudah Terbayar', 'Sudah Lunas', 37000, 50000, 'lili 10 february'),
('PT200212-0008', 'PE025', 'KL053', 'Rabu', '2020-02-12 16:37:08', '2020-02-12 16:37:20', '-8.207265632227063', '113.69720969349146', '-8.207265632227063', '113.69720969349146', 'Selesai', 'Valid', 'Sudah Terbayar', 'Sudah Lunas', 37000, 50000, 'lili 11 februari'),
('PT200212-0009', 'PE009', 'KL026', 'Rabu', '2020-02-12 16:38:10', '2020-02-12 18:26:43', '-8.1676877', '113.7258533', '-8.15326052', '113.6933523', 'Selesai', 'Valid', 'Sudah Terbayar', 'Sudah Lunas', 25000, 40000, 'Simple Past Tense (Tata mulai menambah hafalan verbsnya dan memahami penggunaan past tense)'),
('PT200212-0010', 'PE010', 'KL027', 'Rabu', '2020-02-12 16:40:34', '2020-02-12 16:40:54', '-8.207348571158946', '113.69736987166107', '-8.207348571158946', '113.69736987166107', 'Selesai', 'Valid', 'Sudah Terbayar', 'Sudah Lunas', 35000, 55000, 'marco 12feb'),
('PT200212-0011', 'PE001', 'KL001', 'Rabu', '2020-02-12 16:53:48', '2020-02-12 18:29:50', '-8.195780000000001', '113.66507500000002', '-8.195696666666667', '113.66479333333334', 'Selesai', 'Valid', 'Sudah Terbayar', 'Sudah Lunas', 27000, 45000, 'kevin hari ini mlnjutkan belajar tematik Pb 1 smpi 3.... belajar kurang konsen dan banyak gurau.... jdi harus di ulangi lagi.... '),
('PT200212-0012', 'PE023', 'KL017', 'Rabu', '2020-02-12 17:18:05', '2020-02-12 17:18:41', '-8.176447963296882', '113.68354305252655', '-8.176447963296882', '113.68354305252655', 'Selesai', 'Valid', 'Sudah Terbayar', 'Sudah Lunas', 40000, 50000, 'Tambahan pelajaran Gladys untuk ulangan Agama'),
('PT200212-0013', 'PE023', 'KL044', 'Rabu', '2020-02-12 17:18:57', '2020-02-12 18:22:23', '-8.19059688', '113.66895047', '-8.19059688', '113.66895047', 'Selesai', 'Valid', 'Sudah Terbayar', 'Sudah Lunas', 35000, 57000, 'Jason belajar tentang Permintaan dan Penawaran (Ekonomi)'),
('PT200212-0015', 'PE002', 'KL006', 'Rabu', '2020-02-12 18:01:19', '2020-02-12 19:46:25', '-8.15647755', '113.72099492', '-8.16399646', '113.70530749', 'Selesai', 'Valid', 'Sudah Terbayar', 'Sudah Lunas', 43000, 65000, 'Hari ini latihan ULANGAN FISIKA Termodinamik'),
('PT200212-0016', 'PE006', 'KL015', 'Rabu', '2020-02-12 18:22:14', '2020-02-12 19:34:25', '-8.16382393', '113.72513624', '-8.17789026', '113.71260184', 'Selesai', 'Valid', 'Sudah Terbayar', 'Sudah Lunas', 27000, 45000, 'lydia mengulang materi luas dan keliling bangun datar untuk ulangan matematika esok. sayangnya hari ini lydia lebih kurang fokus, mingkin karena lelah usai les renang. saat diberi latihan soal sempat marah, namun akhirnya mau mengerjakan dan menyelesaikan dengan baik. ^_^'),
('PT200212-0017', 'PE021', 'KL055', 'Rabu', '2020-02-12 18:53:08', '2020-02-12 20:07:56', '-8.18464564', '113.68133954', '-8.18464564', '113.68133954', 'Selesai', 'Valid', 'Sudah Terbayar', 'Sudah Lunas', 27000, 45000, 'mengerjakan ps/pr stan such as english and tematik'),
('PT200212-0018', 'PE023', 'KL052', 'Rabu', '2020-02-12 19:05:41', '2020-02-12 20:15:57', '-8.19089888', '113.68697074', '-8.19037036', '113.68666741', 'Selesai', 'Valid', 'Sudah Terbayar', 'Sudah Lunas', 27000, 45000, 'Salwa belajar untuk Ulangan Tema 6 Subtema 2'),
('PT200212-0019', 'PE018', 'KL036', 'Rabu', '2020-02-12 19:33:11', '2020-02-12 20:19:58', '-8.18822199', '113.69643336', '-8.18800857', '113.69656907', 'Selesai', 'Valid', 'Belum Terbayar', 'Sudah Lunas', 30000, 40000, 'Semangat belajar dek. Bab phytagoras dan lingkaran'),
('PT200212-0020', 'PE006', 'KL012', 'Rabu', '2020-02-12 19:34:47', '2020-02-13 11:34:58', '-8.17786932', '113.7127262', '-8.16369723', '113.72501973', 'Selesai', 'Valid', 'Sudah Terbayar', 'Sudah Lunas', 24000, 43000, 'kevin belajar membedakan satuan berat benda. dia dapat memahami dengan baik. '),
('PT200213-0001', 'PE001', 'KL005', 'Kamis', '2020-02-13 14:55:58', '2020-02-13 16:26:16', '-8.166458333333333', '113.71090833333334', '-8.186786666666666', '113.70235333333333', 'Selesai', 'Valid', 'Sudah Terbayar', 'Sudah Lunas', 30000, 65000, 'christoo dan alice hari ini bljar tematik untuk persiapan PH... cristo harus diulangi lgi materinya... untuk Alice hri ini bljar dg baik... sehingga mterinya bisa di kuasai dengan baik... nmun harus tetap diulangi lagi....'),
('PT200213-0002', 'PE012', 'KL029', 'Kamis', '2020-02-13 15:02:43', '2020-02-13 16:36:09', '-8.1370431', '113.7017167', '-8.17854018', '113.67063384', 'Selesai', 'Valid', 'Sudah Terbayar', 'Sudah Lunas', 25000, 40000, 'heaven telah belajar aksara jawa, upacara suku suku yg ada di indonesia, alasan mengapa terdapat keragaman yg ada di indonesia.'),
('PT200213-0003', 'PE005', 'KL010', 'Kamis', '2020-02-13 15:19:03', '2020-02-13 16:32:26', '-8.172873258590698', '113.71945023536682', '-8.17979931', '113.70406845', 'Selesai', 'Valid', 'Sudah Terbayar', 'Sudah Lunas', 25000, 35000, 'belajar menghitung penjumlahan dan pengurangan, dan sekaligus menulis'),
('PT200213-0004', 'PE020', 'KL041', 'Kamis', '2020-02-13 15:53:01', '2020-02-13 15:54:18', '-8.17179902', '113.70317155', '-8.17179902', '113.70317155', 'Selesai', 'Valid', 'Sudah Terbayar', 'Sudah Lunas', 37000, 55000, 'Materi tentang bahasa Indonesia membuat surat untuk kakak kelas.\nMateri tentang IPA membuat sel hewan dari plastisin\n\nJadwal kemarin pada hari Rabu'),
('PT200213-0005', 'PE020', 'KL041', 'Kamis', '2020-02-13 15:54:38', '2020-02-13 22:06:51', '-8.19072293', '113.66472851', '-8.19004285', '113.66489728', 'Selesai', 'Valid', 'Sudah Terbayar', 'Sudah Lunas', 37000, 55000, 'Keno membuat tugas matematika tentang perhitungan denah pada peta dan skala '),
('PT200213-0006', 'PE021', 'KL047', 'Kamis', '2020-02-13 15:55:47', '2020-02-13 17:03:38', '-8.17809718', '113.69518877', '-8.17783784', '113.69515175', 'Selesai', 'Valid', 'Sudah Terbayar', 'Sudah Lunas', 24000, 35000, 'belajar untuk ulangan bahasa daerah gwen besok'),
('PT200213-0007', 'PE006', 'KL011', 'Kamis', '2020-02-13 16:06:22', '2020-02-13 17:01:07', '-8.16395314', '113.72486289', '-8.17782953', '113.71278773', 'Selesai', 'Valid', 'Sudah Terbayar', 'Sudah Lunas', 24000, 43000, 'Kevin mengerjakan tugas mandarin ...\nhari ini hanya mengawasi Kevin mengerjakan tugas untuk esok hari saja. kebetulan Kevin baru bangun tidur dan kurang fokus. tapi mau menyelesaikan pekerjaan rumahnya. ????'),
('PT200213-0008', 'PE013', 'KL031', 'Kamis', '2020-02-13 16:28:19', '2020-02-13 17:52:00', '-8.182797683402896', '113.70887420140207', '-8.182706949301064', '113.70865157805383', 'Selesai', 'Valid', 'Sudah Terbayar', 'Sudah Lunas', 23000, 40000, 'review quiz tema 6 sub tema 1 ( alin belajarnya good banget ) '),
('PT200213-0009', 'PE001', 'KL001', 'Kamis', '2020-02-13 16:47:22', '2020-02-13 18:24:14', '-8.195816666666667', '113.66499666666665', '-8.195681666666667', '113.66489333333332', 'Selesai', 'Valid', 'Sudah Terbayar', 'Sudah Lunas', 27000, 45000, 'kevin hari ini bljar pb 3 dan 4... kevin bljar dg terburu2... jdi ada beberapa mteri yg blum mksimal.. bsok yg smngat koko...'),
('PT200213-0010', 'PE009', 'KL025', 'Kamis', '2020-02-13 17:05:25', '2020-02-13 19:21:22', '-8.176253857851576', '113.67076573194858', '-8.177953362464905', '113.65743219852448', 'Selesai', 'Valid', 'Sudah Terbayar', 'Sudah Lunas', 27000, 45000, 'Ivan . (sudah paham sekali menggunakan paat tense, tapi harus banyak menghafal Verb 1 dan Verb 2)'),
('PT200213-0011', 'PE022', 'KL040', 'Kamis', '2020-02-13 17:52:41', '2020-02-13 19:25:50', '-8.17530836', '113.7024391', '-8.19096303', '113.66372424', 'Selesai', 'Valid', 'Sudah Terbayar', 'Sudah Lunas', 30000, 50000, 'Carlos mengerjakan tugas2 dari sekolahnya mapel ipa, english, dan bahasa indonesia.'),
('PT200213-0012', 'PE021', 'KL055', 'Kamis', '2020-02-13 18:33:37', '2020-02-13 20:02:06', '-8.18460035', '113.68132238', '-8.18462508', '113.68131433', 'Selesai', 'Valid', 'Sudah Terbayar', 'Sudah Lunas', 27000, 45000, 'belajar untuk UH bahasa daerah stan besok'),
('PT200214-0001', 'PE018', 'KL036', 'Jum\'at', '2020-02-14 14:23:44', '2020-02-14 15:54:51', '-8.18798569', '113.69661715', '-8.15464291', '113.71790805', 'Selesai', 'Valid', 'Belum Terbayar', 'Sudah Lunas', 30000, 40000, 'Semangat dek belajarnya. Jangan lupa latihan soal yang ms kasih. Tanggal 20 ujian matematika. '),
('PT200214-0002', 'PE013', 'KL030', 'Jum\'at', '2020-02-14 15:21:56', '2020-02-15 08:34:36', '-8.182764532975852', '113.70868912898004', '-8.155198800377548', '113.69280014187098', 'Selesai', 'Valid', 'Sudah Terbayar', 'Sudah Lunas', 25000, 43000, 'mempelajari tematik pemggunaan huruf kapital yang tepat dan belajar menulis huruf tegak bersambung, English (review unit 8) '),
('PT200214-0003', 'PE021', 'KL047', 'Jum\'at', '2020-02-14 15:51:03', '2020-02-14 17:01:50', '-8.17808842', '113.69508549', '-8.17804425', '113.69520289', 'Selesai', 'Valid', 'Sudah Terbayar', 'Sudah Lunas', 24000, 35000, 'review ulang tentang \"sebuah\" a/an in english'),
('PT200214-0004', 'PE001', 'KL001', 'Jum\'at', '2020-02-14 16:48:00', '2020-02-14 18:26:22', '-8.173775000000001', '113.70284000000001', '-8.195451666666665', '113.66534333333333', 'Selesai', 'Valid', 'Sudah Terbayar', 'Sudah Lunas', 27000, 45000, 'kevin hari ini belajar Tematik PB 5... kevin belajar dengan baik meskipun awal2 kurang fokus... konsentrasinya harus di tingkatkan lagi... semangat Kevin...'),
('PT200214-0005', 'PE002', 'KL006', 'Jum\'at', '2020-02-14 18:09:37', '2020-02-15 08:45:37', '-8.16399398', '113.70486865', '-8.16399398', '113.70486865', 'Selesai', 'Valid', 'Sudah Terbayar', 'Sudah Lunas', 43000, 65000, 'selesai 19.35\nmaaf lupa mematikan mbak ????????????'),
('PT200214-0006', 'PE005', 'KL009', 'Jum\'at', '2020-02-14 18:22:12', '2020-02-14 19:26:35', '-8.17302327', '113.7195737', '-8.17178795', '113.73464836', 'Selesai', 'Valid', 'Sudah Terbayar', 'Sudah Lunas', 23000, 35000, 'ngaji huruf ijahiyah ta, tsa, ja, ha, ho, dan doa orang tua, doa sebelum makan dan sesudah, doa mau tidur'),
('PT200214-0007', 'PE021', 'KL055', 'Jum\'at', '2020-02-14 18:34:13', '2020-02-14 20:08:20', '-8.18467135', '113.68132645', '-8.1847404', '113.6812128', 'Selesai', 'Valid', 'Sudah Terbayar', 'Sudah Lunas', 27000, 45000, 'persiapan ujian susulan stan bindo dan ppkn'),
('PT200214-0008', 'PE001', 'KL002', 'Jum\'at', '2020-02-14 18:51:15', '2020-02-14 20:00:07', '-8.195746666666668', '113.66485499999999', '-8.195746666666668', '113.66485499999999', 'Selesai', 'Valid', 'Sudah Terbayar', 'Sudah Lunas', 23000, 40000, 'michelle hari ini belajar PS IPa, Math dan English...michelle belajar dengan baik... michelle bisa cepet memahami materinyaa... semoga bsok sukses Cece Michelle'),
('PT200214-0009', 'PE023', 'KL044', 'Jum\'at', '2020-02-14 18:53:47', '2020-02-14 20:12:59', '-8.16338755', '113.71651314', '-8.190618', '113.66900786', 'Selesai', 'Valid', 'Sudah Terbayar', 'Sudah Lunas', 35000, 57000, 'Jason belajar untuk ulangan harian agama'),
('PT200215-0001', 'PE020', 'KL041', 'Sabtu', '2020-02-15 07:43:28', '2020-02-15 07:44:43', '-8.1799662', '113.1446894', '-8.1799662', '113.1446894', 'Selesai', 'Valid', 'Sudah Terbayar', 'Sudah Lunas', 37000, 55000, 'Membahas materi matematika tentang skala, jarak sebenarnya, jarak pada peta. Mendesain denah dengan skala tertentu\n\nKemarin, pada hari Jumat'),
('PT200215-0002', 'PE021', 'KL046', 'Sabtu', '2020-02-15 13:54:01', '2020-02-15 15:02:29', '-8.17312976', '113.69643564', '-8.17317021', '113.69625955', 'Selesai', 'Valid', 'Sudah Terbayar', 'Sudah Lunas', 25000, 40000, 'learn and practice for unit 7 about inventions'),
('PT200216-0001', 'PE023', 'KL017', 'Minggu', '2020-02-16 13:54:14', '2020-02-17 15:57:15', '-8.16656774', '113.70531333', '-8.16925401', '113.70470113', 'Selesai', 'Valid', 'Sudah Terbayar', 'Sudah Lunas', 40000, 50000, 'Gladys mengerjakan tugas Bahasa Inggris Story Telling dan belajar untuk ulangan informatika 3D pop Up dan Double exposure'),
('PT200216-0002', 'PE020', 'KL041', 'Minggu', '2020-02-16 15:13:44', '2020-02-16 17:04:27', '-8.1904958', '113.6647846', '-8.1904958', '113.6647846', 'Selesai', 'Valid', 'Sudah Terbayar', 'Sudah Lunas', 37000, 55000, 'Keno mencari barang pembelian di lapak online dan di sisipkan di tugas matematika soal harga setelah diskon'),
('PT200216-0003', 'PE018', 'KL005', 'Minggu', '2020-02-16 17:20:32', '2020-02-16 19:17:42', '-8.16842685', '113.71136711', '-8.16945748', '113.71078222', 'Selesai', 'Valid', 'Belum Terbayar', 'Sudah Lunas', 30000, 65000, 'Cristo dan alice belajar dengan baik. Terimakasih yaa hari ini sudah mau nurut sama miss. Semangat belajarnya.'),
('PT200216-0004', 'PE001', 'KL001', 'Minggu', '2020-02-16 17:36:32', '2020-02-16 19:11:58', '-8.19476', '113.66636166666667', '-8.19476', '113.66636166666667', 'Selesai', 'Valid', 'Sudah Terbayar', 'Sudah Lunas', 27000, 45000, 'kevin hari ini tambahann...belajar persiapan PH TEMATIK... belajarr awal2 nya kurang konsen.... akhirnyaa bisa menyelesaikan tugas dengan baik .... lain kali harus di tingkatkan lagi yaa konsentrasinya...'),
('PT200216-0005', 'PE009', 'KL021', 'Minggu', '2020-02-16 19:41:05', '2020-02-16 20:56:23', '-8.212007006523606', '113.68172110375086', '-8.20742141', '113.68263764', 'Selesai', 'Valid', 'Sudah Terbayar', 'Sudah Lunas', 30000, 0, 'Simple Future Tense, penggunaan to be'),
('PT200217-0001', 'PE001', 'KL004', 'Senin', '2020-02-17 14:52:59', '2020-02-17 16:25:05', '-8.173816666666665', '113.70281833333333', '-8.186775', '113.70239333333332', 'Selesai', 'Valid', 'Sudah Terbayar', 'Sudah Lunas', 25000, 45000, 'christo hari ini belajar sendiri... hari ini christo belajar tematik persiapan PH.... christo belajar dengan baik... namun harus diulangi lagi... krena materi yg banyak ttg sejarah maka dbutuhkan konsentrasi beljar yang baik... semngat untuk bsok Ko....'),
('PT200217-0003', 'PE022', 'KL039', 'Senin', '2020-02-17 15:18:19', '2020-02-17 16:18:48', '-8.17847497', '113.67081802', '-8.17834009', '113.67079597', 'Selesai', 'Valid', 'Sudah Terbayar', 'Sudah Lunas', 27000, 35000, 'Heaven got 100 on his exam. He studied relative pronouns and reading invention texts.'),
('PT200217-0004', 'PE021', 'KL047', 'Senin', '2020-02-17 15:54:54', '2020-02-17 17:44:41', '-8.17470008', '113.70459848', '-8.17470008', '113.70459848', 'Selesai', 'Valid', 'Sudah Terbayar', 'Sudah Lunas', 24000, 35000, 'review kembali dan materi tentang do/does and is/are and doing some exercise too'),
('PT200217-0005', 'PE023', 'KL017', 'Senin', '2020-02-17 15:57:28', '2020-02-17 19:35:25', '-8.16650765', '113.7052334', '-8.16650765', '113.7052334', 'Selesai', 'Valid', 'Sudah Terbayar', 'Sudah Lunas', 40000, 50000, 'Mengerjakan tugas matematika  dan belajar untuk ulangan lisan penjaskes'),
('PT200217-0006', 'PE022', 'KL035', 'Senin', '2020-02-17 16:32:08', '2020-02-17 18:20:00', '-8.16393324', '113.70507881', '-8.16396179', '113.70507274', 'Selesai', 'Valid', 'Sudah Terbayar', 'Sudah Lunas', 30000, 50000, 'Meme mengerjakan PR Bahasa Inggris, seni, dan menghafal bentuk bangun datar math'),
('PT200217-0007', 'PE001', 'KL001', 'Senin', '2020-02-17 16:51:43', '2020-02-17 18:30:19', '-8.187215', '113.69353500000001', '-8.195813333333332', '113.66467666666668', 'Selesai', 'Valid', 'Sudah Terbayar', 'Sudah Lunas', 27000, 45000, 'kevin hari ini belajar tematik persiapan Ph.. kevin sudah mulai mnguasai materinya... Kevin belajar dengan baik... namun konsentrasinya harus di tingkatkan lagi...??'),
('PT200217-0008', 'PE012', 'KL029', 'Senin', '2020-02-17 17:12:50', '2020-02-17 18:45:25', '-8.17861615', '113.67081111', '-8.178479075431824', '113.67075741291046', 'Selesai', 'Valid', 'Sudah Terbayar', 'Sudah Lunas', 25000, 40000, 'heaven telah bisa membedakan garis, segmen, sinar.\ntelah belajar sikap toleransi \ntelah mengerti gaya pegas, gaya magnet, gaya listrik, gaya dorong dan tarik'),
('PT200217-0009', 'PE013', 'KL031', 'Senin', '2020-02-17 17:21:17', '2020-02-18 06:36:02', '-8.169286013580859', '113.69086660444736', '-8.182590859942138', '113.70909330435097', 'Selesai', 'Valid', 'Sudah Terbayar', 'Sudah Lunas', 23000, 40000, 'prepare evaluasi tematik tema 6 sub tema 2 ( alin belajarnyq mantaps) '),
('PT200217-0010', 'PE006', 'KL014', 'Senin', '2020-02-17 18:16:01', '2020-02-17 19:31:25', '-8.16375764', '113.72463975', '-8.17805583', '113.71270322', 'Selesai', 'Valid', 'Sudah Terbayar', 'Sudah Lunas', 27000, 45000, 'lidya mengerjakan pr matmatika tentang garis sejajar dengan baik'),
('PT200217-0011', 'PE005', 'KL009', 'Senin', '2020-02-17 18:22:02', '2020-02-17 19:38:10', '-8.17750289', '113.72299328', '-8.17737992', '113.72323396', 'Selesai', 'Valid', 'Sudah Terbayar', 'Sudah Lunas', 23000, 35000, 'mengenal huruf f, g, h, j, dan mehitung penjumlahan 1 - 10 '),
('PT200217-0012', 'PE009', 'KL057', 'Senin', '2020-02-17 18:49:05', '2020-02-17 18:50:05', '-8.176346', '113.6708402', '-8.17633867263794', '113.67083251476288', 'Selesai', 'Valid', 'Sudah Terbayar', 'Belum Lunas', 33000, 65000, 'Doing Homework \"Storytelling\" and memorizing Verb 1 and 2 (Ivan sudah banyak menghafal, Evan suka lupa)'),
('PT200217-0013', 'PE006', 'KL014', 'Senin', '2020-02-17 19:31:41', '2020-02-17 20:50:10', '-8.17807989', '113.71266307', '-8.17785955', '113.70982497', 'Selesai', 'Valid', 'Sudah Terbayar', 'Sudah Lunas', 27000, 45000, 'lydia mengerjakan tugas bahasa jawa menulis aksara jawa. lydia sudah bisa mengingat beberapa huruf aksara jawa. kemudian dilanjutkan dengan membahas ulang tugas bahasa Inggris Lydia seputar hewan laut. lydia lemah dalam membaca dan memahaminya, lydia seringkali terburu-buru dalam mengerjakan tugasnya. '),
('PT200217-0014', 'PE023', 'KL052', 'Senin', '2020-02-17 19:35:37', '2020-02-17 21:04:14', '-8.19091546', '113.68710606', '-8.19096375', '113.68709293', 'Selesai', 'Valid', 'Sudah Terbayar', 'Sudah Lunas', 27000, 45000, 'Salwa belajar buku dinas Tematik tema 6 subtema 3 dan 4 halaman 108-122'),
('PT200218-0001', 'PE020', 'KL041', 'Selasa', '2020-02-18 09:40:30', '2020-02-18 09:41:13', '-8.16732767', '113.71856808', '-8.16732767', '113.71856808', 'Selesai', 'Valid', 'Sudah Terbayar', 'Sudah Lunas', 37000, 55000, 'Membahas tentang materi matematika Diskon di lapak Online\nHari senin kemarin'),
('PT200218-0002', 'PE001', 'KL005', 'Selasa', '2020-02-18 15:00:32', '2020-02-18 16:31:17', '-8.173751666666668', '113.70293166666667', '-8.186681666666667', '113.70241166666668', 'Selesai', 'Valid', 'Sudah Terbayar', 'Sudah Lunas', 30000, 65000, 'christo hari ini pelajar PH TEMATIK... di PB 4 ada beberapa soal yg harus di ulangi lagi... namun koko sdah baik belajarnya....\nalice belajar tema 6 st 2.... belajar dengan baik... namun harus dtingkatkan lagi konsentrasinya...'),
('PT200218-0003', 'PE020', 'KL041', 'Selasa', '2020-02-18 15:04:00', '2020-02-19 13:20:12', '-8.16694116', '113.71364433', '-8.16726595', '113.71851858', 'Selesai', 'Valid', 'Sudah Terbayar', 'Sudah Lunas', 37000, 55000, 'Keno mengerjakan tugas IPA tentang menggambarkan piramida makanan'),
('PT200218-0004', 'PE012', 'KL029', 'Selasa', '2020-02-18 15:40:12', '2020-02-18 17:11:59', '-8.136990666389465', '113.70175302028656', '-8.17856266', '113.67072989', 'Selesai', 'Valid', 'Sudah Terbayar', 'Sudah Lunas', 25000, 40000, 'heaven telah mengerti garis berpotongan, garis sejajar, tegak lurus dan berhimpi. heaven telah blajar ips tentang keberagaman indonesia'),
('PT200218-0005', 'PE021', 'KL047', 'Selasa', '2020-02-18 16:02:35', '2020-02-18 17:02:23', '-8.17801087', '113.69538521', '-8.1780426', '113.69520054', 'Selesai', 'Valid', 'Sudah Terbayar', 'Sudah Lunas', 24000, 35000, 'belajar ppkn tentang pancasila dan menyebutkan contoh nya dalam setiap sila'),
('PT200218-0006', 'PE001', 'KL001', 'Selasa', '2020-02-18 16:55:37', '2020-02-18 18:26:28', '-8.187785', '113.69197000000001', '-8.187785', '113.69197000000001', 'Selesai', 'Valid', 'Sudah Terbayar', 'Sudah Lunas', 27000, 45000, 'kevin belajar kurang konsentrasi...jadi harus diulangi lagi.... \nada beberapa soal yg masih kurang... semoga besok PH nya lancar..'),
('PT200218-0007', 'PE022', 'KL032', 'Selasa', '2020-02-18 17:03:04', '2020-02-18 18:15:11', '-8.17862414', '113.67148877', '-8.17809844', '113.66974501', 'Selesai', 'Valid', 'Sudah Terbayar', 'Sudah Lunas', 30000, 50000, 'Michael belajar Bahasa Indonesia ttg menyusun kalimat, penggunaan EYD, kata keterangan, dan mengerjakan latihan soal.'),
('PT200218-0008', 'PE006', 'KL014', 'Selasa', '2020-02-18 18:18:18', '2020-02-18 19:08:42', '-8.16382481', '113.72493938', '-8.1779119', '113.71258171', 'Selesai', 'Valid', 'Sudah Terbayar', 'Sudah Lunas', 27000, 45000, 'lydia belajar tentang garis dan sudut. mempelajari tentang hubungan dua garis. lydia mulai bisa membedakan antara garis dan sudut.'),
('PT200218-0009', 'PE022', 'KL040', 'Selasa', '2020-02-18 18:24:42', '2020-02-18 20:02:04', '-8.19101245', '113.66390151', '-8.19120347', '113.66398569', 'Selesai', 'Valid', 'Sudah Terbayar', 'Sudah Lunas', 30000, 50000, 'Quiz science carlos dapat 95. Carlos belajar bahasa indonesia utk persiapan ujian besok.'),
('PT200218-0010', 'PE021', 'KL055', 'Selasa', '2020-02-18 18:34:05', '2020-02-18 20:02:22', '-8.1846804', '113.68132538', '-8.18465394', '113.68133071', 'Selesai', 'Valid', 'Sudah Terbayar', 'Sudah Lunas', 27000, 45000, 'belajar ipa hari ini '),
('PT200218-0011', 'PE002', 'KL006', 'Selasa', '2020-02-18 18:56:49', '2020-02-18 19:03:05', '-8.16390981', '113.70512762', '-8.16390981', '113.70512762', 'Selesai', 'Valid', 'Sudah Terbayar', 'Sudah Lunas', 43000, 65000, 'mulai 17.45 \nselesai 19.03'),
('PT200218-0012', 'PE001', 'KL002', 'Selasa', '2020-02-18 18:59:07', '2020-02-18 20:01:37', '-8.176314999999999', '113.68373666666666', '-8.176314999999999', '113.68373666666666', 'Selesai', 'Valid', 'Sudah Terbayar', 'Sudah Lunas', 23000, 40000, 'michelle hari belajar untuk ph Agama... belajr dengan baik dan materinya sdah dikuasai dengan baik... semngat untuk besok Cee...'),
('PT200218-0013', 'PE023', 'KL045', 'Selasa', '2020-02-18 19:06:40', '2020-02-18 21:37:24', '-8.16926892', '113.7047099', '-8.16926892', '113.7047099', 'Selesai', 'Valid', 'Sudah Terbayar', 'Sudah Lunas', 37000, 57000, 'Belajar agama untuk ujian Praktek dan mengerjakan Tugas tulisan tentang Harapan di Masa Depan'),
('PT200218-0014', 'PE006', 'KL011', 'Selasa', '2020-02-18 19:46:45', '2020-02-18 20:58:24', '-8.17805992', '113.71270399', '-8.17775528', '113.71267529', 'Selesai', 'Valid', 'Sudah Terbayar', 'Sudah Lunas', 24000, 43000, 'hari ini Kevin menagih janji untuk bermain karena sudah mendapatkan nilai 98 untuk matematikanya. Disamping bermain, saya menyisipkan percakapan tentang cita-cita Kevin dalam bahasa Inggris, Kevin juga saya minta untuk membaca cerita pendek dan menjelaskan artinya. Kevin mampu dengan baik memahami bacaan bahasa Inggris. '),
('PT200219-0001', 'PE020', 'KL042', 'Rabu', '2020-02-19 14:23:37', '2020-02-19 17:34:46', '-8.16731923', '113.71843298', '-8.16731923', '113.71843298', 'Selesai', 'Valid', 'Sudah Terbayar', 'Sudah Lunas', 24000, 40000, 'Jessline mengerjakan matematika tentang garis garis lurus dan sudut'),
('PT200219-0002', 'PE012', 'KL029', 'Rabu', '2020-02-19 15:10:51', '2020-02-20 06:01:04', '-8.1370431', '113.7017167', '-8.1370431', '113.7017167', 'Selesai', 'Valid', 'Sudah Terbayar', 'Sudah Lunas', 25000, 40000, 'heaven telah mengerti garis bersebrangan dan bertolak belakang. heaven telah mengerjakan PR ips tentang keanekaragaman di Indonesia'),
('PT200219-0003', 'PE005', 'KL010', 'Rabu', '2020-02-19 15:33:09', '2020-02-19 15:34:32', '-8.17313851', '113.71961039', '-8.17313851', '113.71961039', 'Selesai', 'Valid', 'Sudah Terbayar', 'Sudah Lunas', 25000, 35000, 'membaca 2 dan 3 suku kata, sekaligus menghitung pengurangan dan penjumlahan \n'),
('PT200219-0004', 'PE021', 'KL047', 'Rabu', '2020-02-19 15:57:54', '2020-02-19 16:55:50', '-8.17811473', '113.69525641', '-8.17805317', '113.69522045', 'Selesai', 'Valid', 'Sudah Terbayar', 'Sudah Lunas', 24000, 35000, 'today learning about any kind of foods'),
('PT200219-0006', 'PE001', 'KL001', 'Rabu', '2020-02-19 16:25:37', '2020-02-19 17:56:00', '-8.175166666666666', '113.69485666666667', '-8.195508333333333', '113.66482833333333', 'Selesai', 'Valid', 'Sudah Terbayar', 'Sudah Lunas', 27000, 45000, 'hari ini kevin lagi kurang enak badan.... jadi belajarnya agak kurang maksimal... semoga lekas sembuh...'),
('PT200219-0007', 'PE023', 'KL044', 'Rabu', '2020-02-19 17:00:26', '2020-02-19 18:02:51', '-8.19052894', '113.669088', '-8.19055963', '113.66893376', 'Selesai', 'Valid', 'Sudah Terbayar', 'Sudah Lunas', 35000, 57000, 'Jason latihan menyanyi dan bermain musik lagu \"Ayo Mama\" untuk penilaian Seni Budaya'),
('PT200219-0008', 'PE009', 'KL026', 'Rabu', '2020-02-19 17:59:36', '2020-02-19 17:59:58', '-8.152928352355957', '113.6936366558075', '-8.152928352355957', '113.6936366558075', 'Selesai', 'Valid', 'Sudah Terbayar', 'Sudah Lunas', 25000, 40000, 'Mengahafal Verb 1 2 3 arti'),
('PT200219-0009', 'PE006', 'KL015', 'Rabu', '2020-02-19 18:19:20', '2020-02-19 19:19:11', '-8.14572068', '113.70106411', '-8.17792939', '113.71250575', 'Selesai', 'Valid', 'Sudah Terbayar', 'Sudah Lunas', 27000, 45000, 'Lydia mengerjakan tugas IPS. lydia mampu mengerjakan tugas tentang pengetahuan umum budaya indonesia dengan baik. '),
('PT200219-0010', 'PE023', 'KL052', 'Rabu', '2020-02-19 18:30:45', '2020-02-19 20:33:11', '-8.19076247', '113.68721023', '-8.19083654', '113.6870567', 'Selesai', 'Valid', 'Sudah Terbayar', 'Sudah Lunas', 27000, 45000, 'Salwa belajar untuk ulangan harian subtema 3 '),
('PT200219-0011', 'PE006', 'KL012', 'Rabu', '2020-02-19 19:19:24', '2020-02-19 20:30:09', '-8.17794132', '113.71271066', '-8.17789639', '113.71260727', 'Selesai', 'Valid', 'Sudah Terbayar', 'Sudah Lunas', 24000, 43000, 'Kevin belajar untuk UH IPA besok. Kevin dapat memahami dan menyebutkan penggunaan energi, dari pemanfaatannya dan cara menghemat energi. '),
('PT200219-0012', 'PE018', 'KL036', 'Rabu', '2020-02-19 19:19:41', '2020-02-22 10:20:40', '-8.16048261', '113.71888391', '-8.15449856', '113.71785402', 'Selesai', 'Valid', 'Belum Terbayar', 'Sudah Lunas', 30000, 40000, 'semangat dek'),
('PT200219-0013', 'PE013', 'KL032', 'Rabu', '2020-02-19 19:25:51', '2020-02-20 06:39:52', '-8.169263885356486', '113.69061472825706', '-8.178325057961047', '113.66948797367513', 'Selesai', 'Valid', 'Sudah Terbayar', 'Sudah Lunas', 30000, 50000, 'Review Quis Agama dan belajar perkalian 1-7'),
('PT200219-0014', 'PE002', 'KL006', 'Rabu', '2020-02-19 19:28:27', '2020-02-19 21:08:22', '-8.15646209', '113.72134545', '-8.16394854', '113.70481116', 'Selesai', 'Valid', 'Sudah Terbayar', 'Sudah Lunas', 43000, 65000, 'Persiapan Ulangan Fisika : Gelombang\nLatihan Kimia : Asam Basa \n19.28 - 21.08'),
('PT200219-0015', 'PE005', 'KL008', 'Rabu', '2020-02-19 20:08:09', '2020-02-19 20:09:15', '-8.17324785', '113.71944309', '-8.17324785', '113.71944309', 'Selesai', 'Valid', 'Sudah Terbayar', 'Sudah Lunas', 23000, 35000, 'belajar membaca huruf D, e, f, g, h, j dan menulis, lalu menghitung penjumlahan '),
('PT200220-0001', 'PE005', 'KL010', 'Kamis', '2020-02-20 15:47:37', '2020-02-20 15:48:34', '-8.173447251319885', '113.71943950653076', '-8.17313178', '113.71950561', 'Selesai', 'Valid', 'Sudah Terbayar', 'Sudah Lunas', 25000, 35000, 'belajar membaca, dan menulis, serta menghitung penjumlahan dan pengurangan'),
('PT200220-0002', 'PE022', 'KL035', 'Kamis', '2020-02-20 15:56:05', '2020-02-20 17:20:26', '-8.16364481', '113.70480931', '-8.16364481', '113.70480931', 'Selesai', 'Valid', 'Sudah Terbayar', 'Sudah Lunas', 30000, 50000, 'Belajar PKN utk persiapan ujian besok dan review quiz IPS.'),
('PT200220-0003', 'PE006', 'KL011', 'Kamis', '2020-02-20 15:57:42', '2020-02-20 17:25:23', '-8.16566289', '113.71518479', '-8.17796128', '113.71274658', 'Selesai', 'Valid', 'Sudah Terbayar', 'Sudah Lunas', 24000, 43000, 'kevin mengerjakan tugas matmatika tentang nerat benda. kebin mampu memahami dan menyelesaikan tugas dengan baik'),
('PT200220-0004', 'PE021', 'KL051', 'Kamis', '2020-02-20 16:09:57', '2020-02-20 18:30:06', '-8.19732207', '113.70049158', '-8.16582092', '113.72165009', 'Selesai', 'Valid', 'Sudah Terbayar', 'Sudah Lunas', 30000, 45000, 'belajar bab 7 inventions'),
('PT200220-0005', 'PE012', 'KL029', 'Kamis', '2020-02-20 16:12:55', '2020-02-20 17:40:19', '-8.1644167', '113.7062847', '-8.17850918', '113.67067592', 'Selesai', 'Valid', 'Sudah Terbayar', 'Sudah Lunas', 25000, 40000, 'heaven telah menyelesaikan tugas literasi, dan mengerti gagasan pokok, tema, kalimat penjelas dan kalimat utama.'),
('PT200220-0007', 'PE006', 'KL011', 'Kamis', '2020-02-20 17:25:34', '2020-02-20 18:22:32', '-8.17790408', '113.71275861', '-8.15997569', '113.71929522', 'Selesai', 'Valid', 'Sudah Terbayar', 'Sudah Lunas', 24000, 43000, 'hari ini lidya membaca cerita dan memahami cerita tentang perbedaan gunung dan bukit. sayangnya lidya kurang fokus karena sedang moody. tapi dapat menyelesaikan tugas dengan baik.'),
('PT200220-0008', 'PE022', 'KL040', 'Kamis', '2020-02-20 17:44:18', '2020-02-20 19:19:22', '-8.19115301', '113.6640047', '-8.1909898', '113.66361013', 'Selesai', 'Valid', 'Sudah Terbayar', 'Sudah Lunas', 30000, 50000, 'Carlos belajar menghitung perkalian 10, mengerjakan soal PPKN dan belajar bahasa inggris. Carlos dapat 94 dalam english worksheet.'),
('PT200220-0009', 'PE013', 'KL031', 'Kamis', '2020-02-20 17:47:48', '2020-02-20 17:48:16', '-8.1692855944857', '113.69071908295155', '-8.1692855944857', '113.69071908295155', 'Selesai', 'Valid', 'Sudah Terbayar', 'Sudah Lunas', 23000, 40000, 'review Tematik prepare PTS '),
('PT200220-0010', 'PE013', 'KL032', 'Kamis', '2020-02-20 20:30:19', '2020-02-20 20:31:15', '-8.176570096984506', '113.68385137058794', '-8.178865062072873', '113.67164304479957', 'Selesai', 'Valid', 'Sudah Terbayar', 'Sudah Lunas', 30000, 50000, 'review english, mengerjakan PR ipa dan ips '),
('PT200220-0011', 'PE005', 'KL008', 'Kamis', '2020-02-20 20:38:28', '2020-02-20 20:39:51', '-8.171781956109019', '113.73467338512651', '-8.17305325', '113.71955721', 'Selesai', 'Valid', 'Sudah Terbayar', 'Sudah Lunas', 23000, 35000, 'les atma yg sabtu diganti kamis, .. tadi membaca iqro, dan doa\" sebelum makan dan sesudah makan, doa orang tua, doa mau tidur, serta surat\"an '),
('PT200221-0001', 'PE022', 'KL039', 'Jum\'at', '2020-02-21 14:36:27', '2020-02-21 15:28:53', '-8.16898746', '113.71639124', '-8.17838332', '113.67066758', 'Selesai', 'Valid', 'Sudah Terbayar', 'Sudah Lunas', 27000, 35000, 'Heaven mengerjakan soal di buku dan review materi dari sekolah.'),
('PT200221-0002', 'PE001', 'KL001', 'Jum\'at', '2020-02-21 16:23:07', '2020-02-21 18:22:26', '-8.173888333333334', '113.70258166666666', '-8.195273333333335', '113.66596166666668', 'Selesai', 'Valid', 'Sudah Terbayar', 'Sudah Lunas', 27000, 45000, 'hari ini kevin belajar persiapan PH PJOK... materinnya harus diulangi lagi... agar bisa maksimal PH Nyaa... semangat Ko.... ?'),
('PT200221-0003', 'PE021', 'KL047', 'Jum\'at', '2020-02-21 16:43:18', '2020-02-21 17:07:11', '-8.17833617', '113.69490404', '-8.17837674', '113.69491806', 'Selesai', 'Valid', 'Sudah Terbayar', 'Sudah Lunas', 24000, 35000, 'latihan soal dan belajar tegak bersambung'),
('PT200221-0004', 'PE009', 'KL007', 'Jum\'at', '2020-02-21 17:29:58', '2020-02-21 18:59:59', '-8.1780138', '113.6575244', '-8.1893132', '113.6690634', 'Selesai', 'Valid', 'Sudah Terbayar', 'Sudah Lunas', 27000, 45000, 'Homework and memorizing tenses and verb'),
('PT200221-0005', 'PE021', 'KL055', 'Jum\'at', '2020-02-21 18:32:15', '2020-02-21 19:59:25', '-8.18472009', '113.6813902', '-8.18476872', '113.68140192', 'Selesai', 'Valid', 'Sudah Terbayar', 'Sudah Lunas', 27000, 45000, 'belajar bahasa inggris'),
('PT200221-0006', 'PE002', 'KL006', 'Jum\'at', '2020-02-21 18:56:30', '2020-02-21 20:07:01', '-8.15669199', '113.72107674', '-8.163815', '113.70491795', 'Selesai', 'Valid', 'Sudah Terbayar', 'Sudah Lunas', 43000, 65000, 'kimia ksp'),
('PT200221-0007', 'PE001', 'KL002', 'Jum\'at', '2020-02-21 19:21:24', '2020-02-21 20:25:46', '-8.195708333333332', '113.66489666666666', '-8.195708333333332', '113.66489666666666', 'Selesai', 'Valid', 'Sudah Terbayar', 'Sudah Lunas', 23000, 40000, 'michele belajar Ipa dengan baik.... michelle mlai baik dalam konsentrasinya....??? good job Cece...'),
('PT200221-0008', 'PE023', 'KL017', 'Jum\'at', '2020-02-21 21:16:19', '2020-02-21 21:17:28', '-8.1692729', '113.70479929', '-8.1692729', '113.70479929', 'Selesai', 'Valid', 'Sudah Terbayar', 'Sudah Lunas', 40000, 50000, 'Ini les yg hari Selasa . Gladys mengerjakan tugas IPS tentang macam-macam pasar.'),
('PT200221-0009', 'PE023', 'KL017', 'Jum\'at', '2020-02-21 21:17:47', '2020-02-21 21:18:59', '-8.16931867', '113.70454004', '-8.16931867', '113.70454004', 'Selesai', 'Valid', 'Sudah Terbayar', 'Sudah Lunas', 40000, 50000, 'Gladys mengerjakan tugas IPA piramida makanan dan belajar untuk ulangan PPKn'),
('PT200221-0010', 'PE023', 'KL044', 'Jum\'at', '2020-02-21 21:19:12', '2020-02-21 21:20:00', '-8.16934482', '113.70477374', '-8.16934482', '113.70477374', 'Selesai', 'Valid', 'Sudah Terbayar', 'Sudah Lunas', 35000, 57000, 'Jason mengerjakan tugas IPA Rantai Makanan dan belajar PKn'),
('PT200221-0011', 'PE020', 'KL041', 'Jum\'at', '2020-02-21 22:20:12', '2020-02-21 22:20:54', '-8.1800547', '113.14443861', '-8.1800547', '113.14443861', 'Selesai', 'Valid', 'Sudah Terbayar', 'Sudah Lunas', 37000, 55000, 'Keno mengerjakan IPA tentang jaring jaring makanan\nJam 14.00- 6.00'),
('PT200221-0012', 'PE020', 'KL041', 'Jum\'at', '2020-02-21 22:21:37', '2020-02-21 22:22:16', '-8.18011327', '113.14454704', '-8.18011327', '113.14454704', 'Selesai', 'Valid', 'Sudah Terbayar', 'Sudah Lunas', 37000, 55000, 'Keno mengerjakan tugas IPA tentang piramida makanan\nHari kamis jam 15.00-17.00'),
('PT200222-0001', 'PE018', 'KL036', 'Sabtu', '2020-02-22 10:20:59', '2020-02-22 10:21:50', '-8.15449752', '113.71784006', '-8.15449752', '113.71784006', 'Selesai', 'Valid', 'Belum Terbayar', 'Sudah Lunas', 30000, 40000, 'Absen untuk hari jumat 21 februari. Selamat dek grace matematikanya tuntas. Semangat belajarnya banggain papa mama'),
('PT200222-0002', 'PE005', 'KL008', 'Sabtu', '2020-02-22 10:26:14', '2020-02-22 10:27:44', '-8.17182578', '113.73465626', '-8.1729702', '113.71949992', 'Selesai', 'Valid', 'Sudah Terbayar', 'Sudah Lunas', 23000, 35000, 'ngaji huruf dal, da, ra, za, dan baca surat\"an serta 4 doa (doa orang tua, sebelum makan dan sesudah makan, sebelum tidur, doa berbuka puasa )'),
('PT200222-0003', 'PE021', 'KL046', 'Sabtu', '2020-02-22 13:14:14', '2020-02-22 14:01:45', '-8.17282357', '113.69607011', '-8.17306478', '113.69628817', 'Selesai', 'Valid', 'Sudah Terbayar', 'Sudah Lunas', 25000, 40000, 'latihan soal past tense '),
('PT200222-0004', 'PE023', 'KL045', 'Sabtu', '2020-02-22 16:24:14', '2020-02-22 17:59:37', '-8.16934302', '113.70476908', '-8.16934302', '113.70476908', 'Selesai', 'Valid', 'Sudah Terbayar', 'Sudah Lunas', 37000, 57000, 'Latihan soal Fisika dan merangkum pkn'),
('PT200222-0005', 'PE009', 'KL022', 'Sabtu', '2020-02-22 19:38:02', '2020-02-22 20:34:57', '-8.193510381788988', '113.64495910914151', '-8.193609619273424', '113.64484187098998', 'Selesai', 'Valid', 'Sudah Terbayar', 'Sudah Lunas', 30000, 0, 'Feeling (anak sudah mengerti bagaimana mengungkapkan dan menanyakan situasi sedih, marah, dan bahagia)'),
('PT200223-0001', 'PE022', 'KL040', 'Minggu', '2020-02-23 13:59:38', '2020-02-23 15:31:42', '-8.17146763', '113.71161997', '-8.17146763', '113.71161997', 'Selesai', 'Valid', 'Sudah Terbayar', 'Sudah Lunas', 30000, 50000, 'Carlos belajar IPS dn Bahasa Inggris.'),
('PT200223-0002', 'PE023', 'KL017', 'Minggu', '2020-02-23 14:17:22', '2020-02-23 21:22:32', '-8.16925491', '113.70469759', '-8.1694085', '113.70458214', 'Selesai', 'Valid', 'Sudah Terbayar', 'Sudah Lunas', 40000, 50000, 'Gladys mengerjakan Tugas Bahasa Jawa dan belajar untuk remidi Bahasa Jawa. Belajar untuk ulangan Bahasa Inggris dan IPA'),
('PT200223-0003', 'PE021', 'KL031', 'Minggu', '2020-02-23 16:01:49', '2020-02-23 17:04:01', '-8.1826872', '113.70857279', '-8.18272509', '113.7088054', 'Selesai', 'Valid', 'Sudah Terbayar', 'Sudah Lunas', 23000, 40000, 'persiapan uh alin belajar sub tema 1-4'),
('PT200223-0004', 'PE001', 'KL001', 'Minggu', '2020-02-23 16:09:27', '2020-02-23 17:56:13', '-8.173728333333335', '113.70296833333332', '-8.173728333333335', '113.70296833333332', 'Selesai', 'Valid', 'Sudah Terbayar', 'Sudah Lunas', 27000, 45000, 'tambahan minggu... koko hari ini blajar PH MATH... semoga bsok bisaa... jaring2 bangun ruang, good job Ko...'),
('PT200223-0005', 'PE006', 'KL014', 'Minggu', '2020-02-23 18:17:38', '2020-02-23 19:23:27', '-8.28874014', '113.98118806', '-8.17806934', '113.7125647', 'Selesai', 'Valid', 'Sudah Terbayar', 'Sudah Lunas', 27000, 45000, 'lidya belajar uh ips dan pkn tema 7. lidya dapat memahami bab 7 dengan baik'),
('PT200223-0006', 'PE009', 'KL021', 'Minggu', '2020-02-23 19:44:07', '2020-02-23 21:00:28', '-8.1780138', '113.6575244', '-8.20754885673523', '113.68255376815796', 'Selesai', 'Valid', 'Sudah Terbayar', 'Sudah Lunas', 30000, 0, 'Degree of Comparison  (anak anak sudah paham penggunaannya, Namun butuh berlatih lebih banyak)'),
('PT200224-0001', 'PE022', 'KL039', 'Senin', '2020-02-24 14:58:16', '2020-02-24 15:58:23', '-8.17116074', '113.71235915', '-8.17838939', '113.67067881', 'Selesai', 'Valid', 'Sudah Terbayar', 'Sudah Lunas', 27000, 35000, 'Heaven learnt about direct and indirect speech.'),
('PT200224-0002', 'PE001', 'KL004', 'Senin', '2020-02-24 15:01:24', '2020-02-24 16:31:16', '-8.173933333333334', '113.70292666666667', '-8.186563333333334', '113.70249333333335', 'Selesai', 'Valid', 'Sudah Terbayar', 'Sudah Lunas', 25000, 45000, 'hari ini christo belajar remidi PJOK... mteri Pjok di lakukan dengan baik.... semoga remidinya besok lebih baik lagi.... selain blajar itu..christo blajar tematik dan English...'),
('PT200224-0003', 'PE023', 'KL017', 'Senin', '2020-02-24 15:48:46', '2020-02-24 18:32:17', '-8.16923539', '113.70467418', '-8.16923539', '113.70467418', 'Selesai', 'Valid', 'Sudah Terbayar', 'Belum Lunas', 40000, 50000, 'Gladys belajar untuk ulangan harian Bahasa Indonesia'),
('PT200224-0004', 'PE006', 'KL011', 'Senin', '2020-02-24 16:00:46', '2020-02-24 16:51:21', '-8.16366287', '113.7248983', '-8.17806419', '113.71260588', 'Selesai', 'Valid', 'Sudah Terbayar', 'Sudah Lunas', 24000, 43000, 'Kevin mengerjakan tugas mandarin dan mereview tugas bahasa inggrisnya. kevin agak rewel karena mengantuk. tapi rtap mau mengerjakan tugas. '),
('PT200224-0005', 'PE021', 'KL047', 'Senin', '2020-02-24 16:01:25', '2020-02-24 17:00:51', '-8.17823696', '113.69523136', '-8.17807624', '113.69520795', 'Selesai', 'Valid', 'Sudah Terbayar', 'Sudah Lunas', 24000, 35000, 'guessing the clue correctly'),
('PT200224-0006', 'PE022', 'KL035', 'Senin', '2020-02-24 16:08:35', '2020-02-24 17:46:16', '-8.1640347', '113.7049498', '-8.1639731', '113.70504953', 'Selesai', 'Valid', 'Sudah Terbayar', 'Sudah Lunas', 30000, 50000, 'Meme belajar IPA tentang magnet dan Bahasa Inggris tentang degrees of comparison'),
('PT200224-0007', 'PE006', 'KL011', 'Senin', '2020-02-24 16:51:34', '2020-02-24 17:54:21', '-8.17799602', '113.71269089', '-8.16900637', '113.71342187', 'Selesai', 'Valid', 'Sudah Terbayar', 'Sudah Lunas', 24000, 43000, 'lydia mengerjakan tugas matematika dan belajar untuk UH PPKN tema 7. Lydia dapat dengan baik menjawab soal, memahami masalah yg diberikan dan menjawab dengan tepat. '),
('PT200224-0008', 'PE001', 'KL001', 'Senin', '2020-02-24 16:54:43', '2020-02-24 18:27:55', '-8.195801666666666', '113.66489333333332', '-8.195673333333334', '113.66495000000002', 'Selesai', 'Valid', 'Sudah Terbayar', 'Sudah Lunas', 27000, 45000, 'koko kevin hari ini blajar remidi tematik dan Math.... ada beberapa soal tematik yg harus diulang.... semoga besok lbih baik hasilnya ko...'),
('PT200224-0009', 'PE012', 'KL029', 'Senin', '2020-02-24 17:06:53', '2020-02-25 17:14:15', '-8.17850153', '113.67075534', '-8.1370431', '113.7017167', 'Selesai', 'Valid', 'Sudah Terbayar', 'Sudah Lunas', 25000, 40000, 'heaven telah belajar untuk ujian pkn tentang keragaman budaya dan toleransi'),
('PT200224-0010', 'PE009', 'KL057', 'Senin', '2020-02-24 18:16:53', '2020-02-24 19:24:09', '-8.176390948541348', '113.67080834750362', '-8.1763474', '113.6708403', 'Selesai', 'Valid', 'Sudah Terbayar', 'Belum Lunas', 33000, 65000, 'penggunaan Artikel dan persiapan ujian'),
('PT200224-0011', 'PE021', 'KL055', 'Senin', '2020-02-24 18:30:33', '2020-02-24 19:55:51', '-8.18467166', '113.68137345', '-8.18465426', '113.68130832', 'Selesai', 'Valid', 'Sudah Terbayar', 'Sudah Lunas', 27000, 45000, 'learning english tonight'),
('PT200224-0012', 'PE023', 'KL052', 'Senin', '2020-02-24 18:32:29', '2020-02-24 21:08:46', '-8.16923539', '113.70467418', '-8.19094009', '113.6870353', 'Selesai', 'Valid', 'Sudah Terbayar', 'Sudah Lunas', 27000, 45000, 'Salwa belajar untuk ulangan Bahasa Arab dan belajar tematik'),
('PT200225-0001', 'PE005', 'KL009', 'Selasa', '2020-02-25 11:51:33', '2020-02-25 11:54:46', '-8.234410048933444', '113.67582733568557', '-8.23210063', '113.67133559', 'Selesai', 'Valid', 'Sudah Terbayar', 'Sudah Lunas', 23000, 35000, 'ngelesin baca huruf D, e, f, g, h, j, k, dan menulis angka 7, dan 8 '),
('PT200225-0002', 'PE001', 'KL005', 'Selasa', '2020-02-25 14:49:22', '2020-02-25 16:26:06', '-8.17384', '113.70278666666667', '-8.17384', '113.70278666666667', 'Selesai', 'Valid', 'Sudah Terbayar', 'Sudah Lunas', 30000, 65000, 'christo hari ini belajar tematik dan cece belajar TIK.... mereka bersua belajar dengan baik... untuk PH PJOK harus diulangi lagi.. dan di kuasai lagi... semangat ko... '),
('PT200225-0003', 'PE022', 'KL039', 'Selasa', '2020-02-25 14:55:05', '2020-02-25 15:54:14', '-8.17429672', '113.70457898', '-8.17838631', '113.67066394', 'Selesai', 'Valid', 'Sudah Terbayar', 'Sudah Lunas', 27000, 35000, 'Heaven belajar dan latihan soal tentang relative pronouns dan used to '),
('PT200225-0004', 'PE020', 'KL041', 'Selasa', '2020-02-25 15:43:01', '2020-02-26 06:03:52', '-8.16720372', '113.71844682', '-8.167293706092659', '113.71852279217141', 'Selesai', 'Valid', 'Sudah Terbayar', 'Sudah Lunas', 37000, 55000, 'Keno mengerjakan tugas Bahasa Jawa, mengartikan aksara jawa'),
('PT200225-0005', 'PE012', 'KL029', 'Selasa', '2020-02-25 17:14:44', '2020-02-25 19:09:53', '-8.17845113', '113.67071638', '-8.17845113', '113.67071638', 'Selesai', 'Valid', 'Sudah Terbayar', 'Sudah Lunas', 25000, 40000, 'heaven telah belajar untuk ulangan ips tentang keragaman budaya dan sumber daya alam di indonesia');
INSERT INTO `pertemuan` (`id_pertemuan`, `id_pengajar`, `id_kelas_p`, `hari`, `waktu_mulai`, `waktu_berakhir`, `lokasi_mulai_la`, `lokasi_mulai_lo`, `lokasi_berakhir_la`, `lokasi_berakhir_lo`, `status_pertemuan`, `status_konfirmasi`, `status_fee`, `status_spp`, `harga_fee`, `harga_spp`, `deskripsi`) VALUES
('PT200225-0006', 'PE022', 'KL040', 'Selasa', '2020-02-25 17:52:54', '2020-02-25 19:46:49', '-8.19098289', '113.66377148', '-8.19096965', '113.66380288', 'Selesai', 'Valid', 'Sudah Terbayar', 'Sudah Lunas', 30000, 50000, 'Carlos belajar PKN utk persiapan ujian besok'),
('PT200225-0007', 'PE002', 'KL006', 'Selasa', '2020-02-25 18:09:37', '2020-02-25 19:43:58', '-8.16397594', '113.70485761', '-8.16402706', '113.70503479', 'Selesai', 'Valid', 'Sudah Terbayar', 'Sudah Lunas', 43000, 65000, 'Belajar Kimia Kelarutan \n18.09 - 19.43'),
('PT200225-0008', 'PE001', 'KL001', 'Selasa', '2020-02-25 18:24:14', '2020-02-25 19:56:59', '-8.178133333333333', '113.67981999999999', '-8.173093333333332', '113.69749500000002', 'Selesai', 'Valid', 'Sudah Terbayar', 'Sudah Lunas', 27000, 45000, 'kevin hari ini belajar pjok dengan baik... ph pjok esok semoga lebih baik hasilnyaa Ko... semangat...'),
('PT200225-0009', 'PE023', 'KL045', 'Selasa', '2020-02-25 18:43:02', '2020-02-26 14:14:50', '-8.17898808', '113.67914661', '-8.16661314', '113.70535086', 'Selesai', 'Valid', 'Sudah Terbayar', 'Belum Lunas', 37000, 57000, 'Grace Belajar soal soal UN FISIKA'),
('PT200225-0010', 'PE001', 'KL002', 'Selasa', '2020-02-25 19:57:10', '2020-02-26 04:16:24', '-8.173093333333332', '113.69749500000002', '-8.165111666666666', '113.70578500000002', 'Selesai', 'Valid', 'Sudah Terbayar', 'Sudah Lunas', 23000, 40000, 'michelle hari ini blajar dengan baik... englis dan Ipa sdah baik.... semangat untuk UH nyaa cece'),
('PT200226-0001', 'PE005', 'KL008', 'Rabu', '2020-02-26 13:03:35', '2020-02-26 13:05:17', '-8.16921850769454', '113.71296756271892', '-8.16921850769454', '113.71296756271892', 'Selesai', 'Valid', 'Sudah Terbayar', 'Sudah Lunas', 23000, 35000, 'belajar huruf D, E,F,G,H, J, K,L dan menulis huruf, a, b, i, c, d, e, serta berhitung 1 - 10 '),
('PT200226-0002', 'PE017', 'KL043', 'Rabu', '2020-02-26 13:50:48', '2020-02-26 15:36:33', '-8.170539999999999', '113.69725666666666', '-8.17038', '113.69728666666667', 'Selesai', 'Valid', 'Sudah Terbayar', 'Sudah Lunas', 24000, 35000, 'Review huruf a, b, c, d, e, i, j, k, l, o, r, s, t, u, v, z. Belajar baca 1 suku kata, berhitung acak, belajar huruf w, belajar baca wa dan wi.'),
('PT200226-0003', 'PE023', 'KL017', 'Rabu', '2020-02-26 14:15:14', '2020-02-26 16:26:58', '-8.16661314', '113.70535086', '-8.16661314', '113.70535086', 'Selesai', 'Valid', 'Sudah Terbayar', 'Sudah Lunas', 40000, 50000, 'Gladys les untuk remidi matematika'),
('PT200226-0004', 'PE005', 'KL010', 'Rabu', '2020-02-26 16:06:35', '2020-02-26 16:07:52', '-8.17311797', '113.71957029', '-8.17311797', '113.71957029', 'Selesai', 'Valid', 'Sudah Terbayar', 'Sudah Lunas', 25000, 35000, 'beljar membaca 2 dan 3 suku kata, menulis, dan menghitung penjumlahan dan pengurangan, sama dengan dan tidak sama dengan'),
('PT200226-0005', 'PE001', 'KL001', 'Rabu', '2020-02-26 16:24:51', '2020-02-26 17:58:34', '-8.195834999999999', '113.66493333333334', '-8.19567', '113.66494499999999', 'Selesai', 'Valid', 'Sudah Terbayar', 'Belum Lunas', 27000, 45000, 'kevin hari ini belajar PH PJOK... smoga bisa maksimal...  semangat Ko.. krena sdah dikuasai materinyaa... '),
('PT200226-0006', 'PE012', 'KL029', 'Rabu', '2020-02-26 17:06:53', '2020-02-26 19:00:24', '-8.15522916', '113.70243308', '-8.17846953', '113.67078432', 'Selesai', 'Valid', 'Sudah Terbayar', 'Sudah Lunas', 25000, 40000, 'heaven telah belajar mempersiapkan uh ipa tentang gaya '),
('PT200226-0007', 'PE023', 'KL044', 'Rabu', '2020-02-26 17:14:07', '2020-02-26 18:13:38', '-8.17953379', '113.6777863', '-8.17953379', '113.6777863', 'Selesai', 'Valid', 'Sudah Terbayar', 'Sudah Lunas', 35000, 57000, 'Jason belajar Seni budaya untuk php dan mrngerjakan tugas seni budaya'),
('PT200226-0008', 'PE006', 'KL015', 'Rabu', '2020-02-26 18:12:43', '2020-02-26 19:14:49', '-8.1778653', '113.71273336', '-8.17786881', '113.71258573', 'Selesai', 'Valid', 'Sudah Terbayar', 'Sudah Lunas', 27000, 45000, 'lydia belajar UH IPA. Tentang gaya. lydia dapat dengan baik memahaminya'),
('PT200226-0009', 'PE018', 'KL036', 'Rabu', '2020-02-26 18:19:59', '2020-02-26 19:32:44', '-8.15452207', '113.71796605', '-8.18815389', '113.69655505', 'Selesai', 'Valid', 'Belum Terbayar', 'Sudah Lunas', 30000, 40000, 'Belajar matematika bab lingkaran dalam dan luar segitiga. Semamgat dek '),
('PT200226-0010', 'PE023', 'KL052', 'Rabu', '2020-02-26 18:39:30', '2020-02-27 16:26:43', '-8.19063262', '113.66894396', '-8.16930285', '113.70469225', 'Selesai', 'Valid', 'Sudah Terbayar', 'Sudah Lunas', 27000, 45000, 'Les belajar Bahasa Daerah untuk ulangan dan Tematik  Subtema 4'),
('PT200226-0011', 'PE006', 'KL012', 'Rabu', '2020-02-26 19:43:50', '2020-02-26 20:55:58', '-8.17792606', '113.71287318', '-8.17791983', '113.71266983', 'Selesai', 'Valid', 'Sudah Terbayar', 'Sudah Lunas', 24000, 43000, 'kevin belajar untuk UH IPA dan bahasa inggris.  Kevin mampu menguasai materi dengan baik. '),
('PT200227-0001', 'PE001', 'KL004', 'Kamis', '2020-02-27 15:13:24', '2020-02-27 16:35:29', '-8.17398', '113.70271833333332', '-8.186685', '113.70238666666667', 'Selesai', 'Valid', 'Sudah Terbayar', 'Sudah Lunas', 25000, 45000, 'koko hari ini belajar membuat surat resmi, dan tidak resmi.... koko belajar dengan baik... semangat ko... '),
('PT200227-0002', 'PE012', 'KL029', 'Kamis', '2020-02-27 15:14:29', '2020-02-27 16:44:48', '-8.1552885', '113.7023872', '-8.1784923', '113.67083485', 'Selesai', 'Valid', 'Sudah Terbayar', 'Sudah Lunas', 25000, 40000, 'heaven telah belajar tentang hubungan antar garis untuk ujian hari senin. dan mengerjakan pr literasi'),
('PT200227-0003', 'PE006', 'KL014', 'Kamis', '2020-02-27 16:02:27', '2020-02-27 17:12:43', '-8.16360839', '113.72494743', '-8.17809167', '113.71271571', 'Selesai', 'Valid', 'Sudah Terbayar', 'Sudah Lunas', 27000, 45000, 'lydia mengulang materi untuk UH bahasa Inggris dan mengerjakan tugas bahasa Indonesia dengan baik hari ini'),
('PT200227-0004', 'PE021', 'KL051', 'Kamis', '2020-02-27 16:10:34', '2020-02-27 17:33:36', '-8.19729491', '113.70049903', '-8.19730973', '113.70048823', 'Selesai', 'Valid', 'Sudah Terbayar', 'Sudah Lunas', 30000, 45000, 'prepare uh bing geo hr sabtu unit 7 '),
('PT200227-0005', 'PE022', 'KL035', 'Kamis', '2020-02-27 16:21:45', '2020-02-27 17:29:41', '-8.17121389', '113.71228413', '-8.17121389', '113.71228413', 'Selesai', 'Valid', 'Sudah Terbayar', 'Sudah Lunas', 30000, 50000, 'Belajar science dn ips. (telat absen 17 menitan)'),
('PT200227-0006', 'PE023', 'KL017', 'Kamis', '2020-02-27 16:40:48', '2020-02-27 18:15:47', '-8.16930285', '113.70469225', '-8.16651095', '113.70530726', 'Selesai', 'Valid', 'Sudah Terbayar', 'Sudah Lunas', 40000, 50000, 'belajar untuk ulangan seni budaya. semangat dys..\n'),
('PT200227-0007', 'PE006', 'KL011', 'Kamis', '2020-02-27 17:12:57', '2020-02-29 09:16:20', '-8.17802685', '113.71268504', '-8.163774', '113.72469115', 'Selesai', 'Invalid', 'Belum Terbayar', 'Belum Lunas', 24000, 43000, 'kevin belajar untuk UH IPA dan mengerjakan tugas Mandarin dengan baik hari ini'),
('PT200227-0008', 'PE001', 'KL001', 'Kamis', '2020-02-27 17:16:18', '2020-02-27 18:53:30', '-8.190388333333335', '113.67601833333335', '-8.195391666666666', '113.66551499999998', 'Selesai', 'Valid', 'Sudah Terbayar', 'Sudah Lunas', 27000, 45000, 'koko hari ini belajar surat resmi,stengah resmi, dan surat tidak resmii... koko belajar dengan baik... semoga besok remidinya suksess....'),
('PT200227-0009', 'PE022', 'KL040', 'Kamis', '2020-02-27 17:56:27', '2020-02-27 19:31:25', '-8.19096981', '113.66364064', '-8.19096981', '113.66364064', 'Selesai', 'Valid', 'Sudah Terbayar', 'Sudah Lunas', 30000, 50000, 'Carlos menghafal percakapan bhs indonesia utk perform besok, science ttg environment, dan math perkalian 5'),
('PT200227-0010', 'PE021', 'KL055', 'Kamis', '2020-02-27 18:12:17', '2020-02-27 19:46:22', '-8.18393053', '113.67990846', '-8.18409078', '113.67991004', 'Selesai', 'Valid', 'Sudah Terbayar', 'Sudah Lunas', 27000, 45000, 'learning english'),
('PT200227-0011', 'PE023', 'KL045', 'Kamis', '2020-02-27 18:16:25', '2020-02-28 14:08:59', '-8.16651095', '113.70530726', '-8.16935433', '113.70476631', 'Selesai', 'Valid', 'Sudah Terbayar', 'Sudah Lunas', 37000, 57000, 'Grace belajar persiapan un fisika'),
('PT200227-0012', 'PE002', 'KL006', 'Kamis', '2020-02-27 19:08:39', '2020-02-27 20:16:44', '-8.16386985', '113.70477111', '-8.16389292', '113.70498233', 'Selesai', 'Valid', 'Sudah Terbayar', 'Sudah Lunas', 43000, 65000, 'Fisika : Gelombang Dinamis\n'),
('PT200228-0001', 'PE021', 'KL046', 'Jum\'at', '2020-02-28 13:01:10', '2020-02-28 14:04:01', '-8.17308625', '113.69635388', '-8.17318089', '113.69616435', 'Selesai', 'Valid', 'Sudah Terbayar', 'Sudah Lunas', 25000, 40000, 'prepare for english test'),
('PT200228-0002', 'PE017', 'KL043', 'Jum\'at', '2020-02-28 13:07:00', '2020-02-28 14:27:18', '-8.1703743', '113.6973812', '-8.1703743', '113.6973812', 'Selesai', 'Valid', 'Sudah Terbayar', 'Sudah Lunas', 24000, 35000, 'Hari ini Vania review huruf w, belajar baca 2 suku kata, belajar huruf p dan g.'),
('PT200228-0003', 'PE021', 'KL047', 'Jum\'at', '2020-02-28 15:53:20', '2020-02-28 16:51:27', '-8.17818248', '113.69526533', '-8.17800703', '113.69514914', 'Selesai', 'Valid', 'Sudah Terbayar', 'Sudah Lunas', 24000, 35000, 'belajar bhs inggris..'),
('PT200228-0004', 'PE012', 'KL029', 'Jum\'at', '2020-02-28 16:01:56', '2020-02-28 17:42:11', '-8.137237429618835', '113.70160281658173', '-8.17844107', '113.67080162', 'Selesai', 'Valid', 'Sudah Terbayar', 'Sudah Lunas', 25000, 40000, 'heaven telah mengetahui kosa kata baru dalam KBBI dan persiapan ujian bahasa inggris'),
('PT200228-0005', 'PE018', 'KL056', 'Jum\'at', '2020-02-28 16:09:12', '2020-02-28 17:13:25', '-8.18819398', '113.69677941', '-8.18812917', '113.69664283', 'Selesai', 'Valid', 'Belum Terbayar', 'Sudah Lunas', 24000, 35000, 'Ulangan ipa bab perubahan wujud benda. Terimakasih sudah belajar dengan baik. Semangat ya dek'),
('PT200228-0006', 'PE001', 'KL001', 'Jum\'at', '2020-02-28 16:30:21', '2020-02-28 18:21:17', '-8.186578333333333', '113.66706833333335', '-8.195718333333334', '113.66487333333335', 'Selesai', 'Valid', 'Sudah Terbayar', 'Sudah Lunas', 27000, 45000, 'kevin hari ini belajar Remidi PJOK dan Ph lisann.... kevin belajar dengan baik.. namun masih sdikit kurang konsentrasi untuk Ph lisannya, jdi mohon di ulangi lagi... \nsemnagat bsok Ko... '),
('PT200228-0007', 'PE002', 'KL006', 'Jum\'at', '2020-02-28 16:40:14', '2020-02-28 17:58:30', '-8.1683745', '113.70989904', '-8.16370229', '113.7049796', 'Selesai', 'Valid', 'Sudah Terbayar', 'Sudah Lunas', 43000, 65000, 'Kimia : Hasil kali kelarutan'),
('PT200228-0008', 'PE009', 'KL026', 'Jum\'at', '2020-02-28 17:07:41', '2020-02-28 18:48:18', '-8.1676935', '113.72583829999999', '-8.1532196', '113.693467', 'Selesai', 'Valid', 'Sudah Terbayar', 'Sudah Lunas', 25000, 40000, 'Doing homework'),
('PT200228-0009', 'PE023', 'KL052', 'Jum\'at', '2020-02-28 17:13:21', '2020-02-28 17:13:40', '-8.1692151', '113.70467324', '-8.1692151', '113.70467324', 'Selesai', 'Valid', 'Sudah Terbayar', 'Sudah Lunas', 27000, 45000, 'Tambahan untuk hari Rabu'),
('PT200228-0010', 'PE020', 'KL041', 'Jum\'at', '2020-02-28 17:16:30', '2020-02-29 09:15:51', '-8.18357046', '113.66877927', '-8.16728081', '113.71841164', 'Selesai', 'Valid', 'Sudah Terbayar', 'Sudah Lunas', 37000, 55000, 'Keno mengerjakan tugas tentang kerusakan lingkungan'),
('PT200228-0011', 'PE021', 'KL055', 'Jum\'at', '2020-02-28 17:26:34', '2020-02-28 19:01:14', '-8.1837192', '113.67997013', '-8.18395196', '113.67991227', 'Selesai', 'Valid', 'Sudah Terbayar', 'Sudah Lunas', 27000, 45000, 'belajar listening writing reading'),
('PT200228-0012', 'PE001', 'KL002', 'Jum\'at', '2020-02-28 19:17:52', '2020-02-28 20:21:19', '-8.195701666666668', '113.66484333333334', '-8.195701666666668', '113.66484333333334', 'Selesai', 'Valid', 'Sudah Terbayar', 'Sudah Lunas', 23000, 40000, 'michelle hari ini belajar PH ipa... semoga bsok bisa mngerjakan dengan baik... emua mteri sdah di kuasai dg baik... '),
('PT200228-0013', 'PE005', 'KL009', 'Jum\'at', '2020-02-28 19:49:29', '2020-02-28 19:52:04', '-8.171676993370056', '113.73467981815338', '-8.17269717', '113.71983273', 'Selesai', 'Valid', 'Sudah Terbayar', 'Sudah Lunas', 23000, 35000, 'ngelesin ngaji baca huruf a, ba, ta, sha, ja, ha, kha, dan 3 surat (alfatiha, alkausar, al ashr, ) dan 4 doa (doa sebelum makan, sesudah mkan, orang tua, doa tidur)'),
('PT200229-0001', 'PE027', 'KL059', 'Sabtu', '2020-02-29 08:34:02', '2020-02-29 08:36:31', '-8.171060211025178', '113.71248059906065', '-8.1710771843791', '113.71243542060256', 'Selesai', 'Valid', 'Sudah Terbayar', 'Belum Lunas', 24000, 45000, 'Rabu, 12 Februari 2020, Michael'),
('PT200229-0002', 'PE027', 'KL059', 'Sabtu', '2020-02-29 08:37:18', '2020-02-29 08:38:03', '-8.17087312694639', '113.71219620108604', '-8.171170307323337', '113.71240918524563', 'Selesai', 'Valid', 'Sudah Terbayar', 'Belum Lunas', 24000, 45000, 'Kamis, 13 Februari 2020, Michael'),
('PT200229-0003', 'PE027', 'KL059', 'Sabtu', '2020-02-29 08:38:38', '2020-02-29 08:39:33', '-8.17114092875272', '113.71249820105731', '-8.17114092875272', '113.71249820105731', 'Selesai', 'Valid', 'Sudah Terbayar', 'Belum Lunas', 24000, 45000, 'Selasa, 18 Februari 2020, Michael'),
('PT200229-0004', 'PE027', 'KL059', 'Sabtu', '2020-02-29 08:39:52', '2020-02-29 08:40:32', '-8.171057109721005', '113.71276080608368', '-8.171066120266914', '113.71254648081958', 'Selesai', 'Valid', 'Sudah Terbayar', 'Belum Lunas', 24000, 45000, 'Senin, 24 Februari 2020, Kayla'),
('PT200229-0005', 'PE025', 'KL053', 'Sabtu', '2020-02-29 09:36:37', '2020-02-29 09:36:50', '-8.207347984425724', '113.69740557856858', '-8.207347984425724', '113.69740557856858', 'Selesai', 'Valid', 'Sudah Terbayar', 'Sudah Lunas', 37000, 50000, 'lily 8'),
('PT200229-0006', 'PE025', 'KL053', 'Sabtu', '2020-02-29 09:37:08', '2020-02-29 09:37:20', '-8.20734245236963', '113.69731924496591', '-8.207404226996005', '113.69727121666074', 'Selesai', 'Valid', 'Sudah Terbayar', 'Sudah Lunas', 37000, 50000, 'lil9'),
('PT200229-0007', 'PE025', 'KL053', 'Sabtu', '2020-02-29 09:37:32', '2020-02-29 09:37:42', '-8.20732971187681', '113.69678883813322', '-8.20732971187681', '113.69678883813322', 'Selesai', 'Valid', 'Sudah Terbayar', 'Sudah Lunas', 37000, 50000, 'lil10'),
('PT200229-0008', 'PE025', 'KL053', 'Sabtu', '2020-02-29 09:37:55', '2020-02-29 09:38:05', '-8.20749198552221', '113.69737992994487', '-8.207303769886494', '113.69713853113353', 'Selesai', 'Valid', 'Sudah Terbayar', 'Sudah Lunas', 37000, 50000, 'lil11'),
('PT200229-0009', 'PE025', 'KL053', 'Sabtu', '2020-02-29 09:38:21', '2020-02-29 09:38:31', '-8.207282605580986', '113.69719745591283', '-8.20731533691287', '113.69710190221667', 'Selesai', 'Valid', 'Sudah Terbayar', 'Sudah Lunas', 37000, 50000, 'lil12'),
('PT200229-0010', 'PE025', 'KL053', 'Sabtu', '2020-02-29 09:38:47', '2020-02-29 09:38:56', '-8.207260644994676', '113.697126545012', '-8.207260644994676', '113.697126545012', 'Selesai', 'Valid', 'Sudah Terbayar', 'Belum Lunas', 37000, 50000, 'lil13'),
('PT200229-0011', 'PE025', 'KL053', 'Sabtu', '2020-02-29 09:39:11', '2020-02-29 09:39:20', '-8.207349618896842', '113.69716786779463', '-8.207349618896842', '113.69716786779463', 'Selesai', 'Valid', 'Sudah Terbayar', 'Belum Lunas', 37000, 50000, 'lil14'),
('PT200229-0012', 'PE025', 'KL053', 'Sabtu', '2020-02-29 09:39:37', '2020-02-29 09:39:47', '-8.207402592524886', '113.69724263437092', '-8.207222549244761', '113.69710106402636', 'Selesai', 'Valid', 'Sudah Terbayar', 'Sudah Lunas', 37000, 50000, 'lil15'),
('PT200229-0013', 'PE025', 'KL053', 'Sabtu', '2020-02-29 09:40:08', '2020-02-29 09:40:20', '-8.207296812906861', '113.69714515283704', '-8.20740598719567', '113.69724347256124', 'Selesai', 'Valid', 'Sudah Terbayar', 'Sudah Lunas', 37000, 50000, 'lil16'),
('PT200229-0014', 'PE027', 'KL030', 'Sabtu', '2020-02-29 10:59:26', '2020-02-29 10:59:35', '-8.207216640003026', '113.69732217863202', '-8.207216640003026', '113.69732217863202', 'Selesai', 'Valid', 'Sudah Terbayar', 'Sudah Lunas', 25000, 43000, 'kayla'),
('PT200229-0015', 'PE027', 'KL030', 'Sabtu', '2020-02-29 11:00:54', '2020-02-29 11:01:02', '-8.207224016077816', '113.69707147590816', '-8.207224016077816', '113.69707147590816', 'Selesai', 'Valid', 'Sudah Terbayar', 'Sudah Lunas', 25000, 43000, 'kayla'),
('PT200229-0016', 'PE027', 'KL030', 'Sabtu', '2020-02-29 11:01:20', '2020-02-29 11:01:29', '-8.207332352176309', '113.69718077592552', '-8.207332352176309', '113.69718077592552', 'Selesai', 'Valid', 'Sudah Terbayar', 'Sudah Lunas', 25000, 43000, 'kayla'),
('PT200229-0017', 'PE027', 'KL031', 'Sabtu', '2020-02-29 11:01:42', '2020-02-29 11:01:56', '-8.207272295840085', '113.69734154082835', '-8.207272295840085', '113.69734154082835', 'Selesai', 'Valid', 'Sudah Terbayar', 'Sudah Lunas', 23000, 40000, 'alin'),
('PT200229-0018', 'PE027', 'KL031', 'Sabtu', '2020-02-29 11:02:21', '2020-02-29 11:02:32', '-8.207298573106527', '113.69745595380664', '-8.207298573106527', '113.69745595380664', 'Selesai', 'Valid', 'Sudah Terbayar', 'Sudah Lunas', 23000, 40000, 'alin'),
('PT200229-0019', 'PE027', 'KL011', 'Sabtu', '2020-02-29 11:06:24', '2020-02-29 11:06:38', '-8.207492027431726', '113.69733114726841', '-8.207492027431726', '113.69733114726841', 'Selesai', 'Valid', 'Sudah Terbayar', 'Sudah Lunas', 24000, 43000, 'ke'),
('PT200229-0020', 'PE027', 'KL015', 'Sabtu', '2020-02-29 11:06:54', '2020-02-29 11:07:04', '-8.207290987484157', '113.697145069018', '-8.207290987484157', '113.697145069018', 'Selesai', 'Valid', 'Sudah Terbayar', 'Sudah Lunas', 27000, 45000, 'lid'),
('PT200229-0021', 'PE018', 'KL036', 'Sabtu', '2020-02-29 12:19:10', '2020-02-29 12:19:46', '-8.15477299', '113.71308059', '-7.73529793', '113.68450373', 'Selesai', 'Valid', 'Belum Terbayar', 'Sudah Lunas', 30000, 40000, 'Absen grace hari jumat tanggal 28 (1 jam durasi)'),
('PT200229-0025', 'PE024', 'KL049', 'Sabtu', '2020-02-29 12:46:29', '2020-02-29 12:46:38', '-8.20729945320636', '113.69720231741667', '-8.20729945320636', '113.69720231741667', 'Selesai', 'Valid', 'Sudah Terbayar', 'Sudah Lunas', 25000, 40000, 'aa'),
('PT200229-0026', 'PE024', 'KL050', 'Sabtu', '2020-02-29 12:46:54', '2020-02-29 12:47:05', '-8.20727698970586', '113.69721564464271', '-8.20727698970586', '113.69721564464271', 'Selesai', 'Valid', 'Sudah Terbayar', 'Sudah Lunas', 23000, 35000, 'bb'),
('PT200229-0027', 'PE024', 'KL007', 'Sabtu', '2020-02-29 13:19:34', '2020-02-29 13:19:43', '-8.207216975279152', '113.69721438735723', '-8.207216975279152', '113.69721438735723', 'Selesai', 'Valid', 'Sudah Terbayar', 'Sudah Lunas', 27000, 45000, 'vin'),
('PT200229-0028', 'PE024', 'KL007', 'Sabtu', '2020-02-29 13:19:55', '2020-02-29 13:20:04', '-8.207373549230397', '113.69703023694456', '-8.207373549230397', '113.69703023694456', 'Selesai', 'Valid', 'Sudah Terbayar', 'Sudah Lunas', 27000, 45000, 'vin'),
('PT200229-0029', 'PE024', 'KL007', 'Sabtu', '2020-02-29 13:20:27', '2020-02-29 13:20:38', '-8.207291699945927', '113.69726350530982', '-8.207291699945927', '113.69726350530982', 'Selesai', 'Valid', 'Sudah Terbayar', 'Sudah Lunas', 27000, 45000, 'vin'),
('PT200229-0030', 'PE020', 'KL042', 'Sabtu', '2020-02-29 15:27:41', '2020-02-29 15:28:07', '-8.16726269', '113.71849364', '-8.16735876', '113.71841423', 'Selesai', 'Valid', 'Sudah Terbayar', 'Sudah Lunas', 24000, 40000, 'Jessline mengerjakan tentang sudut garis menggunakan busur '),
('PT200229-0031', 'PE003', 'KL056', 'Sabtu', '2020-02-29 18:10:55', '2020-02-29 18:11:11', '-8.207347439602017', '113.69712319225073', '-8.207347439602017', '113.69712319225073', 'Selesai', 'Valid', 'Sudah Terbayar', 'Sudah Lunas', 24000, 35000, 'feli'),
('PT200229-0032', 'PE003', 'KL056', 'Sabtu', '2020-02-29 18:11:29', '2020-02-29 18:11:37', '-8.207130809314549', '113.69721489027143', '-8.207130809314549', '113.69721489027143', 'Selesai', 'Valid', 'Sudah Terbayar', 'Sudah Lunas', 24000, 35000, 'feli'),
('PT200229-0033', 'PE003', 'KL056', 'Sabtu', '2020-02-29 18:11:48', '2020-02-29 18:11:57', '-8.20734073407948', '113.6972148064524', '-8.20734073407948', '113.6972148064524', 'Selesai', 'Valid', 'Sudah Terbayar', 'Sudah Lunas', 24000, 35000, 'feli'),
('PT200229-0034', 'PE003', 'KL056', 'Sabtu', '2020-02-29 18:12:14', '2020-02-29 18:12:22', '-8.207413195632398', '113.69715990498662', '-8.207413195632398', '113.69715990498662', 'Selesai', 'Valid', 'Sudah Terbayar', 'Sudah Lunas', 24000, 35000, 'fel'),
('PT200229-0035', 'PE003', 'KL056', 'Sabtu', '2020-02-29 18:12:37', '2020-02-29 18:12:50', '-8.20738272741437', '113.69707415811718', '-8.20738272741437', '113.69707415811718', 'Selesai', 'Valid', 'Sudah Terbayar', 'Sudah Lunas', 24000, 35000, 'fel'),
('PT200301-0001', 'PE022', 'KL035', 'Minggu', '2020-03-01 10:55:52', '2020-03-01 12:24:08', '-8.16726014', '113.70708386', '-8.163922', '113.70476536', 'Selesai', 'Valid', 'Belum Terbayar', 'Belum Lunas', 30000, 50000, 'Meme belajar science ttg magnetism utk persiapan ujian besok'),
('PT200301-0002', 'PE020', 'KL041', 'Minggu', '2020-03-01 11:37:42', '2020-03-01 13:35:47', '-8.16728956', '113.71852836', '-8.19048641', '113.66489604', 'Selesai', 'Valid', 'Belum Terbayar', 'Belum Lunas', 37000, 55000, 'Keno membahas tentang seni budaya menulis aksara jawa'),
('PT200301-0003', 'PE022', 'KL040', 'Minggu', '2020-03-01 12:47:31', '2020-03-01 14:22:24', '-8.19106199', '113.66425154', '-8.19101735', '113.66412682', 'Selesai', 'Valid', 'Belum Terbayar', 'Belum Lunas', 30000, 50000, 'Carlos belajar math multiplication 2-5, english spelling , suffix prefix, and ips'),
('PT200301-0004', 'PE023', 'KL052', 'Minggu', '2020-03-01 13:39:11', '2020-03-01 15:18:27', '-8.16929815', '113.70469373', '-8.1908757', '113.68712125', 'Selesai', 'Valid', 'Belum Terbayar', 'Belum Lunas', 27000, 45000, 'Belajar untuk PTS Tematik tema 5'),
('PT200301-0005', 'PE020', 'KL042', 'Minggu', '2020-03-01 16:53:38', '2020-03-01 16:54:28', '-8.16729416', '113.71851423', '-8.16729416', '113.71851423', 'Selesai', 'Valid', 'Belum Terbayar', 'Belum Lunas', 24000, 40000, 'Membahas latihan soal ulangan sudut dan garis\n\nHari minggu jam 13.30-15.00'),
('PT200301-0006', 'PE001', 'KL001', 'Minggu', '2020-03-01 17:47:04', '2020-03-01 20:29:55', '-8.175976666666665', '113.706635', '-8.16648', '113.71096833333334', 'Selesai', 'Valid', 'Belum Terbayar', 'Belum Lunas', 27000, 45000, 'tambahan... kevin hari ini belajar Ph tematik... materi ada beberapa yg harus diulang.... semoga besok sukses PH NYAA.... '),
('PT200301-0007', 'PE023', 'KL032', 'Minggu', '2020-03-01 18:27:51', '2020-03-01 20:30:03', '-8.17814781', '113.66963789', '-8.17808144', '113.66965475', 'Selesai', 'Valid', 'Belum Terbayar', 'Belum Lunas', 30000, 50000, 'Persiapan untuk ulangan bab 4 ips '),
('PT200301-0008', 'PE006', 'KL011', 'Minggu', '2020-03-01 19:02:11', '2020-03-01 19:58:57', '-8.16383542', '113.72492346', '-8.17816545', '113.71306713', 'Selesai', 'Valid', 'Belum Terbayar', 'Belum Lunas', 24000, 43000, 'kevin belajar matematika untuk UH.\nkevin bisa menghafalkan tentang berat kg-mg. dan bisa menyelesaikan soal dengan baik'),
('PT200301-0009', 'PE009', 'KL021', 'Minggu', '2020-03-01 19:45:30', '2020-03-01 21:24:39', '-8.20754885673523', '113.68255376815796', '-8.20754885673523', '113.68255376815796', 'Selesai', 'Valid', 'Belum Terbayar', 'Belum Lunas', 30000, 0, 'Homework and teaching \"the difference between MUCH and MANY\"'),
('PT200301-0010', 'PE006', 'KL014', 'Minggu', '2020-03-01 19:59:23', '2020-03-02 18:16:40', '-8.17793312', '113.71259629', '-8.1737977', '113.69528652', 'Selesai', 'Valid', 'Belum Terbayar', 'Belum Lunas', 27000, 45000, 'lydia mengerjakan tugas literasi. dan mengerjakan soal tentang hubungan garis dan sudut. lydia masih sering salah untuk membedakan jenis garis, dan masih kesulitan mengukur sudut menggunakan penggaris busur.'),
('PT200302-0001', 'PE022', 'KL039', 'Senin', '2020-03-02 15:00:50', '2020-03-02 16:01:25', '-8.16907826', '113.71642235', '-8.17849575', '113.6707748', 'Selesai', 'Valid', 'Belum Terbayar', 'Belum Lunas', 27000, 35000, 'latihan soal ttg invention'),
('PT200302-0003', 'PE020', 'KL041', 'Senin', '2020-03-02 15:34:29', '2020-03-03 15:07:27', '-8.20097759', '113.70251511', '-8.167784', '113.70219334', 'Selesai', 'Valid', 'Belum Terbayar', 'Belum Lunas', 37000, 55000, 'Keno mencari literasi lingkungan rumah tentang pencemaran air'),
('PT200302-0004', 'PE021', 'KL055', 'Senin', '2020-03-02 16:24:10', '2020-03-02 17:36:45', '-8.18390996', '113.67997775', '-8.18385245', '113.67985761', 'Selesai', 'Valid', 'Belum Terbayar', 'Belum Lunas', 27000, 45000, 'prepare for UH stanley'),
('PT200302-0005', 'PE001', 'KL001', 'Senin', '2020-03-02 16:55:30', '2020-03-02 18:30:34', '-8.173781666666667', '113.70272666666666', '-8.195795', '113.66481666666665', 'Selesai', 'Valid', 'Belum Terbayar', 'Belum Lunas', 27000, 45000, 'kevin hari ini belajar dengan baik... belajar tematik dengan baik... besok lebih baik lagi yaa... '),
('PT200302-0006', 'PE018', 'KL005', 'Senin', '2020-03-02 17:03:52', '2020-03-02 17:04:17', '-8.16524123', '113.71645151', '-8.16524123', '113.71645151', 'Selesai', 'Valid', 'Belum Terbayar', 'Belum Lunas', 30000, 65000, 'Absen untuk hari minggu tanggal 1/3/2020.\nLupa mbak maap.'),
('PT200302-0007', 'PE005', 'KL009', 'Senin', '2020-03-02 17:28:49', '2020-03-02 17:30:08', '-8.172709526828816', '113.7201192246443', '-8.172916173934937', '113.71977210044861', 'Selesai', 'Valid', 'Belum Terbayar', 'Belum Lunas', 23000, 35000, 'beljar menulis huruf e, f, g, h, k, dan menulis angka 9, 10 serta membaca buku cerita'),
('PT200302-0008', 'PE018', 'KL056', 'Senin', '2020-03-02 17:49:59', '2020-03-02 19:41:47', '-8.18812691', '113.69650508', '-8.1546737', '113.71804768', 'Selesai', 'Valid', 'Belum Terbayar', 'Belum Lunas', 24000, 35000, 'Selamat ujian hari rabu'),
('PT200302-0009', 'PE009', 'KL057', 'Senin', '2020-03-02 17:53:42', '2020-03-02 19:05:26', '-8.176250496949555', '113.6709765720125', '-8.176349401473999', '113.67082178592682', 'Selesai', 'Valid', 'Belum Terbayar', 'Belum Lunas', 33000, 65000, 'revirw materi, simplr continuous dan past.tensw (ivan hampir menguasai, sedangkan ecan belum, anak butuh hafalan verb lebih banyak)'),
('PT200302-0010', 'PE014', 'KL047', 'Senin', '2020-03-02 17:57:54', '2020-03-02 17:59:15', '-8.175534770671417', '113.6992616217167', '-8.1757259', '113.6992452', 'Selesai', 'Valid', 'Belum Terbayar', 'Belum Lunas', 24000, 35000, 'belajar persiapan PH matematika : pengurangan bilangan susun panjang dan pendek, pola bangun datar'),
('PT200302-0011', 'PE006', 'KL014', 'Senin', '2020-03-02 18:16:56', '2020-03-02 19:24:54', '-8.17807151', '113.71259417', '-8.17807151', '113.71259417', 'Selesai', 'Valid', 'Belum Terbayar', 'Belum Lunas', 27000, 45000, 'lydia mengulas soal soal IPA dan Bahasa Inggris hasil ulangan harian. lydia mendapatkan nilai 64 untuk bahasa Inggris dan 70 untuk IPA.\nlydia mau membahas ulang soalnya, dan menyelesaikan ulang dengan baik. '),
('PT200302-0012', 'PE013', 'KL030', 'Senin', '2020-03-02 21:07:09', '2020-03-02 21:08:15', '-8.169254623353481', '113.69071355089545', '-8.169254623353481', '113.69071355089545', 'Selesai', 'Valid', 'Belum Terbayar', 'Belum Lunas', 25000, 43000, 'Mempelajari matematika mengenal satuan berat dn cara mengitungnya, review PS english '),
('PT200302-0013', 'PE013', 'KL032', 'Senin', '2020-03-02 21:08:29', '2020-03-02 21:09:51', '-8.169307094067335', '113.69094011373818', '-8.169307094067335', '113.69094011373818', 'Selesai', 'Valid', 'Belum Terbayar', 'Belum Lunas', 30000, 50000, 'spelling test dan hafalan perkalian 6-7'),
('PT200303-0001', 'PE025', 'KL053', 'Selasa', '2020-03-03 12:53:16', '2020-03-03 12:54:39', '-8.16691985628296', '113.71565509140197', '-8.16691985628296', '113.71565509140197', 'Selesai', 'Valid', 'Belum Terbayar', 'Belum Lunas', 37000, 50000, 'Latihan soal matematika UN\nhari senin 2 Februari 2020 jam 16.30-selesai\n'),
('PT200303-0002', 'PE001', 'KL005', 'Selasa', '2020-03-03 14:50:04', '2020-03-03 16:31:22', '-8.173785', '113.70287333333333', '-8.186876666666667', '113.70238666666667', 'Selesai', 'Valid', 'Belum Terbayar', 'Belum Lunas', 30000, 65000, 'christo hari ini belajar tentang tema 6 krena bsok harus ada latihan PTS TEMA 6... christo belajar dengan bai.. kurang subtema 3... semang Ko..\ncece belajar tema 6 st 3... namun ada beberapaateri yang harus di ulangi lagi, khususnya matematika... semoga besok lancar yaa...'),
('PT200303-0003', 'PE022', 'KL039', 'Selasa', '2020-03-03 14:56:47', '2020-03-03 15:53:43', '-8.1712023', '113.71241761', '-8.17848344', '113.67078838', 'Selesai', 'Valid', 'Belum Terbayar', 'Belum Lunas', 27000, 35000, 'Latihan soal unit 6 and 7'),
('PT200303-0004', 'PE020', 'KL041', 'Selasa', '2020-03-03 15:07:44', '2020-03-03 18:09:46', '-8.167784', '113.70219334', '-8.167784', '113.70219334', 'Selesai', 'Valid', 'Belum Terbayar', 'Belum Lunas', 37000, 55000, 'Keno mengerjakan denah sekolah dengan skala tertentu '),
('PT200303-0005', 'PE013', 'KL030', 'Selasa', '2020-03-03 15:49:42', '2020-03-03 18:35:51', '-8.182608210481703', '113.70827388949692', '-8.178736022673547', '113.67952337488532', 'Selesai', 'Valid', 'Belum Terbayar', 'Belum Lunas', 25000, 43000, 'prepare UH agama asmaul husna ( kayla good banget 2 hari ini belajarnya ) '),
('PT200303-0006', 'PE001', 'KL001', 'Selasa', '2020-03-03 16:54:17', '2020-03-03 18:39:51', '-8.195893333333334', '113.66483166666667', '-8.195770000000001', '113.66491166666668', 'Selesai', 'Valid', 'Belum Terbayar', 'Belum Lunas', 27000, 45000, 'kevin hari ini konsennya kurang... jdi untuk latihan PTS nya tidak dipelajari dengan baik...jdi harus diulangi lgi... '),
('PT200303-0007', 'PE025', 'KL053', 'Selasa', '2020-03-03 17:11:52', '2020-03-03 18:30:11', '-8.17845997', '113.67082633', '-8.17858457', '113.67055068', 'Selesai', 'Valid', 'Belum Terbayar', 'Belum Lunas', 37000, 50000, 'latihan soal un ipa sekaligus pemantapan materi\n'),
('PT200303-0008', 'PE012', 'KL029', 'Selasa', '2020-03-03 17:13:04', '2020-03-03 18:48:49', '-8.1785894', '113.67085154', '-8.1785894', '113.67085154', 'Selesai', 'Valid', 'Belum Terbayar', 'Belum Lunas', 25000, 40000, 'heaven telah belajar matematika persiapan uts dan belajar seni tari way come back untuk uts'),
('PT200303-0009', 'PE022', 'KL040', 'Selasa', '2020-03-03 17:58:44', '2020-03-03 19:38:06', '-8.17849004', '113.67074611', '-8.1911796', '113.66397234', 'Selesai', 'Valid', 'Belum Terbayar', 'Belum Lunas', 30000, 50000, 'carlos belajar math, pkn, bindo utk ujian'),
('PT200303-0010', 'PE006', 'KL011', 'Selasa', '2020-03-03 18:06:51', '2020-03-03 19:05:43', '-8.1729684', '113.72031996', '-8.17792462', '113.71253389', 'Selesai', 'Valid', 'Belum Terbayar', 'Belum Lunas', 24000, 43000, 'kevin belajar matematika dan bahasa inggris. hai ini miss eka memberikan kuis untuk Kevin. kevin dapat menyelesaikan nya dengan baik. ????'),
('PT200303-0012', 'PE001', 'KL002', 'Selasa', '2020-03-03 18:42:30', '2020-03-03 19:29:32', '-8.195771666666667', '113.66497166666667', '-8.195771666666667', '113.66497166666667', 'Selesai', 'Valid', 'Belum Terbayar', 'Belum Lunas', 23000, 40000, 'michelle hari ini belajar english dengan baik... michhele mulai konsentrasi dengan baik... semangat Ce... '),
('PT200303-0013', 'PE006', 'KL014', 'Selasa', '2020-03-03 19:05:55', '2020-03-04 19:00:09', '-8.17797241', '113.71248448', '-8.17798652', '113.7128182', 'Selesai', 'Valid', 'Belum Terbayar', 'Belum Lunas', 27000, 45000, 'lydia belajar matematika untuk latihan uts. dengan membahas soal2 UH. '),
('PT200303-0014', 'PE002', 'KL006', 'Selasa', '2020-03-03 20:25:25', '2020-03-03 20:26:15', '-8.15648866', '113.72122849', '-8.15648866', '113.72122849', 'Selesai', 'Valid', 'Belum Terbayar', 'Belum Lunas', 43000, 65000, '18.15 -19.35\nKimia Kelarutan'),
('PT200304-0001', 'PE005', 'KL008', 'Rabu', '2020-03-04 11:51:10', '2020-03-04 11:51:46', '-8.169846142761251', '113.71068925383621', '-8.169846142761251', '113.71068925383621', 'Selesai', 'Valid', 'Belum Terbayar', 'Belum Lunas', 23000, 35000, 'mempelajari huruf c, d, e, f, g, h, j, k dan menghitung 1-20'),
('PT200304-0002', 'PE020', 'KL042', 'Rabu', '2020-03-04 14:38:46', '2020-03-04 15:54:04', '-8.17341373', '113.69608119', '-8.17341389', '113.69605807', 'Selesai', 'Valid', 'Belum Terbayar', 'Belum Lunas', 24000, 40000, 'Jessline belajar tentang pengelompokan data data'),
('PT200304-0003', 'PE001', 'KL005', 'Rabu', '2020-03-04 15:04:57', '2020-03-04 16:45:35', '-8.173798333333334', '113.70286333333334', '-8.186736666666667', '113.70237', 'Selesai', 'Valid', 'Belum Terbayar', 'Belum Lunas', 30000, 65000, 'koko hari ini belajar Remidi Tematik... koko belajar dengan baik... \ncece hari ini blajar latihan PTS Bahasa Dserah... semua blajar dengan baik... semoga besok lancar...'),
('PT200304-0004', 'PE017', 'KL043', 'Rabu', '2020-03-04 15:20:44', '2020-03-04 15:23:23', '-8.170248333333332', '113.69742166666668', '-8.170248333333332', '113.69742166666668', 'Selesai', 'Valid', 'Belum Terbayar', 'Belum Lunas', 24000, 35000, 'Hari ini Vania belajar huruf P W dan G, belajar baca 2 suku kata dari tugas PR di sekolah, dan review huruf-huruf yg sudah Vania bisa. Vania sudah bisa menghitung 1 - 29, tetapi tanpa 16 dan 26, '),
('PT200304-0005', 'PE014', 'KL047', 'Rabu', '2020-03-04 15:55:48', '2020-03-04 17:07:28', '-8.17807674407959', '113.69525134563446', '-8.178063', '113.6952505', 'Selesai', 'Valid', 'Belum Terbayar', 'Belum Lunas', 24000, 35000, 'persiapan PH tematik tema 6 sub tema 1-4, PH matematika : perbandingan berat, menghitung banyak benda, dan gambar dunia laut (untuk tema PTS gambar besok)'),
('PT200304-0006', 'PE022', 'KL040', 'Rabu', '2020-03-04 15:58:25', '2020-03-04 18:04:06', '-8.17130399', '113.71203027', '-8.1909328', '113.66417415', 'Selesai', 'Valid', 'Belum Terbayar', 'Belum Lunas', 30000, 50000, 'carlos belajar pkn dn bindo untuk review quiz besok. carlos mengerjakan tugas pkn paket 2 dg baik.'),
('PT200304-0007', 'PE021', 'KL055', 'Rabu', '2020-03-04 16:07:14', '2020-03-04 17:28:00', '-8.18383179', '113.67998394', '-8.18387079', '113.67992756', 'Selesai', 'Valid', 'Belum Terbayar', 'Belum Lunas', 27000, 45000, 'belajar tematik untuk UH'),
('PT200304-0008', 'PE025', 'KL053', 'Rabu', '2020-03-04 16:08:10', '2020-03-04 18:52:11', '-8.29308904', '113.6206465', '-8.2931124', '113.62058901', 'Selesai', 'Valid', 'Belum Terbayar', 'Belum Lunas', 37000, 50000, 'persiapan UAS Agama (keadilan dan kejujuran)\n'),
('PT200304-0009', 'PE001', 'KL001', 'Rabu', '2020-03-04 16:45:51', '2020-03-04 18:31:07', '-8.195661666666666', '113.66450833333334', '-8.206335', '113.68401', 'Selesai', 'Valid', 'Belum Terbayar', 'Belum Lunas', 27000, 45000, 'kevin hari ini belajar PTS T 6 dan remidi tema 7 st 3... hari ini blajar dengan baik.... smoga besok lebih baik lagi hasilnya...'),
('PT200304-0010', 'PE018', 'KL036', 'Rabu', '2020-03-04 16:52:45', '2020-03-06 16:51:38', '-8.18792891', '113.69677876', '-8.188341', '113.69656572', 'Selesai', 'Valid', 'Belum Terbayar', 'Belum Lunas', 30000, 40000, 'Absen Grace Hari Rabu'),
('PT200304-0011', 'PE012', 'KL029', 'Rabu', '2020-03-04 17:14:10', '2020-03-05 17:09:43', '-8.17848016', '113.67075596', '-8.1785696', '113.67084026', 'Selesai', 'Valid', 'Belum Terbayar', 'Belum Lunas', 25000, 40000, 'heaven telah belajar persiapan uh bahasa indonesia'),
('PT200304-0012', 'PE023', 'KL017', 'Rabu', '2020-03-04 17:20:01', '2020-03-05 18:49:50', '-8.19213266', '113.65732466', '-8.16690132', '113.70518463', 'Selesai', 'Valid', 'Belum Terbayar', 'Belum Lunas', 40000, 50000, 'Gladys les ips untuk PHP tindakan Ekonomi'),
('PT200304-0013', 'PE006', 'KL015', 'Rabu', '2020-03-04 19:00:25', '2020-03-04 19:11:49', '-8.17798652', '113.7128182', '-8.1779564', '113.71262278', 'Selesai', 'Valid', 'Belum Terbayar', 'Belum Lunas', 27000, 45000, 'les dimulai pukul 18.05. tapi karena kesalahan baru bisa absen. \nlidya hari ini mengulas soal-soal UH dan PS Bahasa Indonesia dengan baik'),
('PT200304-0014', 'PE006', 'KL012', 'Rabu', '2020-03-04 19:13:06', '2020-03-05 11:11:12', '-8.1779561', '113.71261664', '-8.16366002', '113.72502324', 'Selesai', 'Valid', 'Belum Terbayar', 'Belum Lunas', 24000, 43000, 'kevin belajar matematika untuk UH kamis tanggal 5 Maret. Kevin belajar dengan sangat baik.'),
('PT200304-0015', 'PE005', 'KL010', 'Rabu', '2020-03-04 19:57:41', '2020-03-04 19:58:34', '-8.355288784024038', '113.62306099103867', '-8.355288784024038', '113.62306099103867', 'Selesai', 'Valid', 'Belum Terbayar', 'Belum Lunas', 25000, 35000, 'belajar membaca dan menghitung penjumlahan dan pengurangan angka 20-30'),
('PT200305-0001', 'PE006', 'KL011', 'Kamis', '2020-03-05 15:55:07', '2020-03-05 16:53:51', '-8.163853490587124', '113.72503161696008', '-8.17806437', '113.71285182', 'Selesai', 'Valid', 'Belum Terbayar', 'Belum Lunas', 24000, 43000, 'kevin belajar bahasa Inggris. latihan listening dan quiz. kevin dapat menjawab dengan baik. hanya saja masih kurang untuk writing, kevin masih sering salah menuliskan kata2 dalam bahasa Inggris.'),
('PT200305-0002', 'PE022', 'KL035', 'Kamis', '2020-03-05 16:17:27', '2020-03-05 18:01:18', '-8.1688112', '113.71696329', '-8.16395605', '113.70507657', 'Selesai', 'Valid', 'Belum Terbayar', 'Belum Lunas', 30000, 50000, 'Mengerjakan pr pkn dan belajar ips bab 4 utk persiapan pts minggu depan'),
('PT200305-0003', 'PE025', 'KL053', 'Kamis', '2020-03-05 16:26:37', '2020-03-05 18:17:53', '-8.29302376', '113.62073656', '-8.17865087', '113.67057371', 'Selesai', 'Valid', 'Belum Terbayar', 'Belum Lunas', 37000, 50000, 'belajar fisika (listrik statis) persiapan uas\nbelajar ips persiapan uas\n'),
('PT200305-0004', 'PE001', 'KL001', 'Kamis', '2020-03-05 16:53:47', '2020-03-05 18:56:33', '-8.173910000000001', '113.70290666666666', '-8.195643333333333', '113.664935', 'Selesai', 'Valid', 'Belum Terbayar', 'Belum Lunas', 27000, 45000, 'kevin hari ini belajar Tematik latihan PTS... kevin kurang konsentrasi... tapii sdah baik subtema 1 dan 2... semoga bsok lancar... '),
('PT200305-0005', 'PE006', 'KL014', 'Kamis', '2020-03-05 16:54:01', '2020-03-05 18:15:18', '-8.17796778', '113.71248636', '-8.17115022', '113.72135309', 'Selesai', 'Valid', 'Belum Terbayar', 'Belum Lunas', 27000, 45000, 'lidya mengerjakan PR bahasa daerah. lidya masih perlu arahan untuk memahami beberapa kata dalam bahasa Jawa'),
('PT200305-0006', 'PE012', 'KL029', 'Kamis', '2020-03-05 17:09:55', '2020-03-05 18:44:51', '-8.1785696', '113.67084026', '-8.1784829', '113.6707459', 'Selesai', 'Valid', 'Belum Terbayar', 'Belum Lunas', 25000, 40000, 'heaven telah mengerjakan pr bahasa daerah tentang aksara jawa dan tembang dolanan'),
('PT200305-0007', 'PE022', 'KL040', 'Kamis', '2020-03-05 18:01:40', '2020-03-05 19:32:34', '-8.19063655', '113.66366454', '-8.19063655', '113.66366454', 'Selesai', 'Valid', 'Belum Terbayar', 'Belum Lunas', 30000, 50000, 'carlos belajar science unit 4,5 dan bab 3'),
('PT200305-0008', 'PE020', 'KL041', 'Kamis', '2020-03-05 19:03:49', '2020-03-05 19:04:47', '-8.16727444', '113.71852534', '-8.16727444', '113.71852534', 'Selesai', 'Valid', 'Belum Terbayar', 'Belum Lunas', 37000, 55000, 'Keno mengerjakan pelajaran seni budaya materi tentang not not dalam lagu.\nJam 15.00-17.00'),
('PT200305-0009', 'PE023', 'KL017', 'Kamis', '2020-03-05 19:37:46', '2020-03-05 19:39:54', '-8.16690132', '113.70518463', '-8.16690132', '113.70518463', 'Selesai', 'Valid', 'Belum Terbayar', 'Belum Lunas', 40000, 50000, 'mengerjakan dialog b.indo'),
('PT200305-0010', 'PE021', 'KL051', 'Kamis', '2020-03-05 19:50:06', '2020-03-05 19:50:21', '-8.1657465', '113.72157961', '-8.1657465', '113.72157961', 'Selesai', 'Valid', 'Belum Terbayar', 'Belum Lunas', 30000, 45000, 'learn english'),
('PT200306-0001', 'PE017', 'KL043', 'Jum\'at', '2020-03-06 13:19:43', '2020-03-06 14:36:01', '-8.170729999999999', '113.69758333333333', '-8.170729999999999', '113.69758333333333', 'Selesai', 'Valid', 'Belum Terbayar', 'Belum Lunas', 24000, 35000, 'Hari ini Vania review huruf-huruf yg Vania sudah hafal, dan belajar huruf x dan y. Belajar baca 2 suku kata, dari barang-barang disekitar, ex. buku, bola.'),
('PT200306-0002', 'PE012', 'KL029', 'Jum\'at', '2020-03-06 14:48:39', '2020-03-06 16:57:52', '-8.17852374', '113.67079425', '-8.1784955', '113.6707378', 'Selesai', 'Valid', 'Belum Terbayar', 'Belum Lunas', 25000, 40000, 'heaven telah belajar bahasa jawa (sandhangan, aksara jawa dan tembang dolanan)\nips (tentang keragaman di indonesia dan materi uts)\nipa (mengerjakan pr tentang gaya)'),
('PT200306-0003', 'PE002', 'KL006', 'Jum\'at', '2020-03-06 16:02:48', '2020-03-06 16:03:26', '-8.15536198', '113.72089211', '-8.15636231', '113.72100096', 'Selesai', 'Valid', 'Belum Terbayar', 'Belum Lunas', 43000, 65000, '14.00-16.00\nFisika Gelombang berjalan'),
('PT200306-0004', 'PE021', 'KL055', 'Jum\'at', '2020-03-06 16:10:28', '2020-03-06 17:35:55', '-8.18301619', '113.68883671', '-8.18394381', '113.68004583', 'Selesai', 'Valid', 'Belum Terbayar', 'Belum Lunas', 27000, 45000, 'belajar bahasa daerah'),
('PT200306-0005', 'PE018', 'KL056', 'Jum\'at', '2020-03-06 16:52:00', '2020-03-06 16:52:19', '-8.18831297', '113.69648547', '-8.18831297', '113.69648547', 'Selesai', 'Valid', 'Belum Terbayar', 'Belum Lunas', 24000, 35000, 'Absen Feli hari kamis. Maaf mbak lupa. Hape saya mati'),
('PT200306-0006', 'PE025', 'KL053', 'Jum\'at', '2020-03-06 16:57:12', '2020-03-06 19:27:46', '-8.178086687588957', '113.67082601799429', '-8.17853113', '113.67077555', 'Selesai', 'Valid', 'Belum Terbayar', 'Belum Lunas', 37000, 50000, 'bahasa daerah (UAS)\nips ulangan'),
('PT200306-0007', 'PE018', 'KL036', 'Jum\'at', '2020-03-06 17:34:16', '2020-03-08 20:05:29', '-8.18778997', '113.69673618', '-8.17272487', '113.70867393', 'Selesai', 'Valid', 'Belum Terbayar', 'Belum Lunas', 30000, 40000, 'Maaf mbak lupa aku selesaikan. '),
('PT200306-0008', 'PE001', 'KL001', 'Jum\'at', '2020-03-06 17:36:16', '2020-03-06 19:33:25', '-8.174344999999999', '113.70266000000001', '-8.19546', '113.66491333333333', 'Selesai', 'Valid', 'Belum Terbayar', 'Belum Lunas', 27000, 45000, 'kevin belajar latihan PTS T 7 dengan baik... smoga bsok lancar...'),
('PT200306-0009', 'PE020', 'KL041', 'Jum\'at', '2020-03-06 18:21:02', '2020-03-06 18:21:57', '-8.19169947', '113.50038812', '-8.19169947', '113.50038812', 'Selesai', 'Valid', 'Belum Terbayar', 'Belum Lunas', 37000, 55000, 'Keno mengerjakan tugas Tik (komputer) 10 soal\nDan melatih vokal pianika'),
('PT200306-0010', 'PE021', 'KL060', 'Jum\'at', '2020-03-06 18:28:56', '2020-03-06 19:38:07', '-8.18259103', '113.67927635', '-8.18258779', '113.67927216', 'Selesai', 'Valid', 'Belum Terbayar', 'Belum Lunas', 24000, 35000, 'belajar mtk rafael'),
('PT200306-0011', 'PE023', 'KL044', 'Jum\'at', '2020-03-06 19:02:15', '2020-03-06 19:02:58', '-8.16659293', '113.70524858', '-8.16659293', '113.70524858', 'Selesai', 'Valid', 'Belum Terbayar', 'Belum Lunas', 35000, 57000, 'Pada waktu absen mengalami kesulitan. Jadi baru absen. Jason mengerjakan tugas agama.'),
('PT200306-0012', 'PE023', 'KL017', 'Jum\'at', '2020-03-06 19:03:07', '2020-03-06 20:51:06', '-8.16659293', '113.70524858', '-8.16638863', '113.70537603', 'Selesai', 'Valid', 'Belum Terbayar', 'Belum Lunas', 40000, 50000, 'belajar ppkn tentang kerja sama untuk ulangan'),
('PT200306-0013', 'PE001', 'KL002', 'Jum\'at', '2020-03-06 19:33:38', '2020-03-06 22:18:07', '-8.19546', '113.66491333333333', '-8.17819', '113.68048166666668', 'Selesai', 'Valid', 'Belum Terbayar', 'Belum Lunas', 23000, 40000, 'michelle hari ini belajar PH TEMA 6Bdengan Baik.... semoga bsok lancar yaa...'),
('PT200307-0001', 'PE021', 'KL046', 'Sabtu', '2020-03-07 13:02:30', '2020-03-07 13:57:20', '-8.165759444388549', '113.7215491864629', '-8.17313679', '113.69617039', 'Selesai', 'Valid', 'Belum Terbayar', 'Belum Lunas', 25000, 40000, 'practice speaking jesslyn'),
('PT200307-0002', 'PE014', 'KL047', 'Sabtu', '2020-03-07 14:55:45', '2020-03-07 15:58:14', '-8.178221805319472', '113.69499326524414', '-8.1780581', '113.6952627', 'Selesai', 'Valid', 'Belum Terbayar', 'Belum Lunas', 24000, 35000, 'belajar persiapan PTS tematik tema 5 dan Bahasa Daerah'),
('PT200307-0003', 'PE023', 'KL052', 'Sabtu', '2020-03-07 15:29:05', '2020-03-07 16:45:36', '-8.16638863', '113.70537603', '-8.16638863', '113.70537603', 'Selesai', 'Valid', 'Belum Terbayar', 'Belum Lunas', 27000, 45000, 'salwa belajar tema 6 '),
('PT200308-0001', 'PE023', 'KL044', 'Minggu', '2020-03-08 12:29:15', '2020-03-08 14:21:09', '-8.16926905', '113.7048795', '-8.19051498', '113.66881936', 'Selesai', 'Valid', 'Belum Terbayar', 'Belum Lunas', 35000, 57000, 'Belajar Agama dan Bahasa Jawa untuk PTS'),
('PT200308-0002', 'PE025', 'KL053', 'Minggu', '2020-03-08 12:59:40', '2020-03-08 14:08:36', '-8.17854565', '113.67069431', '-8.17829884', '113.67096189', 'Selesai', 'Valid', 'Belum Terbayar', 'Belum Lunas', 37000, 50000, 'bahasa jawa (tembang macapat)\n'),
('PT200308-0003', 'PE023', 'KL017', 'Minggu', '2020-03-08 14:28:26', '2020-03-08 18:34:53', '-8.19051498', '113.66881936', '-8.19051498', '113.66881936', 'Selesai', 'Valid', 'Belum Terbayar', 'Belum Lunas', 40000, 50000, 'gladys belajar untuk pts agama dan b. jawa'),
('PT200308-0004', 'PE021', 'KL055', 'Minggu', '2020-03-08 16:08:48', '2020-03-08 17:34:00', '-8.17843821', '113.69760664', '-8.18399177', '113.68010887', 'Selesai', 'Valid', 'Belum Terbayar', 'Belum Lunas', 27000, 45000, 'prepare uh'),
('PT200308-0005', 'PE001', 'KL001', 'Minggu', '2020-03-08 16:23:56', '2020-03-08 18:04:16', '-8.16224', '113.71529666666666', '-8.195683333333333', '113.66484333333334', 'Selesai', 'Valid', 'Belum Terbayar', 'Belum Lunas', 27000, 45000, 'kevin hari ini belajar dengan baik... latihan soal dikerjakan dengan baik... kevin semngat bsok PTS nyaaq'),
('PT200308-0006', 'PE006', 'KL014', 'Minggu', '2020-03-08 17:09:16', '2020-03-08 17:59:35', '-8.17806824', '113.71262217', '-8.17782515', '113.71250864', 'Selesai', 'Valid', 'Belum Terbayar', 'Belum Lunas', 27000, 45000, 'lydia belajar Untuk ujian tengah semester IPS. lydia dengan cepat menghafal soal2 yg sebelumnya telah dikerjakan dengan baik '),
('PT200308-0007', 'PE006', 'KL014', 'Minggu', '2020-03-08 17:59:46', '2020-03-08 19:11:07', '-8.17776384', '113.71268491', '-8.17825229', '113.71302918', 'Selesai', 'Valid', 'Belum Terbayar', 'Belum Lunas', 27000, 45000, 'lydia belajar bahasa jawa. lydia menghafalkan aksara jawa dengan baik dan memahaminya dengan baik '),
('PT200308-0008', 'PE023', 'KL017', 'Minggu', '2020-03-08 18:35:03', '2020-03-08 18:35:17', '-8.19051498', '113.66881936', '-8.19051498', '113.66881936', 'Selesai', 'Valid', 'Belum Terbayar', 'Belum Lunas', 40000, 50000, 'Gladys tambahan'),
('PT200308-0009', 'PE023', 'KL052', 'Minggu', '2020-03-08 18:54:11', '2020-03-08 21:11:21', '-8.19122524', '113.68710748', '-8.19038884', '113.68753335', 'Selesai', 'Valid', 'Belum Terbayar', 'Belum Lunas', 27000, 45000, 'Belajar untuk pts'),
('PT200308-0010', 'PE022', 'KL040', 'Minggu', '2020-03-08 19:26:04', '2020-03-08 20:41:26', '-8.17112454', '113.71249', '-8.19098191', '113.66389925', 'Selesai', 'Valid', 'Belum Terbayar', 'Belum Lunas', 30000, 50000, 'carlos belajar math utk persiapan uts'),
('PT200308-0011', 'PE018', 'KL005', 'Minggu', '2020-03-08 20:05:46', '2020-03-08 20:06:20', '-8.17272487', '113.70867393', '-8.17272487', '113.70867393', 'Selesai', 'Valid', 'Belum Terbayar', 'Belum Lunas', 30000, 65000, 'Cristo Alice Hari Minggu Tanggal 8 maret 2020. Maaf mbak, gak punya kuota tadi'),
('PT200308-0012', 'PE020', 'KL041', 'Minggu', '2020-03-08 22:35:57', '2020-03-08 22:36:52', '-8.1648856', '113.7169892', '-8.1648856', '113.7169892', 'Selesai', 'Valid', 'Belum Terbayar', 'Belum Lunas', 37000, 55000, 'Merangkum ujian Bahasa Jawa dan agama untuk hari Senin besok.\nJam 15.00-17.00'),
('PT200309-0001', 'PE001', 'KL005', 'Senin', '2020-03-09 14:59:46', '2020-03-09 16:34:28', '-8.174548333333332', '113.70231666666665', '-8.174548333333332', '113.70231666666665', 'Selesai', 'Valid', 'Belum Terbayar', 'Belum Lunas', 30000, 65000, 'christo dan alice belajar PTS temaatik dengan baik.. semoga besok hasilnya akan maksimal... good Job ko dan Cece'),
('PT200309-0002', 'PE012', 'KL029', 'Senin', '2020-03-09 15:07:55', '2020-03-09 18:06:21', '-8.137147001215867', '113.70158317997821', '-8.1784896', '113.6707342', 'Selesai', 'Valid', 'Belum Terbayar', 'Belum Lunas', 25000, 40000, 'mengerjakan pr budi pekerti, memperisapkan uts ipa tentang metamorfosis dan gaya. mempersiapkan uts agama katholik'),
('PT200309-0003', 'PE020', 'KL041', 'Senin', '2020-03-09 15:37:08', '2020-03-09 15:37:36', '-8.16727131', '113.71847179', '-8.16727131', '113.71847179', 'Selesai', 'Valid', 'Belum Terbayar', 'Belum Lunas', 37000, 55000, 'Membahas soal soal matematika persiapan UTS'),
('PT200309-0004', 'PE014', 'KL047', 'Senin', '2020-03-09 15:53:58', '2020-03-09 17:05:43', '-8.18578758', '113.6805546', '-8.1858571', '113.6804612', 'Selesai', 'Valid', 'Belum Terbayar', 'Belum Lunas', 24000, 35000, 'persiapan PTS IPA dan Agama (mengulang pelajaran, belajar Catatan PS PR UH)'),
('PT200309-0005', 'PE022', 'KL040', 'Senin', '2020-03-09 16:01:59', '2020-03-09 17:31:26', '-8.16453126', '113.70415261', '-8.16453126', '113.70415261', 'Selesai', 'Valid', 'Belum Terbayar', 'Belum Lunas', 30000, 50000, 'Meme belajar science utk uts besok'),
('PT200309-0006', 'PE021', 'KL055', 'Senin', '2020-03-09 16:21:25', '2020-03-09 17:38:57', '-8.18385963', '113.67972848', '-8.18407741', '113.68001223', 'Selesai', 'Valid', 'Belum Terbayar', 'Belum Lunas', 27000, 45000, 'belajar IPA'),
('PT200309-0007', 'PE025', 'KL053', 'Senin', '2020-03-09 16:27:01', '2020-03-09 18:56:43', '-8.1777882', '113.67017979999999', '-8.1784084', '113.6707108', 'Selesai', 'Valid', 'Belum Terbayar', 'Belum Lunas', 37000, 50000, 'matematika (kesebangunan dan ruang sisi lengkung)\nprakarya (sinematografi dan videografi)\n\n');
INSERT INTO `pertemuan` (`id_pertemuan`, `id_pengajar`, `id_kelas_p`, `hari`, `waktu_mulai`, `waktu_berakhir`, `lokasi_mulai_la`, `lokasi_mulai_lo`, `lokasi_berakhir_la`, `lokasi_berakhir_lo`, `status_pertemuan`, `status_konfirmasi`, `status_fee`, `status_spp`, `harga_fee`, `harga_spp`, `deskripsi`) VALUES
('PT200309-0008', 'PE018', 'KL056', 'Senin', '2020-03-09 16:40:58', '2020-03-09 17:35:50', '-8.18785956', '113.69662525', '-8.18804164', '113.69672147', 'Selesai', 'Valid', 'Belum Terbayar', 'Belum Lunas', 24000, 35000, 'Belajar UTS IPS untuk hari selasa \n(Les Feli 9/03/2020)'),
('PT200309-0009', 'PE001', 'KL001', 'Senin', '2020-03-09 17:03:51', '2020-03-09 18:32:50', '-8.18541', '113.66716', '-8.197821666666666', '113.65698333333333', 'Selesai', 'Valid', 'Belum Terbayar', 'Belum Lunas', 27000, 45000, 'kevin hari ini bljar dengan baikkk... semoga besok lancar koo...'),
('PT200309-0010', 'PE023', 'KL017', 'Senin', '2020-03-09 17:04:51', '2020-03-09 17:05:20', '-8.1665351', '113.7052537', '-8.1665351', '113.7052537', 'Selesai', 'Valid', 'Belum Terbayar', 'Belum Lunas', 40000, 50000, 'belajar pts mat & informatika'),
('PT200309-0011', 'PE006', 'KL014', 'Senin', '2020-03-09 17:05:45', '2020-03-09 18:00:21', '-8.1637665', '113.72501341', '-8.1637665', '113.72501341', 'Selesai', 'Valid', 'Belum Terbayar', 'Belum Lunas', 27000, 45000, 'lydia belajar ipa tema 6 dan 7 dengan baik.. hanya kurang fokus karena baru bangun tidur ????'),
('PT200309-0012', 'PE022', 'KL040', 'Senin', '2020-03-09 17:50:41', '2020-03-09 19:24:08', '-8.19103292', '113.66385966', '-8.19128712', '113.66347469', 'Selesai', 'Valid', 'Belum Terbayar', 'Belum Lunas', 30000, 50000, 'Carlos belajar IPS buat ujian besok'),
('PT200309-0013', 'PE006', 'KL011', 'Senin', '2020-03-09 18:00:39', '2020-03-10 06:54:41', '-8.17812392', '113.71237008', '-8.16862592', '113.72226294', 'Selesai', 'Valid', 'Belum Terbayar', 'Belum Lunas', 24000, 43000, 'Kevin belajar IPA bab energi dan bahasa jawa dengan baik untuk UTS hari ini ... Kevin sudah menguasai bab energi dengan baik'),
('PT200309-0014', 'PE023', 'KL052', 'Senin', '2020-03-09 18:30:27', '2020-03-09 20:18:44', '-8.19077824', '113.70189878', '-8.19077824', '113.70189878', 'Selesai', 'Valid', 'Belum Terbayar', 'Belum Lunas', 27000, 45000, 'mengerjakan uts tema 5 dan 6'),
('PT200309-0015', 'PE001', 'KL002', 'Senin', '2020-03-09 19:09:48', '2020-03-09 20:17:59', '-8.195771666666667', '113.66493999999999', '-8.195771666666667', '113.66493999999999', 'Selesai', 'Valid', 'Belum Terbayar', 'Belum Lunas', 23000, 40000, 'michelle belajar dengan baik hari ini... materi sudah dikuasai dengan  baik... semoga bsok lancar... semangat Cee...'),
('PT200310-0001', 'PE023', 'KL017', 'Selasa', '2020-03-10 14:38:07', '2020-03-10 16:32:47', '-8.16926253', '113.70472502', '-8.1665344', '113.7052787', 'Selesai', 'Valid', 'Belum Terbayar', 'Belum Lunas', 40000, 50000, 'belajar untuk pts b.indonesia & seni budaya'),
('PT200310-0002', 'PE001', 'KL005', 'Selasa', '2020-03-10 14:55:29', '2020-03-10 16:44:13', '-8.173758333333334', '113.70276666666665', '-8.186706666666668', '113.70233333333333', 'Selesai', 'Valid', 'Belum Terbayar', 'Belum Lunas', 30000, 65000, 'christo dan Alice belajar dengan baik... materinya untuk alice sedikit harus diulangi lagi... christo belajar dengan baik... semoga lancar besok koko dan cecce...'),
('PT200310-0003', 'PE022', 'KL039', 'Selasa', '2020-03-10 14:59:12', '2020-03-10 16:10:55', '-8.17927777', '113.67280458', '-8.17880569', '113.67087175', 'Selesai', 'Valid', 'Belum Terbayar', 'Belum Lunas', 27000, 35000, 'persiapan uts bing '),
('PT200310-0004', 'PE021', 'KL051', 'Selasa', '2020-03-10 15:20:47', '2020-03-10 16:26:35', '-8.19725518', '113.70083695', '-8.19732392', '113.70052344', 'Selesai', 'Valid', 'Belum Terbayar', 'Belum Lunas', 30000, 45000, 'belajar bing untuk UH'),
('PT200310-0005', 'PE022', 'KL040', 'Selasa', '2020-03-10 16:18:39', '2020-03-10 17:40:57', '-8.19118741', '113.66398927', '-8.19116893', '113.66384742', 'Selesai', 'Valid', 'Belum Terbayar', 'Belum Lunas', 30000, 50000, 'persiapan uts english'),
('PT200310-0006', 'PE009', 'KL026', 'Selasa', '2020-03-10 16:44:16', '2020-03-10 18:17:23', '-8.15655099', '113.70239931', '-8.15323725', '113.69351658', 'Selesai', 'Valid', 'Belum Terbayar', 'Belum Lunas', 25000, 40000, 'prepare UH (Tata has understood all the materials, good luck Tataa ????)'),
('PT200310-0007', 'PE001', 'KL001', 'Selasa', '2020-03-10 16:44:28', '2020-03-10 18:58:21', '-8.19584', '113.66459666666667', '-8.195791666666667', '113.66481833333334', 'Selesai', 'Valid', 'Belum Terbayar', 'Belum Lunas', 27000, 45000, 'kevin hari ini belajar dengan baik... namun ada beberapa yg harus diulang lagi..\n semangat besok Ko... semoga lancar.\n'),
('PT200310-0008', 'PE021', 'KL046', 'Selasa', '2020-03-10 16:49:37', '2020-03-10 17:58:47', '-8.18059222', '113.7035862', '-8.18059222', '113.7035862', 'Selesai', 'Valid', 'Belum Terbayar', 'Belum Lunas', 25000, 40000, 'belajar bing buat uh jess'),
('PT200310-0009', 'PE002', 'KL006', 'Selasa', '2020-03-10 18:16:55', '2020-03-11 20:14:20', '-8.16380582', '113.70485373', '-8.1639496', '113.7050752', 'Selesai', 'Valid', 'Belum Terbayar', 'Belum Lunas', 43000, 65000, '18.15 - 20.15'),
('PT200310-0010', 'PE023', 'KL045', 'Selasa', '2020-03-10 18:23:19', '2020-03-10 18:57:24', '-8.1665248', '113.7052492', '-8.1665346', '113.7052789', 'Selesai', 'Valid', 'Belum Terbayar', 'Belum Lunas', 37000, 57000, 'Belajar untuk PAS B.indo Seni Budaya'),
('PT200310-0011', 'PE001', 'KL002', 'Selasa', '2020-03-10 18:58:35', '2020-03-10 20:16:16', '-8.195791666666667', '113.66481833333334', '-8.195791666666667', '113.66481833333334', 'Selesai', 'Valid', 'Belum Terbayar', 'Belum Lunas', 23000, 40000, 'micheelle hari belajar math dengan baik... materinya dikuasai dengan baik.. semoga besok lancar yaa Cee'),
('PT200310-0012', 'PE023', 'KL052', 'Selasa', '2020-03-10 19:15:02', '2020-03-10 21:10:43', '-8.1913214', '113.6904585', '-8.1917527', '113.6864853', 'Selesai', 'Valid', 'Belum Terbayar', 'Belum Lunas', 27000, 45000, 'Belajar Bahasa Jawa dan Doa Harian'),
('PT200311-0001', 'PE020', 'KL053', 'Rabu', '2020-03-11 13:30:52', '2020-03-11 13:32:27', '-8.167380307025255', '113.71867182604372', '-8.167380307025255', '113.71867182604372', 'Selesai', 'Valid', 'Belum Terbayar', 'Belum Lunas', 37000, 50000, 'Menjelaskan B.Indonesia cerpen& novel tentang  struktur kebahasaannya\n\nHari Selasa, 10 Maret jam 17.00'),
('PT200311-0002', 'PE020', 'KL041', 'Rabu', '2020-03-11 13:32:54', '2020-03-11 13:34:30', '-8.17345103', '113.69607537', '-8.17345103', '113.69607537', 'Selesai', 'Valid', 'Belum Terbayar', 'Belum Lunas', 37000, 55000, 'Merangkum seni budaya tentang note note dalam musik\nHari Selasa, 10 Maret jam 11.00'),
('PT200311-0004', 'PE022', 'KL040', 'Rabu', '2020-03-11 14:34:41', '2020-03-11 16:04:09', '-8.17107924', '113.71225176', '-8.19101735', '113.66390036', 'Selesai', 'Valid', 'Belum Terbayar', 'Belum Lunas', 30000, 50000, 'persiapan uts bhs indonesia'),
('PT200311-0005', 'PE017', 'KL043', 'Rabu', '2020-03-11 14:37:39', '2020-03-11 15:08:49', '-8.170915', '113.69774833333334', '-8.170915', '113.69774833333334', 'Selesai', 'Valid', 'Belum Terbayar', 'Belum Lunas', 24000, 35000, 'Hari ini Vania review huruf-huruf yang sudah di pelajari, bermain puzzle sambil belajar huruf m dan n, agak susah karena sepertinya Vania lagi capek.'),
('PT200311-0006', 'PE001', 'KL005', 'Rabu', '2020-03-11 14:54:36', '2020-03-11 16:53:54', '-8.17397', '113.702915', '-8.17397', '113.702915', 'Selesai', 'Valid', 'Belum Terbayar', 'Belum Lunas', 30000, 65000, 'christo dan alice belajar dengan baik... tapi untuk Christo ada bebrapa yg harus diulangi.... di bab 7 ada sdikit yg harus diulangi... semoga besok lancar yaa..\n'),
('PT200311-0007', 'PE005', 'KL010', 'Rabu', '2020-03-11 15:12:39', '2020-03-11 15:13:16', '-8.17307688', '113.71965179', '-8.17300007', '113.71968378', 'Selesai', 'Valid', 'Belum Terbayar', 'Belum Lunas', 25000, 35000, 'belajar membaca, menghitung untuk persiapan ujian besok matematika'),
('PT200311-0008', 'PE013', 'KL030', 'Rabu', '2020-03-11 15:57:52', '2020-03-11 20:42:47', '-8.157407431863248', '113.69319761171937', '-8.182690688408911', '113.70818546041846', 'Selesai', 'Valid', 'Belum Terbayar', 'Belum Lunas', 25000, 43000, 'Prepare agama dan tematik tema 5 ( kayla belajarnya bagus hari ini hanya saja sulit sekali memahami cara penulisan huruf hijaiyah)'),
('PT200311-0009', 'PE014', 'KL047', 'Rabu', '2020-03-11 15:58:20', '2020-03-11 17:00:27', '-8.1780767', '113.6952497', '-8.1780627', '113.6952502', 'Selesai', 'Valid', 'Belum Terbayar', 'Belum Lunas', 24000, 35000, 'persiapan PTS bahasa inggris (UH unit 6-7, catatan PR PS)'),
('PT200311-0010', 'PE012', 'KL029', 'Rabu', '2020-03-11 16:05:50', '2020-03-11 17:55:40', '-8.1370431', '113.7017167', '-8.1370431', '113.7017167', 'Selesai', 'Valid', 'Belum Terbayar', 'Belum Lunas', 25000, 40000, 'telah belajar mempersiapkan uts mtk bab garis dan bangun datar'),
('PT200311-0011', 'PE021', 'KL061', 'Rabu', '2020-03-11 16:18:57', '2020-03-11 16:20:11', '-8.18395571', '113.67996457', '-8.18395571', '113.67996457', 'Selesai', 'Valid', 'Belum Terbayar', 'Belum Lunas', 23000, 35000, 'prepare uh'),
('PT200311-0012', 'PE025', 'KL053', 'Rabu', '2020-03-11 16:21:44', '2020-03-11 18:59:24', '-8.21862869', '113.65623939', '-8.17859313', '113.67075458', 'Selesai', 'Valid', 'Belum Terbayar', 'Belum Lunas', 37000, 50000, 'ips uas'),
('PT200311-0013', 'PE021', 'KL055', 'Rabu', '2020-03-11 16:22:36', '2020-03-11 17:38:57', '-8.18368894', '113.67961282', '-8.18399167', '113.68007198', 'Selesai', 'Valid', 'Belum Terbayar', 'Belum Lunas', 27000, 45000, 'belajar ulangan bing bsok'),
('PT200311-0014', 'PE020', 'KL042', 'Rabu', '2020-03-11 16:29:05', '2020-03-11 16:30:13', '-8.19037054', '113.66470009', '-8.19037054', '113.66470009', 'Selesai', 'Valid', 'Belum Terbayar', 'Belum Lunas', 24000, 40000, 'Mengerjakan latihan soal persiapan PTS\nJam 13.00'),
('PT200311-0015', 'PE020', 'KL041', 'Rabu', '2020-03-11 16:30:26', '2020-03-12 12:43:43', '-8.19048595', '113.66479167', '-8.16731715', '113.71861914', 'Selesai', 'Valid', 'Belum Terbayar', 'Belum Lunas', 37000, 55000, 'Keno mengerjakan rangkuman tentang olah raga gerakan otot'),
('PT200311-0016', 'PE001', 'KL001', 'Rabu', '2020-03-11 16:54:05', '2020-03-11 18:44:44', '-8.195583333333333', '113.664825', '-8.195455', '113.66351166666666', 'Selesai', 'Valid', 'Belum Terbayar', 'Belum Lunas', 27000, 45000, 'kevin belajar PJOK dengan baik... namun harus diulangi lagi... biar leboh baik besok... semangt untuk besok... semoga lancar ko'),
('PT200311-0017', 'PE021', 'KL060', 'Rabu', '2020-03-11 18:22:24', '2020-03-11 19:35:16', '-8.18255216', '113.67925095', '-8.18282875', '113.67897618', 'Selesai', 'Valid', 'Belum Terbayar', 'Belum Lunas', 24000, 35000, 'bljr bing'),
('PT200311-0018', 'PE001', 'KL002', 'Rabu', '2020-03-11 18:44:57', '2020-03-11 20:12:38', '-8.195455', '113.66351166666666', '-8.195455', '113.66351166666666', 'Selesai', 'Valid', 'Belum Terbayar', 'Belum Lunas', 23000, 40000, 'michelle blajarbdengan baik... tematiknya belajar dengan baik.... \nsemoga besok lancar yaa Cee... '),
('PT200311-0019', 'PE023', 'KL017', 'Rabu', '2020-03-11 19:45:49', '2020-03-11 19:46:11', '-8.19063184', '113.66902147', '-8.19063184', '113.66902147', 'Selesai', 'Valid', 'Belum Terbayar', 'Belum Lunas', 40000, 50000, 'Belajar untuk pts ips dan pjok'),
('PT200311-0020', 'PE023', 'KL052', 'Rabu', '2020-03-11 19:46:21', '2020-03-11 19:48:01', '-8.19063186', '113.66902148', '-8.19063186', '113.66902148', 'Selesai', 'Valid', 'Belum Terbayar', 'Belum Lunas', 27000, 45000, 'Belajar pts bahasa ingrris dan mengerjakan bahasa jawa'),
('PT200311-0021', 'PE023', 'KL044', 'Rabu', '2020-03-11 19:48:40', '2020-03-11 21:21:19', '-8.19063172', '113.66902148', '-8.19063169', '113.66902147', 'Selesai', 'Valid', 'Belum Terbayar', 'Belum Lunas', 35000, 57000, 'Jason belajar untuk pts ips dan pjok'),
('PT200311-0022', 'PE005', 'KL008', 'Rabu', '2020-03-11 19:50:43', '2020-03-11 19:51:30', '-8.17305466', '113.71971454', '-8.17309581', '113.71951712', 'Selesai', 'Valid', 'Belum Terbayar', 'Belum Lunas', 23000, 35000, 'pelajari huruf k, l, m, n dan menghitung 1 - 20'),
('PT200311-0023', 'PE002', 'KL006', 'Rabu', '2020-03-11 20:14:29', '2020-03-11 20:33:36', '-8.1639496', '113.7050752', '-8.1639496', '113.7050752', 'Selesai', 'Valid', 'Belum Terbayar', 'Belum Lunas', 43000, 65000, '19.15 - 20.34\n'),
('PT200311-0024', 'PE013', 'KL032', 'Rabu', '2020-03-11 20:43:01', '2020-03-11 20:43:33', '-8.169271680526435', '113.69069058448076', '-8.169271680526435', '113.69069058448076', 'Selesai', 'Valid', 'Belum Terbayar', 'Belum Lunas', 30000, 50000, 'Review Agama dan B.indonesia ( good ) '),
('PT200312-0001', 'PE020', 'KL041', 'Kamis', '2020-03-12 12:44:00', '2020-03-13 13:14:10', '-8.19046192', '113.66473016', '-8.1904748', '113.66466811', 'Selesai', 'Valid', 'Belum Terbayar', 'Belum Lunas', 37000, 55000, 'Merangkum soal soal persiapan PTS IPA'),
('PT200312-0002', 'PE023', 'KL017', 'Kamis', '2020-03-12 15:20:26', '2020-03-12 17:55:35', '-8.1692862', '113.70472822', '-8.1692862', '113.70472822', 'Selesai', 'Valid', 'Belum Terbayar', 'Belum Lunas', 40000, 50000, 'Belajar untuk pts ipa'),
('PT200312-0003', 'PE013', 'KL030', 'Kamis', '2020-03-12 15:57:06', '2020-03-13 15:24:11', '-8.169411532580853', '113.69074255228043', '-8.169293054379523', '113.69081958197057', 'Selesai', 'Valid', 'Belum Terbayar', 'Belum Lunas', 25000, 43000, 'kayla belajar english good bnget '),
('PT200312-0004', 'PE005', 'KL010', 'Kamis', '2020-03-12 15:58:18', '2020-03-12 15:59:54', '-8.17310775', '113.71954982', '-8.17311134', '113.71955604', 'Selesai', 'Valid', 'Belum Terbayar', 'Belum Lunas', 25000, 35000, 'membaca, dan menghitung, sudah lancar'),
('PT200312-0005', 'PE014', 'KL047', 'Kamis', '2020-03-12 16:06:37', '2020-03-12 17:00:17', '-8.1780622', '113.6952501', '-8.1780762', '113.69525', 'Selesai', 'Valid', 'Belum Terbayar', 'Belum Lunas', 24000, 35000, 'persiapan PTS matematika belajar Tema 5 dan Tema 6'),
('PT200312-0006', 'PE001', 'KL001', 'Kamis', '2020-03-12 16:26:37', '2020-03-12 19:14:06', '-8.195756666666666', '113.66504666666667', '-8.195883333333335', '113.66448', 'Selesai', 'Valid', 'Belum Terbayar', 'Belum Lunas', 27000, 45000, 'hari ini kevin blajar PAK dengan baik.... kevin belajar dengan tenang... semoga besok bisa lancar PTS nyaa... '),
('PT200312-0007', 'PE012', 'KL029', 'Kamis', '2020-03-12 16:27:53', '2020-03-12 17:50:47', '-8.17853576', '113.67075113', '-8.17853576', '113.67075113', 'Selesai', 'Valid', 'Belum Terbayar', 'Belum Lunas', 25000, 40000, 'belajar persiapan uts pkn dan bahasa indonesia'),
('PT200312-0008', 'PE006', 'KL014', 'Kamis', '2020-03-12 16:57:05', '2020-03-12 17:47:54', '-8.16375668', '113.7249888', '-8.17794006', '113.71259898', 'Selesai', 'Valid', 'Belum Terbayar', 'Belum Lunas', 27000, 45000, 'lydia belajar bahasa Indonesia tema 6 dan 7. lydia susah sekali untuk mau membaca dahulu. ????'),
('PT200312-0009', 'PE021', 'KL060', 'Kamis', '2020-03-12 17:30:31', '2020-03-12 17:30:43', '-8.16575152', '113.72156746', '-8.16575152', '113.72156746', 'Selesai', 'Valid', 'Belum Terbayar', 'Belum Lunas', 24000, 35000, 'bljr mtk'),
('PT200312-0010', 'PE006', 'KL014', 'Kamis', '2020-03-12 17:48:08', '2020-03-12 18:27:48', '-8.17801026', '113.71267472', '-8.17799862', '113.71262916', 'Selesai', 'Valid', 'Belum Terbayar', 'Belum Lunas', 27000, 45000, 'lydia belajar pkn tema 7 untuk uts ... ludia belajar dengan baik'),
('PT200312-0011', 'PE025', 'KL053', 'Kamis', '2020-03-12 17:50:02', '2020-03-12 18:03:46', '-8.29313599', '113.62066792', '-8.1782745', '113.67062412', 'Selesai', 'Valid', 'Belum Terbayar', 'Belum Lunas', 37000, 50000, 'ipa (fisika dan biologi)'),
('PT200312-0012', 'PE023', 'KL044', 'Kamis', '2020-03-12 17:55:48', '2020-03-12 19:16:07', '-8.1692862', '113.70472822', '-8.19050714', '113.66909465', 'Selesai', 'Valid', 'Belum Terbayar', 'Belum Lunas', 35000, 57000, 'Jasson belajar untuk pts ipa'),
('PT200312-0013', 'PE006', 'KL011', 'Kamis', '2020-03-12 18:27:59', '2020-03-12 19:20:51', '-8.17782876', '113.71272678', '-8.17790013', '113.71271663', 'Selesai', 'Valid', 'Belum Terbayar', 'Belum Lunas', 24000, 43000, 'kevin belajar bahasa inggris untuk uts besok. mengenali hewan dan mengartikan bacaan. kevin sangat baik dalam memahami kata-kat bahasa Inggris'),
('PT200312-0014', 'PE001', 'KL002', 'Kamis', '2020-03-12 19:29:11', '2020-03-12 21:09:41', '-8.195883333333335', '113.66448', '-8.195883333333335', '113.66448', 'Selesai', 'Valid', 'Belum Terbayar', 'Belum Lunas', 23000, 40000, 'michelle hari ini belajar english dengan baik... semoga besok lancar...??'),
('PT200312-0015', 'PE005', 'KL008', 'Kamis', '2020-03-12 20:11:10', '2020-03-12 20:11:38', '-8.17304066', '113.71970538', '-8.17304066', '113.71970538', 'Selesai', 'Valid', 'Belum Terbayar', 'Belum Lunas', 23000, 35000, 'mengaji huruf a, ba, tsa, ja dan doa\"'),
('PT200313-0001', 'PE017', 'KL043', 'Jum\'at', '2020-03-13 13:12:31', '2020-03-13 14:39:05', '-8.170061666666667', '113.697925', '-8.170061666666667', '113.697925', 'Selesai', 'Valid', 'Belum Terbayar', 'Belum Lunas', 24000, 35000, 'Vania hari ini belajar huruf g, n, q, dan f.\nBisa menulis angka sampai 15, selanjutnya masih agak bingung utk menulis belasan, satu dulu atau 6 nya dulu. '),
('PT200313-0002', 'PE020', 'KL041', 'Jum\'at', '2020-03-13 13:14:24', '2020-03-13 13:15:11', '-8.18962796', '113.68668162', '-8.18962796', '113.68668162', 'Selesai', 'Valid', 'Belum Terbayar', 'Belum Lunas', 37000, 55000, 'Keno mengerjakan rangkuman Pkn dan membaca PPT B. Inggris persiapan ujian sabtu'),
('PT200313-0003', 'PE023', 'KL045', 'Jum\'at', '2020-03-13 14:59:27', '2020-03-13 14:59:57', '-8.1906805', '113.66901502', '-8.1906805', '113.66901502', 'Selesai', 'Valid', 'Belum Terbayar', 'Belum Lunas', 37000, 57000, 'Grace belajar untuk PAT PKN'),
('PT200313-0004', 'PE023', 'KL017', 'Jum\'at', '2020-03-13 15:05:59', '2020-03-13 16:56:58', '-8.1906805', '113.66901502', '-8.1906805', '113.66901502', 'Selesai', 'Valid', 'Belum Terbayar', 'Belum Lunas', 40000, 50000, 'Belajar Bhs. Inggris dan PPKn'),
('PT200313-0005', 'PE025', 'KL053', 'Jum\'at', '2020-03-13 15:25:44', '2020-03-13 20:33:26', '-8.21096974', '113.69284954', '-8.292941771567378', '113.62072556672477', 'Selesai', 'Valid', 'Belum Terbayar', 'Belum Lunas', 37000, 50000, 'pkn dan bahasa inggris.'),
('PT200313-0006', 'PE021', 'KL055', 'Jum\'at', '2020-03-13 15:59:36', '2020-03-13 17:25:31', '-8.18401216', '113.67994551', '-8.18386932', '113.67994806', 'Selesai', 'Valid', 'Belum Terbayar', 'Belum Lunas', 27000, 45000, 'bljr tematik 6'),
('PT200313-0007', 'PE006', 'KL013', 'Jum\'at', '2020-03-13 16:02:14', '2020-03-13 17:02:10', '-8.1747061', '113.71854366', '-8.17794124', '113.71259125', 'Selesai', 'Valid', 'Belum Terbayar', 'Belum Lunas', 24000, 43000, 'kevin belajar tematik tema 6 dan 7 dengan baik hari ini.. '),
('PT200313-0008', 'PE014', 'KL047', 'Jum\'at', '2020-03-13 16:06:43', '2020-03-13 17:04:12', '-8.17807674407959', '113.69525134563446', '-8.1780606508255', '113.69525134563446', 'Selesai', 'Valid', 'Belum Terbayar', 'Belum Lunas', 24000, 35000, 'belajar persiapan untuk PTS tema 6 (memberi soal + baca buku paket tema 6)'),
('PT200313-0009', 'PE002', 'KL006', 'Jum\'at', '2020-03-13 16:35:48', '2020-03-13 17:24:52', '-8.16394919', '113.70490041', '-8.16394919', '113.70490041', 'Selesai', 'Valid', 'Belum Terbayar', 'Belum Lunas', 43000, 65000, '16.10 - 17.25'),
('PT200313-0010', 'PE023', 'KL044', 'Jum\'at', '2020-03-13 17:34:50', '2020-03-16 14:21:57', '-8.19078725', '113.66906952', '-8.1693355', '113.7047133', 'Selesai', 'Valid', 'Belum Terbayar', 'Belum Lunas', 35000, 57000, 'Belajar untuk pts pkn dan b.ing'),
('PT200313-0011', 'PE013', 'KL032', 'Jum\'at', '2020-03-13 18:13:56', '2020-03-13 18:14:45', '-8.169535626657307', '113.69067071937025', '-8.169535626657307', '113.69067071937025', 'Selesai', 'Valid', 'Belum Terbayar', 'Belum Lunas', 30000, 50000, 'Prepare PPKN PTS ( good) '),
('PT200313-0012', 'PE013', 'KL030', 'Jum\'at', '2020-03-13 18:14:59', '2020-03-13 18:15:56', '-8.169250139035285', '113.69082804769278', '-8.169250139035285', '113.69082804769278', 'Selesai', 'Valid', 'Belum Terbayar', 'Belum Lunas', 25000, 43000, 'prepare PTS tematik tema 6 ( kurang menguasai materi, semngat kayla ) '),
('PT200313-0013', 'PE009', 'KL025', 'Jum\'at', '2020-03-13 19:12:06', '2020-03-13 19:12:48', '-8.176443503965729', '113.67027091927993', '-8.176794648170471', '113.66976499557495', 'Selesai', 'Valid', 'Belum Terbayar', 'Belum Lunas', 27000, 45000, 'tes persiapan UH . Ivan tidak menyelesaikan pekerjaan'),
('PT200313-0014', 'PE020', 'KL005', 'Jum\'at', '2020-03-13 19:31:05', '2020-03-13 19:31:45', '-8.1672183', '113.71840105', '-8.1672644', '113.71855999', 'Selesai', 'Valid', 'Belum Terbayar', 'Belum Lunas', 30000, 65000, 'Alice dan Cristo mengerjakan soal soal B\nDaerah persiapan UTS\nJam 15.00-16.00'),
('PT200313-0015', 'PE009', 'KL025', 'Jum\'at', '2020-03-13 20:07:26', '2020-03-13 20:07:41', '-8.1763586', '113.6708591', '-8.17637954', '113.67077794', 'Selesai', 'Valid', 'Belum Terbayar', 'Belum Lunas', 27000, 45000, 'Prepare UH'),
('PT200313-0016', 'PE009', 'KL021', 'Jum\'at', '2020-03-13 20:32:48', '2020-03-13 21:36:26', '-8.189884618608469', '113.68690811964017', '-8.20754885673523', '113.68255376815796', 'Selesai', 'Valid', 'Belum Terbayar', 'Belum Lunas', 30000, 0, 'Prepare anak SMA ujian BAHASA INGGRIS .'),
('PT200315-0001', 'PE020', 'KL041', 'Minggu', '2020-03-15 13:33:08', '2020-03-15 17:54:24', '-8.16730120751653', '113.71856537660693', '-8.16715754', '113.71845019', 'Selesai', 'Valid', 'Belum Terbayar', 'Belum Lunas', 37000, 55000, 'Keno mengerjakan tugas poster\nTentang olah raga Roll'),
('PT200316-0001', 'PE023', 'KL052', 'Senin', '2020-03-16 14:22:23', '2020-03-16 15:46:26', '-8.1693355', '113.7047133', '-8.1693355', '113.7047133', 'Selesai', 'Valid', 'Belum Terbayar', 'Belum Lunas', 27000, 45000, 'Salwa belajar tema 7 subtema 2'),
('PT200317-0001', 'PE005', 'KL009', 'Selasa', '2020-03-17 10:44:34', '2020-03-17 10:45:27', '-8.17182593338031', '113.73461078571401', '-8.17306364', '113.71952531', 'Selesai', 'Valid', 'Belum Terbayar', 'Belum Lunas', 23000, 35000, 'mempelajari hurum, k, l, m, n, o, p dan menghitung penjumlahan 1 - 10'),
('PT200317-0002', 'PE023', 'KL052', 'Selasa', '2020-03-17 12:56:55', '2020-03-17 12:57:23', '-8.19097931', '113.6638165', '-8.19097931', '113.6638165', 'Selesai', 'Valid', 'Belum Terbayar', 'Belum Lunas', 27000, 45000, 'Mengerjakan tugas tematik, tik, arab'),
('PT200317-0003', 'PE023', 'KL032', 'Selasa', '2020-03-17 13:00:27', '2020-03-17 13:01:21', '-8.19090554', '113.66409025', '-8.19090554', '113.66409025', 'Selesai', 'Valid', 'Belum Terbayar', 'Belum Lunas', 30000, 50000, 'Mengerjakan tugas ips, Chinese language, dan science'),
('PT200317-0004', 'PE023', 'KL040', 'Selasa', '2020-03-17 14:08:43', '2020-03-17 17:50:51', '-8.19094611', '113.66394518', '-8.19093726', '113.66382801', 'Selesai', 'Valid', 'Belum Terbayar', 'Belum Lunas', 30000, 50000, 'Belajar IPS, Chinese dan PE'),
('PT200317-0005', 'PE023', 'KL052', 'Selasa', '2020-03-17 17:58:45', '2020-03-17 19:28:06', '-8.19093726', '113.66382801', '-8.19093726', '113.66382801', 'Selesai', 'Valid', 'Belum Terbayar', 'Belum Lunas', 27000, 45000, 'Mengerjakan tematik Buku Diknas halaman 104'),
('PT200318-0001', 'PE023', 'KL040', 'Rabu', '2020-03-18 09:11:56', '2020-03-18 10:56:52', '-8.1679237', '113.70183849', '-8.19070593', '113.66366818', 'Selesai', 'Valid', 'Belum Terbayar', 'Belum Lunas', 30000, 50000, 'Mengerjakan Tugas '),
('PT200318-0002', 'PE006', 'KL015', 'Rabu', '2020-03-18 10:55:04', '2020-03-18 11:56:59', '-8.17783309', '113.70975984', '-8.17799092', '113.71265549', 'Selesai', 'Valid', 'Belum Terbayar', 'Belum Lunas', 27000, 45000, 'lidya mengerjakan tugas untuk kegiatan rumah. tugas bahasa Indonesia tema 8. lydia dapat memahami dan menjawabnya dengan baik.'),
('PT200318-0003', 'PE023', 'KL032', 'Rabu', '2020-03-18 11:13:30', '2020-03-18 14:26:53', '-8.17808122', '113.66963982', '-8.19085531', '113.68711065', 'Selesai', 'Valid', 'Belum Terbayar', 'Belum Lunas', 30000, 50000, 'Mengerjakan tugas B.indo dan tugas art and craft. sertq latihan soal Math'),
('PT200318-0004', 'PE006', 'KL015', 'Rabu', '2020-03-18 11:57:58', '2020-03-18 13:06:11', '-8.17795483', '113.71269709', '-8.17797934', '113.71263667', 'Selesai', 'Valid', 'Belum Terbayar', 'Belum Lunas', 27000, 45000, 'lydia mengerjakan tugas Bahasa Inggris dengan baik'),
('PT200318-0005', 'PE001', 'KL001', 'Rabu', '2020-03-18 12:42:19', '2020-03-18 14:15:40', '-8.174268333333334', '113.70276666666665', '-8.195654999999999', '113.66487333333335', 'Selesai', 'Valid', 'Belum Terbayar', 'Belum Lunas', 27000, 45000, 'kevin blajar matematika dengan baik... semoga bisa trus baik.. good Job Ko.. dan selalu sehat...'),
('PT200318-0006', 'PE006', 'KL012', 'Rabu', '2020-03-18 13:06:33', '2020-03-19 09:47:33', '-8.17804826', '113.71256135', '-8.16376887', '113.72496463', 'Selesai', 'Valid', 'Belum Terbayar', 'Belum Lunas', 24000, 43000, 'kevin membuat poster tentang my healthy habits .. dan membuat video tentang poster tersebut. kevin dapat menyampaikan pesan dari poster dengan baik'),
('PT200318-0007', 'PE023', 'KL052', 'Rabu', '2020-03-18 14:27:14', '2020-03-18 16:24:26', '-8.19085531', '113.68711065', '-8.19085531', '113.68711065', 'Selesai', 'Valid', 'Belum Terbayar', 'Belum Lunas', 27000, 45000, 'Mengerjakan Basa Jawa dan Tematik'),
('PT200318-0008', 'PE001', 'KL030', 'Rabu', '2020-03-18 15:49:08', '2020-03-18 17:12:12', '-8.183063333333333', '113.70802333333334', '-8.182718333333334', '113.70825666666666', 'Selesai', 'Valid', 'Belum Terbayar', 'Belum Lunas', 25000, 43000, 'kayla... good Job nak... hari ini belajar dengan baik... semoga bsok akan lebih baik lagi yaa... semangat kay...'),
('PT200318-0009', 'PE017', 'KL043', 'Rabu', '2020-03-18 18:16:21', '2020-03-18 19:05:49', '-8.170651666666666', '113.71456333333332', '-8.170651666666666', '113.71456333333332', 'Selesai', 'Valid', 'Belum Terbayar', 'Belum Lunas', 24000, 35000, '(Maaf baru bisa absen jam segini????????) Vania belajar baca 2 suku kata tapi tetep belum terlalu bisa.. huruf-hurufnya sudah mulai hafal semua, tapi masih bingung ketika ada 2 huruf gimana bacanya.. nulis angka belasan masih bingung, kyak kalo 12, bingung angka 1 dulu atau 2 dulu..'),
('PT200318-0010', 'PE005', 'KL008', 'Rabu', '2020-03-18 19:36:47', '2020-03-18 19:38:01', '-8.169271', '113.71305694', '-8.1731817', '113.71956877', 'Selesai', 'Valid', 'Belum Terbayar', 'Belum Lunas', 23000, 35000, 'belajar memahami huruf, a - q dan menghitung penjumlahan 1 - 10'),
('PT200319-0001', 'PE023', 'KL040', 'Kamis', '2020-03-19 08:36:09', '2020-03-19 17:02:39', '-8.19095862', '113.66385518', '-8.18991674', '113.68841075', 'Selesai', 'Valid', 'Belum Terbayar', 'Belum Lunas', 30000, 50000, 'Mengerjakan tugas Art and Craft'),
('PT200319-0002', 'PE006', 'KL011', 'Kamis', '2020-03-19 10:05:37', '2020-03-19 11:15:33', '-8.17797813', '113.71260325', '-8.17805984', '113.71264877', 'Selesai', 'Valid', 'Belum Terbayar', 'Belum Lunas', 24000, 43000, 'kevin mengerjakan tugas bahasa Inggris dan matematika dengan baik. '),
('PT200319-0003', 'PE006', 'KL014', 'Kamis', '2020-03-19 11:15:45', '2020-03-20 10:10:53', '-8.17797688', '113.71263513', '-8.17793949', '113.71263748', 'Selesai', 'Valid', 'Belum Terbayar', 'Belum Lunas', 27000, 45000, 'lydia menyelesaikan tugas membuat video how to wash your hands properly dengan baik'),
('PT200319-0004', 'PE001', 'KL001', 'Kamis', '2020-03-19 13:03:59', '2020-03-19 14:47:53', '-8.205896666666666', '113.68415333333333', '-8.205896666666666', '113.68415333333333', 'Selesai', 'Valid', 'Belum Terbayar', 'Belum Lunas', 27000, 45000, 'kevin hari ini belajar dengan baik.... besok harus bisa blajar dengan baik yaaa... semanagt Ko...'),
('PT200319-0005', 'PE001', 'KL030', 'Kamis', '2020-03-19 14:48:11', '2020-03-19 16:04:48', '-8.182513333333333', '113.70826666666666', '-8.18293', '113.70827666666668', 'Selesai', 'Valid', 'Belum Terbayar', 'Belum Lunas', 25000, 43000, 'kayla hari ini belajar matematika dan Bhasa inggris dengan baik.... konsentrasinyaa lebih baik lagi... semangaat Kay..'),
('PT200319-0006', 'PE023', 'KL052', 'Kamis', '2020-03-19 17:03:28', '2020-03-19 17:05:37', '-8.17823521', '113.66946034', '-8.17810992', '113.66959872', 'Selesai', 'Valid', 'Belum Terbayar', 'Belum Lunas', 27000, 45000, 'Mengerjakan tematik hal 109-110'),
('PT200319-0007', 'PE023', 'KL032', 'Kamis', '2020-03-19 17:06:07', '2020-03-19 21:32:53', '-8.17811296', '113.6695961', '-8.17801988', '113.66960961', 'Selesai', 'Valid', 'Belum Terbayar', 'Belum Lunas', 30000, 50000, 'Mengerjakan tugas B.ing dan ICT'),
('PT200319-0008', 'PE023', 'KL040', 'Kamis', '2020-03-19 21:33:20', '2020-03-19 21:33:50', '-8.16933262', '113.70482384', '-8.16933262', '113.70482384', 'Selesai', 'Valid', 'Belum Terbayar', 'Belum Lunas', 30000, 50000, 'Mengerjakan tugas b.inggris dan ICT'),
('PT200320-0001', 'PE002', 'KL006', 'Jum\'at', '2020-03-20 08:02:36', '2020-03-20 08:04:00', '-8.15665981', '113.72106642', '-8.15665981', '113.72106642', 'Selesai', 'Valid', 'Belum Terbayar', 'Belum Lunas', 43000, 65000, 'kamis 19 Maret 2019\njam 18.20 - 19.45\nKimia Buffer\n\nngga bisa absen dirumah janiece'),
('PT200320-0002', 'PE006', 'KL013', 'Jum\'at', '2020-03-20 10:11:05', '2020-03-20 10:11:05', '-8.17793991', '113.71263767', 'null', 'null', 'Belum Selesai', 'Invalid', 'Belum Terbayar', 'Belum Lunas', 24000, 43000, 'kosong');

-- --------------------------------------------------------

--
-- Struktur dari tabel `wali_murid`
--

CREATE TABLE `wali_murid` (
  `id_wali_murid` char(5) NOT NULL,
  `nama` varchar(50) NOT NULL,
  `username` varchar(50) NOT NULL,
  `password` char(60) NOT NULL,
  `alamat` text NOT NULL,
  `no_hp` varchar(20) NOT NULL
) ENGINE=InnoDB DEFAULT CHARSET=latin1;

--
-- Dumping data untuk tabel `wali_murid`
--

INSERT INTO `wali_murid` (`id_wali_murid`, `nama`, `username`, `password`, `alamat`, `no_hp`) VALUES
('WM001', 'Ibu Lia', 'carlosbs', '$2y$10$D3wLXcD1iVCPhtUBz/LQDuenheCk5rNhlSYxuZGyN5I2bHnyKj5BO', 'Kaliwates Jember', '08113572881'),
('WM002', 'Mama Kevin dan Lydya', 'kevinrhbs', '$2y$10$gaIu8PxMvn8VJ521hLhMWeRjDQbClydq2W0qdXrS0nowGdD9fBCxu', 'Perumahan gunung batu blok f no.25', '081332159775'),
('WM004', 'Mama Kevin SDK', 'kevinsdkbs', '$2y$10$iRivNWs9a14y5Xd1NuOL8e1kDVkQhWQP4Fte6x4NqxI4DHi.xec3e', 'Kaliwates - Jember', '081234566157'),
('WM005', 'Mama Michelle', 'michellebs', '$2y$10$Sw8Kx3Txd0xqyoBAg0vy7.F9N19yQup3IiM5mND0MXhMz9M2gJaAy', 'Jl. Diponegoro - Jember', '081217385526'),
('WM006', 'Mama Heaven', 'heavenbs', '$2y$10$riFhU7EE4QDCsGXDCajnbezKseGTvENeRd8EuFhKGX0Htizl0zguS', 'Argopuro - Jember', '0811355036'),
('WM008', 'Mama Electra Dan Jenice', 'electrabs', '$2y$10$9wXyK/Ju/GWWPPsBrpa9eOgjKPRAgddKoHtuaJQ24q6M65eyzN3eG', 'Electra\nJln.Wijaya Kusuma no.66 Jember', '0811358851'),
('WM010', 'Mama Kayla', 'kaylabs', '$2y$10$Ne3y3.IDaEjbkRy8k74RHuW0fJ82R5YpyZUz2Bbe.E60oMGq3wDxy', 'Perum Bukit Permai Pajajaran Cluster No. 1 Jember', '082139377979'),
('WM011', 'Mama Fael dan Tirza', 'faelbs', '$2y$10$WRVmZ855sDYtiiHbBLMHVOrBu3Rl4roEJoJ4LU9WbiiBm.W6q/DGy', 'perumahan taman gading ww 9', '081252786950'),
('WM013', 'Mama Indah', 'gracebs', '$2y$10$35aPz8Pu6jLpmmsPt3U5quWIRlWEfjYZ5Rk0fEYHdqVZSV8gWt.p6', 'Perum san cefila b36 Jember', '082231264104'),
('WM014', 'Mama Rangga', 'ranggabs', '$2y$10$J4dYDUJVvI4GpCm9zKZtyOb4vzHY1qH0BLAfY6mDmzVkkFhYZyhFu', 'Perum Bernadyland cluster magnolia bloe E1 Jl. Cendrawasih Slawu Kec Patrang', '082332424949'),
('WM015', 'Mama Tata', 'tatabs', '$2y$10$TbHjL1L3D04GJDLnTg6xq.ii1Ysgwpf4C/y97LhSGbYGonMTxIQvu', 'Gebang Jember', '082139306666'),
('WM016', 'Mama Gwen', 'gwenbs', '$2y$10$Aim6V1j33tUixKzoO8l50eFz4ze6GTxNzpbkaYnCYkTg0AHfWKW1C', 'Jl. Dr. Soetomo No. 32 Jember', '081217167483'),
('WM017', 'Mama Matthew', 'matthewbs', '$2y$10$EZo7UPOo1w//XgYzpd958OWcQ5jt1Iw6pla7pZ66CWqkMWnI8vMUC', 'Jl letjen suprapto no 25. Jember', '082233573031'),
('WM018', 'Mama Irish', 'irishbs', '$2y$10$05gYGrpjvVx8Yl6royLEuuiAJnRl6sr4sLI7daHsdmoYlxPDDq0I6', 'Jember', '081232304439'),
('WM019', 'Mama Evan Ivan', 'twinbs', '$2y$10$JB9E9.Yhc9oAHZu4Zzxafej./HC.K7J3cnphllUdCIDtEyzKAqE3O', 'Perum argopuro wa 3 no 7', '082132082710'),
('WM020', 'Mama Zea', 'zeabs', '$2y$10$tp9oJ8YYodsPRuzHZ.fjIe91bvPvEvzEOpSpIAhfRQpNxBSJ./6Dq', 'Jl argopuro dusun satrean no 8 M rt 001 rw 008 kel. Rambigundam kec. Rambipuji', '081220161221'),
('WM021', 'Mama Alice Christo', 'alicebs', '$2y$10$xKPaF/J/k5N2Y7pQtWqcX.jiH114deil0CHJ6iLdsW.J.uTmIxVqG', 'Jember', '081336322266'),
('WM022', 'Mama Michael PH', 'michaelphbs', '$2y$10$ehdxdCdG.IdXxXpFl84JWON6Uh6gkVCcc0N2iu9Y27Ydf0V3QlUIC', 'Jember', '081230469356'),
('WM023', 'Mama Michael SBH', 'michaelsbh', '$2y$10$nJ4x9pRwhQNoVoBzjGnac.VtVqvoiE5Th8oHmtr9Eho.G.hUuaYRi', 'Jember', '081232323230'),
('WM024', 'Mama Gladys', 'gladysbs', '$2y$10$KkDzImriVWrqIg6I5HB6BOp8I4ekIuulYjNMqKretPqUJXavG6ozq', 'Jln bondoyudo 6 Jember', '08113501688'),
('WM025', 'Mama Alin', 'alinbs', '$2y$10$4819s4WD10fouPVhW9ey7ulT4ePYKPYVusn.pL8tpGyveHcFU3g8.', 'Perum Bukit Permai Pajajaran Cluster No. 3 Jember', '082234700724'),
('WM026', 'Mama Vino', 'vinobs', '$2y$10$1VNI9eh8oIjV/niA44iLEuJumE.ADFhiYBPCijgS6rDaIxxp6L0Au', 'Jember', '081336844974'),
('WM027', 'Mama Adma', 'admabs', '$2y$10$L.xMVBPTmCYjVky4BwQZ8u6D85HSl1NkYS9UNq5/102jfVu7De15C', 'Puri bunga nirwana tebet i-13 Jember', '082236429204'),
('WM028', 'Mama Razan', 'razanbs', '$2y$10$Dcnhkp24sHFPLKzLxfpajuriTqRAjkzdPpkV8CalRPpp6tAr2gfoK', 'Jember', '0852496108829'),
('WM029', 'Mama Marco', 'marcobs', '$2y$10$6/qYPfTuO87SomsrBOrBAuUvQhMq19MUX9oWbkfSqm8snE926vOIq', 'Jember', '081230860633'),
('WM030', 'Mama Devin', 'devinbs', '$2y$10$AjCMnoWkvBzAxQ0rH7G7Duy/fRrhiPiUpsJhyAp7nyvx5csmio8Ze', 'Jalan Majapahit R 25 A', '082231417878'),
('WM031', 'Mama Jason', 'jasonbs', '$2y$10$DgxX2C84oY5OFElMjwMQUOpATyWClxXzB7eGm8Gcd28h3WIvFIyrm', 'Jl. Majapahit Di blok EE no 4 Jember', '081221101999'),
('WM032', 'Mama Jeslin', 'jesbs', '$2y$10$eI7.zpclWWVzAbrzyc2J2eNXLiJNhS47s7FAreorv0/wvPvx7CQY.', 'Jember', '08123534585'),
('WM033', 'alhabsi', 'alhabsibs', '$2y$10$QgDT0.8JqGi6iCZYHCqaCeHPJsDRG3my.PWaO6l3m2iRu0khcbphK', '.', '.'),
('WM034', 'Azzahra', 'azzahrabs', '$2y$10$keJRCpN81RfVPC7x8c.HtOgBg/48ekNs6f.dGxS.CANGbhHtm0Q7m', '.', '.'),
('WM035', 'Mama Vania', 'vaniabs', '$2y$10$rlAylToWGdkCzwFRfXPOkOAS4mVW88J91.T0jtDJy.M1.F2vJZLAS', 'Jember', '081331908081'),
('WM036', 'mama geo', 'geobs', '$2y$10$t0mP.9GYz7FTcTqLY1BD8.5tnCCX4eDP7ifq57ol73odqYZrW5HXe', 'Jl.basuki rahmat 4 no 90 mam', '081346591060'),
('WM037', 'Bu Diah (Aafiyah)', 'aafiyahbs', '$2y$10$RlAVSHpXO0UmruZzpRURbOdLDss1eSos3D4as2/sZXiXWc4lSHsg6', 'Perum Tegal Besar Permai  I Blok F4A', '082245241114'),
('WM038', 'Mama Stanley', 'stanleybs', '$2y$10$aUpDLbyzzX7ezwH4m1pkouI6VnhxCxcHWbkfR6F0hlztoGqwKYoUS', 'Bumi Kaliwates Jember', '082112479295'),
('WM039', 'mama rafael', 'rafaelbs', '$2y$10$vAEsFzlYjDnFkFZB3Y5Nxe.pmUOlXISHZkwVBALa.gjpvarkHfRxm', 'Alamat di Jl nusantara IV/C4D bumi kaliwates Jember', '082333356528');

-- --------------------------------------------------------

--
-- Struktur untuk view `list_detail_bayar_spp`
--
DROP TABLE IF EXISTS `list_detail_bayar_spp`;

CREATE ALGORITHM=UNDEFINED DEFINER=`bigstars`@`localhost` SQL SECURITY DEFINER VIEW `list_detail_bayar_spp`  AS  select `pr`.`id_pertemuan` AS `id_pertemuan`,`pn`.`id_pengajar` AS `id_pengajar`,`pn`.`nama` AS `nama_pengajar`,`pn`.`username` AS `username`,`pn`.`foto` AS `foto`,`pr`.`hari` AS `hari_btn`,`pr`.`waktu_mulai` AS `waktu_mulai`,`pr`.`waktu_berakhir` AS `waktu_berakhir`,`pr`.`lokasi_mulai_la` AS `lokasi_mulai_la`,`pr`.`lokasi_mulai_lo` AS `lokasi_mulai_lo`,`pr`.`lokasi_berakhir_la` AS `lokasi_berakhir_la`,`pr`.`lokasi_berakhir_lo` AS `lokasi_berakhir_lo`,`pr`.`status_pertemuan` AS `status_pertemuan`,`pr`.`status_konfirmasi` AS `status_konfirmasi`,`pr`.`status_fee` AS `status_fee`,`pr`.`status_spp` AS `status_spp`,`pr`.`deskripsi` AS `deskripsi`,`kp`.`id_kelas_p` AS `id_kelas_p`,`kp`.`hari` AS `hari_jadwal`,`kp`.`jam_mulai` AS `jam_mulai`,`kp`.`jam_berakhir` AS `jam_berakhir`,`pr`.`harga_fee` AS `harga_fee`,`kp`.`harga_spp` AS `harga_spp`,`mp`.`id_mata_pelajaran` AS `id_mata_pelajaran`,`mp`.`nama` AS `nama_mata_pelajaran`,`dbs`.`id_detail_bayar_spp` AS `id_detail_bayar_spp`,`dbs`.`id_bayar_spp` AS `id_bayar_spp` from ((((`pertemuan` `pr` join `pengajar` `pn` on(`pr`.`id_pengajar` = `pn`.`id_pengajar`)) join `kelas_pertemuan` `kp` on(`pr`.`id_kelas_p` = `kp`.`id_kelas_p`)) join `mata_pelajaran` `mp` on(`kp`.`id_mata_pelajaran` = `mp`.`id_mata_pelajaran`)) join `detail_bayar_spp` `dbs` on(`pr`.`id_pertemuan` = `dbs`.`id_pertemuan`)) order by `pr`.`id_pertemuan` desc ;

-- --------------------------------------------------------

--
-- Struktur untuk view `list_detail_penggajian`
--
DROP TABLE IF EXISTS `list_detail_penggajian`;

CREATE ALGORITHM=UNDEFINED DEFINER=`bigstars`@`localhost` SQL SECURITY DEFINER VIEW `list_detail_penggajian`  AS  select `pr`.`id_pertemuan` AS `id_pertemuan`,`pn`.`id_pengajar` AS `id_pengajar`,`pn`.`nama` AS `nama_pengajar`,`pn`.`username` AS `username`,`pn`.`foto` AS `foto`,`pr`.`hari` AS `hari_btn`,`pr`.`waktu_mulai` AS `waktu_mulai`,`pr`.`waktu_berakhir` AS `waktu_berakhir`,`pr`.`lokasi_mulai_la` AS `lokasi_mulai_la`,`pr`.`lokasi_mulai_lo` AS `lokasi_mulai_lo`,`pr`.`lokasi_berakhir_la` AS `lokasi_berakhir_la`,`pr`.`lokasi_berakhir_lo` AS `lokasi_berakhir_lo`,`pr`.`status_pertemuan` AS `status_pertemuan`,`pr`.`status_konfirmasi` AS `status_konfirmasi`,`pr`.`status_fee` AS `status_fee`,`pr`.`status_spp` AS `status_spp`,`pr`.`deskripsi` AS `deskripsi`,`kp`.`id_kelas_p` AS `id_kelas_p`,`kp`.`hari` AS `hari_jadwal`,`kp`.`jam_mulai` AS `jam_mulai`,`kp`.`jam_berakhir` AS `jam_berakhir`,`pr`.`harga_fee` AS `harga_fee`,`mp`.`id_mata_pelajaran` AS `id_mata_pelajaran`,`mp`.`nama` AS `nama_mata_pelajaran`,`dpg`.`id_penggajian` AS `id_penggajian`,`dpg`.`id_detail_penggajian` AS `id_detail_penggajian` from ((((`pertemuan` `pr` join `pengajar` `pn` on(`pr`.`id_pengajar` = `pn`.`id_pengajar`)) join `kelas_pertemuan` `kp` on(`pr`.`id_kelas_p` = `kp`.`id_kelas_p`)) join `mata_pelajaran` `mp` on(`kp`.`id_mata_pelajaran` = `mp`.`id_mata_pelajaran`)) join `detail_penggajian` `dpg` on(`pr`.`id_pertemuan` = `dpg`.`id_pertemuan`)) order by `pr`.`id_pertemuan` desc ;

-- --------------------------------------------------------

--
-- Struktur untuk view `list_kelas`
--
DROP TABLE IF EXISTS `list_kelas`;

CREATE ALGORITHM=UNDEFINED DEFINER=`bigstars`@`localhost` SQL SECURITY DEFINER VIEW `list_kelas`  AS  select `kp`.`id_kelas_p` AS `id_kelas_p`,`kp`.`hari` AS `hari`,`kp`.`jam_mulai` AS `jam_mulai`,`kp`.`jam_berakhir` AS `jam_berakhir`,`kp`.`harga_fee` AS `harga_fee`,`kp`.`harga_spp` AS `harga_spp`,`kp`.`id_sharing` AS `id_sharing`,`kp`.`nama_sharing` AS `nama_sharing`,`kp`.`status` AS `status`,`pe`.`id_pengajar` AS `id_pengajar`,`pe`.`nama` AS `nama_pengajar`,`mp`.`id_mata_pelajaran` AS `id_mata_pelajaran`,`mp`.`nama` AS `nama_pelajaran` from ((`kelas_pertemuan` `kp` join `mata_pelajaran` `mp` on(`kp`.`id_mata_pelajaran` = `mp`.`id_mata_pelajaran`)) join `pengajar` `pe` on(`kp`.`id_pengajar` = `pe`.`id_pengajar`)) order by `kp`.`id_kelas_p` limit 200 ;

-- --------------------------------------------------------

--
-- Struktur untuk view `list_murid`
--
DROP TABLE IF EXISTS `list_murid`;

CREATE ALGORITHM=UNDEFINED DEFINER=`bigstars`@`localhost` SQL SECURITY DEFINER VIEW `list_murid`  AS  select `m`.`id_murid` AS `id_murid`,`m`.`nama` AS `nama`,`wm`.`id_wali_murid` AS `id_wali_murid`,`wm`.`nama` AS `nama_wali_murid`,`wm`.`alamat` AS `alamat`,`m`.`foto` AS `foto` from (`murid` `m` join `wali_murid` `wm` on(`m`.`id_wali_murid` = `wm`.`id_wali_murid`)) order by `m`.`nama` limit 200 ;

-- --------------------------------------------------------

--
-- Struktur untuk view `list_murid_by_kelas`
--
DROP TABLE IF EXISTS `list_murid_by_kelas`;

CREATE ALGORITHM=UNDEFINED DEFINER=`bigstars`@`localhost` SQL SECURITY DEFINER VIEW `list_murid_by_kelas`  AS  select `m`.`id_murid` AS `id_murid`,`m`.`nama` AS `nama`,`wm`.`id_wali_murid` AS `id_wali_murid`,`wm`.`nama` AS `nama_wali_murid`,`wm`.`alamat` AS `alamat`,`m`.`foto` AS `foto`,`dkp`.`id_kelas_p` AS `id_kelas_p`,`dkp`.`id_detail_kelas_p` AS `id_detail_kelas_p` from ((`murid` `m` join `wali_murid` `wm` on(`m`.`id_wali_murid` = `wm`.`id_wali_murid`)) join `detail_kelas_pertemuan` `dkp` on(`m`.`id_murid` = `dkp`.`id_murid`)) order by `m`.`nama` ;

-- --------------------------------------------------------

--
-- Struktur untuk view `list_penggajian`
--
DROP TABLE IF EXISTS `list_penggajian`;

CREATE ALGORITHM=UNDEFINED DEFINER=`bigstars`@`localhost` SQL SECURITY DEFINER VIEW `list_penggajian`  AS  select `pg`.`id_penggajian` AS `id_penggajian`,`pg`.`waktu` AS `waktu`,`pg`.`total_pertemuan` AS `total_pertemuan`,`pg`.`total_harga_fee` AS `total_harga_fee`,`pe`.`id_pengajar` AS `id_pengajar`,`pe`.`nama` AS `nama_pengajar`,`ad`.`id_admin` AS `id_admin`,`ad`.`nama` AS `nama_admin` from ((`penggajian` `pg` join `pengajar` `pe` on(`pg`.`id_pengajar` = `pe`.`id_pengajar`)) join `admin` `ad` on(`pg`.`id_admin` = `ad`.`id_admin`)) order by `pg`.`id_penggajian` desc limit 200 ;

-- --------------------------------------------------------

--
-- Struktur untuk view `list_pertemuan`
--
DROP TABLE IF EXISTS `list_pertemuan`;

CREATE ALGORITHM=UNDEFINED DEFINER=`bigstars`@`localhost` SQL SECURITY DEFINER VIEW `list_pertemuan`  AS  select `pr`.`id_pertemuan` AS `id_pertemuan`,`pn`.`id_pengajar` AS `id_pengajar`,`pn`.`nama` AS `nama_pengajar`,`pn`.`username` AS `username`,`pn`.`foto` AS `foto`,`pr`.`hari` AS `hari_btn`,`pr`.`waktu_mulai` AS `waktu_mulai`,`pr`.`waktu_berakhir` AS `waktu_berakhir`,`pr`.`lokasi_mulai_la` AS `lokasi_mulai_la`,`pr`.`lokasi_mulai_lo` AS `lokasi_mulai_lo`,`pr`.`lokasi_berakhir_la` AS `lokasi_berakhir_la`,`pr`.`lokasi_berakhir_lo` AS `lokasi_berakhir_lo`,`pr`.`status_pertemuan` AS `status_pertemuan`,`pr`.`status_konfirmasi` AS `status_konfirmasi`,`pr`.`status_fee` AS `status_fee`,`pr`.`status_spp` AS `status_spp`,`pr`.`deskripsi` AS `deskripsi`,`kp`.`id_kelas_p` AS `id_kelas_p`,`kp`.`hari` AS `hari_jadwal`,`kp`.`jam_mulai` AS `jam_mulai`,`kp`.`jam_berakhir` AS `jam_berakhir`,`pr`.`harga_fee` AS `harga_fee`,`kp`.`harga_spp` AS `harga_spp`,`mp`.`id_mata_pelajaran` AS `id_mata_pelajaran`,`mp`.`nama` AS `nama_mata_pelajaran` from (((`pertemuan` `pr` join `pengajar` `pn` on(`pr`.`id_pengajar` = `pn`.`id_pengajar`)) join `kelas_pertemuan` `kp` on(`pr`.`id_kelas_p` = `kp`.`id_kelas_p`)) join `mata_pelajaran` `mp` on(`kp`.`id_mata_pelajaran` = `mp`.`id_mata_pelajaran`)) order by `pr`.`id_pertemuan` desc limit 200 ;

-- --------------------------------------------------------

--
-- Struktur untuk view `list_pertemuan_belum_selesai`
--
DROP TABLE IF EXISTS `list_pertemuan_belum_selesai`;

CREATE ALGORITHM=UNDEFINED DEFINER=`bigstars`@`localhost` SQL SECURITY DEFINER VIEW `list_pertemuan_belum_selesai`  AS  select `lp`.`id_pertemuan` AS `id_pertemuan`,`lp`.`id_pengajar` AS `id_pengajar`,`lp`.`nama_pengajar` AS `nama_pengajar`,`lp`.`username` AS `username`,`lp`.`foto` AS `foto`,`lp`.`hari_btn` AS `hari_btn`,`lp`.`waktu_mulai` AS `waktu_mulai`,`lp`.`waktu_berakhir` AS `waktu_berakhir`,`lp`.`lokasi_mulai_la` AS `lokasi_mulai_la`,`lp`.`lokasi_mulai_lo` AS `lokasi_mulai_lo`,`lp`.`lokasi_berakhir_la` AS `lokasi_berakhir_la`,`lp`.`lokasi_berakhir_lo` AS `lokasi_berakhir_lo`,`lp`.`status_pertemuan` AS `status_pertemuan`,`lp`.`status_konfirmasi` AS `status_konfirmasi`,`lp`.`status_fee` AS `status_fee`,`lp`.`status_spp` AS `status_spp`,`lp`.`deskripsi` AS `deskripsi`,`lp`.`id_kelas_p` AS `id_kelas_p`,`lp`.`hari_jadwal` AS `hari_jadwal`,`lp`.`jam_mulai` AS `jam_mulai`,`lp`.`jam_berakhir` AS `jam_berakhir`,`lp`.`harga_fee` AS `harga_fee`,`lp`.`harga_spp` AS `harga_spp`,`lp`.`id_mata_pelajaran` AS `id_mata_pelajaran`,`lp`.`nama_mata_pelajaran` AS `nama_mata_pelajaran` from `list_pertemuan` `lp` where `lp`.`status_pertemuan` = 'Belum Selesai' order by `lp`.`id_pertemuan` desc limit 200 ;

-- --------------------------------------------------------

--
-- Struktur untuk view `list_pertemuan_selesai`
--
DROP TABLE IF EXISTS `list_pertemuan_selesai`;

CREATE ALGORITHM=UNDEFINED DEFINER=`bigstars`@`localhost` SQL SECURITY DEFINER VIEW `list_pertemuan_selesai`  AS  select `lp`.`id_pertemuan` AS `id_pertemuan`,`lp`.`id_pengajar` AS `id_pengajar`,`lp`.`nama_pengajar` AS `nama_pengajar`,`lp`.`username` AS `username`,`lp`.`foto` AS `foto`,`lp`.`hari_btn` AS `hari_btn`,`lp`.`waktu_mulai` AS `waktu_mulai`,`lp`.`waktu_berakhir` AS `waktu_berakhir`,`lp`.`lokasi_mulai_la` AS `lokasi_mulai_la`,`lp`.`lokasi_mulai_lo` AS `lokasi_mulai_lo`,`lp`.`lokasi_berakhir_la` AS `lokasi_berakhir_la`,`lp`.`lokasi_berakhir_lo` AS `lokasi_berakhir_lo`,`lp`.`status_pertemuan` AS `status_pertemuan`,`lp`.`status_konfirmasi` AS `status_konfirmasi`,`lp`.`status_fee` AS `status_fee`,`lp`.`status_spp` AS `status_spp`,`lp`.`deskripsi` AS `deskripsi`,`lp`.`id_kelas_p` AS `id_kelas_p`,`lp`.`hari_jadwal` AS `hari_jadwal`,`lp`.`jam_mulai` AS `jam_mulai`,`lp`.`jam_berakhir` AS `jam_berakhir`,`lp`.`harga_fee` AS `harga_fee`,`lp`.`harga_spp` AS `harga_spp`,`lp`.`id_mata_pelajaran` AS `id_mata_pelajaran`,`lp`.`nama_mata_pelajaran` AS `nama_mata_pelajaran` from `list_pertemuan` `lp` where `lp`.`status_pertemuan` = 'Selesai' order by `lp`.`id_pertemuan` desc limit 200 ;

-- --------------------------------------------------------

--
-- Struktur untuk view `list_pertemuan_spp`
--
DROP TABLE IF EXISTS `list_pertemuan_spp`;

CREATE ALGORITHM=UNDEFINED DEFINER=`bigstars`@`localhost` SQL SECURITY DEFINER VIEW `list_pertemuan_spp`  AS  select `pr`.`id_pertemuan` AS `id_pertemuan`,`pn`.`id_pengajar` AS `id_pengajar`,`pn`.`nama` AS `nama_pengajar`,`pn`.`username` AS `username`,`pn`.`foto` AS `foto`,`pr`.`hari` AS `hari_btn`,`pr`.`waktu_mulai` AS `waktu_mulai`,`pr`.`waktu_berakhir` AS `waktu_berakhir`,`pr`.`lokasi_mulai_la` AS `lokasi_mulai_la`,`pr`.`lokasi_mulai_lo` AS `lokasi_mulai_lo`,`pr`.`lokasi_berakhir_la` AS `lokasi_berakhir_la`,`pr`.`lokasi_berakhir_lo` AS `lokasi_berakhir_lo`,`pr`.`status_pertemuan` AS `status_pertemuan`,`pr`.`status_konfirmasi` AS `status_konfirmasi`,`pr`.`status_fee` AS `status_fee`,`pr`.`status_spp` AS `status_spp`,`pr`.`deskripsi` AS `deskripsi`,`kp`.`id_kelas_p` AS `id_kelas_p`,`kp`.`hari` AS `hari_jadwal`,`kp`.`jam_mulai` AS `jam_mulai`,`kp`.`jam_berakhir` AS `jam_berakhir`,`pr`.`harga_fee` AS `harga_fee`,`kp`.`harga_spp` AS `harga_spp`,`mp`.`id_mata_pelajaran` AS `id_mata_pelajaran`,`mp`.`nama` AS `nama_mata_pelajaran`,`wm`.`id_wali_murid` AS `id_wali_murid`,`wm`.`nama` AS `nama_wali_murid` from ((((((`pertemuan` `pr` join `pengajar` `pn` on(`pr`.`id_pengajar` = `pn`.`id_pengajar`)) join `kelas_pertemuan` `kp` on(`pr`.`id_kelas_p` = `kp`.`id_kelas_p`)) join `mata_pelajaran` `mp` on(`kp`.`id_mata_pelajaran` = `mp`.`id_mata_pelajaran`)) join `detail_pertemuan` `dp` on(`pr`.`id_pertemuan` = `dp`.`id_pertemuan`)) join `murid` `m` on(`dp`.`id_murid` = `m`.`id_murid`)) join `wali_murid` `wm` on(`m`.`id_wali_murid` = `wm`.`id_wali_murid`)) group by `pr`.`id_pertemuan`,`wm`.`id_wali_murid` ;

--
-- Indexes for dumped tables
--

--
-- Indeks untuk tabel `admin`
--
ALTER TABLE `admin`
  ADD PRIMARY KEY (`id_admin`);

--
-- Indeks untuk tabel `bayar_spp`
--
ALTER TABLE `bayar_spp`
  ADD PRIMARY KEY (`id_bayar_spp`);

--
-- Indeks untuk tabel `detail_bayar_spp`
--
ALTER TABLE `detail_bayar_spp`
  ADD PRIMARY KEY (`id_detail_bayar_spp`);

--
-- Indeks untuk tabel `detail_kelas_pertemuan`
--
ALTER TABLE `detail_kelas_pertemuan`
  ADD PRIMARY KEY (`id_detail_kelas_p`),
  ADD KEY `id_kelas_p` (`id_kelas_p`,`id_murid`);

--
-- Indeks untuk tabel `detail_penggajian`
--
ALTER TABLE `detail_penggajian`
  ADD PRIMARY KEY (`id_detail_penggajian`);

--
-- Indeks untuk tabel `detail_pertemuan`
--
ALTER TABLE `detail_pertemuan`
  ADD PRIMARY KEY (`id_detail_pertemuan`),
  ADD KEY `id_pertemuan` (`id_pertemuan`),
  ADD KEY `id_murid` (`id_murid`);

--
-- Indeks untuk tabel `kelas_pertemuan`
--
ALTER TABLE `kelas_pertemuan`
  ADD PRIMARY KEY (`id_kelas_p`),
  ADD KEY `id_pengajar` (`id_pengajar`,`id_mata_pelajaran`);

--
-- Indeks untuk tabel `mata_pelajaran`
--
ALTER TABLE `mata_pelajaran`
  ADD PRIMARY KEY (`id_mata_pelajaran`);

--
-- Indeks untuk tabel `murid`
--
ALTER TABLE `murid`
  ADD PRIMARY KEY (`id_murid`),
  ADD KEY `id_wali_murid` (`id_wali_murid`);

--
-- Indeks untuk tabel `pengajar`
--
ALTER TABLE `pengajar`
  ADD PRIMARY KEY (`id_pengajar`);

--
-- Indeks untuk tabel `penggajian`
--
ALTER TABLE `penggajian`
  ADD PRIMARY KEY (`id_penggajian`);

--
-- Indeks untuk tabel `pertemuan`
--
ALTER TABLE `pertemuan`
  ADD PRIMARY KEY (`id_pertemuan`);

--
-- Indeks untuk tabel `wali_murid`
--
ALTER TABLE `wali_murid`
  ADD PRIMARY KEY (`id_wali_murid`);

--
-- AUTO_INCREMENT untuk tabel yang dibuang
--

--
-- AUTO_INCREMENT untuk tabel `detail_bayar_spp`
--
ALTER TABLE `detail_bayar_spp`
  MODIFY `id_detail_bayar_spp` int(11) NOT NULL AUTO_INCREMENT, AUTO_INCREMENT=738;

--
-- AUTO_INCREMENT untuk tabel `detail_kelas_pertemuan`
--
ALTER TABLE `detail_kelas_pertemuan`
  MODIFY `id_detail_kelas_p` int(11) NOT NULL AUTO_INCREMENT, AUTO_INCREMENT=117;

--
-- AUTO_INCREMENT untuk tabel `detail_penggajian`
--
ALTER TABLE `detail_penggajian`
  MODIFY `id_detail_penggajian` int(11) NOT NULL AUTO_INCREMENT, AUTO_INCREMENT=647;

--
-- AUTO_INCREMENT untuk tabel `detail_pertemuan`
--
ALTER TABLE `detail_pertemuan`
  MODIFY `id_detail_pertemuan` int(11) NOT NULL AUTO_INCREMENT, AUTO_INCREMENT=832;

--
-- Ketidakleluasaan untuk tabel pelimpahan (Dumped Tables)
--

--
-- Ketidakleluasaan untuk tabel `detail_kelas_pertemuan`
--
ALTER TABLE `detail_kelas_pertemuan`
  ADD CONSTRAINT `detail_kelas_pertemuan_ibfk_1` FOREIGN KEY (`id_kelas_p`) REFERENCES `kelas_pertemuan` (`id_kelas_p`) ON DELETE CASCADE ON UPDATE CASCADE;

--
-- Ketidakleluasaan untuk tabel `detail_pertemuan`
--
ALTER TABLE `detail_pertemuan`
  ADD CONSTRAINT `detail_pertemuan_ibfk_1` FOREIGN KEY (`id_pertemuan`) REFERENCES `pertemuan` (`id_pertemuan`) ON DELETE CASCADE ON UPDATE CASCADE;

--
-- Ketidakleluasaan untuk tabel `murid`
--
ALTER TABLE `murid`
  ADD CONSTRAINT `murid_ibfk_1` FOREIGN KEY (`id_wali_murid`) REFERENCES `wali_murid` (`id_wali_murid`) ON UPDATE CASCADE;
COMMIT;

/*!40101 SET CHARACTER_SET_CLIENT=@OLD_CHARACTER_SET_CLIENT */;
/*!40101 SET CHARACTER_SET_RESULTS=@OLD_CHARACTER_SET_RESULTS */;
/*!40101 SET COLLATION_CONNECTION=@OLD_COLLATION_CONNECTION */;
